tree
version=v4
num_class=1
num_tree_per_iteration=1
label_index=0
max_feature_idx=12
objective=binary sigmoid:1
feature_names=Column_0 Column_1 Column_2 Column_3 Column_4 Column_5 Column_6 Column_7 Column_8 Column_9 Column_10 Column_11 Column_12
feature_infos=[0:100] [0:100] [0:100] [0:100] [0:100] [0:100] [0:7] [0:1] [0:53] [0:1] [0:1] [1:10] [1:24]
tree_sizes=3348 3349 3359 3343 3361 3352 3366 3375 3374 3373 3376 3358 3377 3401 3385 3386 3393 3393 3395 3377 3380 3387 3394 3393 3390 3394 3386 3404 3392 3401 3395 3405 3403 3401 3388 3391 3403 3384 3392 3393 3409 3388 3396 3397 3392 3389 3386 3403 3407 3369 3403 3390 3388 3399 3397 3394 3397 3394 3425 3397 3425 3427 3419 3416 3427 3410 3435 3409 3423 3423 3431 3448 3433 3436 3445 3442 3425 3451 3445 3435 3447 3451 3432 3463 3456 3439 3445 3456 3470 3459 3480 3451 3454 3452 3467 3466 3447 3473 3474 3489 3481 3495 3501 3482 3484 3504 3504 3497 3485 3512 3489 3514 3501 3495 3498 3500 3511 3523 3510 3538 3526 3525 3512 3532 3516 3526 3517 3521 3542 3520 3538 3535 3521 3537 3532 3530 3534 3554 3536 3563 3566 3540 3551 3565 3553 3551 3555 3552 3558 3564

Tree=0
num_leaves=31
num_cat=0
split_feature=4 1 4 4 2 12 3 4 4 4 4 4 3 11 12 4 1 4 2 11 12 4 8 4 3 1 1 1 1 11
split_gain=12199.2 655.202 86.5238 76.519 48.23 91.4871 22.7824 68.0041 15.8326 7.65242 7.41148 1.99898 3.15844 1.82306 1.92211 1.53533 1.34091 0.501012 0.214258 0.1708 0.204959 0.170529 0.107604 0.00974912 0.20491 1.81899e-12 2.27374e-13 2.84217e-14 2.84217e-14 2.84217e-14
threshold=66.024884206702396 89.022757697456498 24.67444613563335 46.885775862068975 40.862708719851582 5.5000000000000009 90.002828054298661 1.0000000180025095e-35 46.885775862068975 90.21082117057351 72.281323877068573 1.0000000180025095e-35 82.696216575415704 5.5000000000000009 2.5000000000000004 69.183285849952526 70.678733031674213 34.656167979002632 43.534002229654412 4.5000000000000009 4.5000000000000009 63.686313686313689 6.5000000000000009 52.419984387197509 83.798003072196636 73.401360544217695 70.678733031674213 55.470085470085479 72.281323877068573 3.5000000000000004
decision_type=2 2 2 2 2 2 2 2 2 2 2 2 2 2 2 2 2 2 2 2 2 2 2 2 2 2 2 2 2 2
left_child=1 6 19 17 5 10 11 22 -9 -7 -2 12 16 -14 -15 -6 -1 -4 -17 29 -21 23 -8 -13 27 26 -20 -25 -28 -3
right_child=4 2 3 -5 15 9 7 8 -10 -11 -12 21 13 14 -16 18 -18 -19 25 20 -22 -23 -24 24 -26 -27 28 -29 -30 -31
leaf_value=-0.671134880960088 -0.671134880960088 -0.3268030962095721 -0.63834137765051502 -0.35329015657499635 -0.36812291037963396 -0.43159972635103344 -0.43010263163472684 -0.671134880960088 -0.51618557782235586 -0.32680309620957204 -0.54201046167864453 -0.671134880960088 -0.59461670657108445 -0.60852910191453957 -0.671134880960088 -0.34401968544709782 -0.63140429041195156 -0.67113488096008789 -0.32680309620957204 -0.34593263980682298 -0.32680309620957204 -0.6573616095700674 -0.41288604239720106 -0.671134880960088 -0.65391829172256222 -0.32680309620957204 -0.3268030962095721 -0.671134880960088 -0.32680309620957204 -0.3268030962095721
leaf_weight=54.366170614957809 5.8083515614271146 12.778373435139656 4.8790153115987795 9.0610284358262998 5.8083515614271155 5.3436834365129462 4.6466812491416913 46.002144366502762 4.6466812491416922 26.95075124502182 5.5760174989700317 1728.1007565557957 6.2730196863412884 5.1113493740558615 8.1316921859979612 4.6466812491416922 6.0406856238842002 7.6670240610837936 143.11778247356415 8.3640262484550458 6.2730196863412848 5.8083515614271155 4.6466812491416931 82.943260297179222 4.6466812491416922 884.03110764920712 13.707709684967996 9.5256965607404691 7.6670240610837928 11.616703122854233
leaf_count=234 25 55 21 39 25 23 20 198 20 116 24 7438 27 22 35 20 26 33 616 36 27 25 20 357 20 3805 59 41 33 50
internal_value=-0.544735 -0.661014 -0.402002 -0.53044 -0.330503 -0.412886 -0.668984 -0.620419 -0.656919 -0.344144 -0.60789 -0.670507 -0.658122 -0.630143 -0.646971 -0.327105 -0.667162 -0.658382 -0.326879 -0.330902 -0.337734 -0.671047 -0.421494 -0.671091 -0.670311 -0.326803 -0.326803 -0.671135 -0.326803 -0.326803
internal_weight=3134.19 2031.53 60.6392 21.6071 1102.66 43.6788 1970.89 59.9422 50.6488 32.2944 11.3844 1910.95 79.9229 19.5161 13.243 1058.98 60.4069 12.546 1053.17 39.0321 14.637 1831.02 9.29336 1825.22 97.1156 1048.52 164.493 92.469 21.3747 24.3951
internal_count=13490 8744 261 93 4746 188 8483 258 218 139 49 8225 344 84 57 4558 260 54 4533 168 63 7881 40 7856 418 4513 708 398 92 105
is_linear=0
shrinkage=1


Tree=1
num_leaves=31
num_cat=0
split_feature=4 1 4 4 2 4 4 1 12 4 12 4 1 2 12 8 11 1 4 5 1 9 4 11 9 4 11 2 4 4
split_gain=10137.3 571.318 67.2386 64.2436 35.9238 72.9562 17.1977 40.0576 19.5428 7.70187 4.59947 2.75269 4.78188 1.23241 1.01075 1.00591 0.900244 0.588558 0.566863 0.417817 1.42278 0.284417 0.135595 0.127421 0.319129 0.0814968 0.0747726 0.108973 0.0135716 0.124533
threshold=66.024884206702396 89.022757697456498 24.67444613563335 49.844720496894418 40.862708719851582 78.142959770114956 1.0000000180025095e-35 73.765182186234838 2.5000000000000004 91.922957440198829 3.5000000000000004 61.651583710407245 37.248718959400875 44.300144300144304 1.5000000000000002 4.5000000000000009 4.5000000000000009 56.294014084507047 95.270054330457029 53.907203907203915 51.66852057842047 1.0000000180025095e-35 59.75518734139424 4.5000000000000009 1.0000000180025095e-35 69.183285849952526 4.5000000000000009 58.123167155425222 52.419984387197509 52.843665768194079
decision_type=2 2 2 2 2 2 2 2 2 2 2 2 2 2 2 2 2 2 2 2 2 2 2 2 2 2 2 2 2 2
left_child=1 6 23 16 5 -2 7 10 -9 -7 14 19 -13 -6 21 -16 -4 -17 -11 22 -21 26 28 -3 -25 -15 27 -1 -8 -30
right_child=4 2 3 -5 13 9 11 8 -10 18 -12 12 -14 25 15 17 -18 -19 -20 20 -22 -23 -24 24 -26 -27 -28 -29 29 -31
leaf_value=-0.10449169841988244 -0.087677062969836864 0.19092227160261682 -0.080437067102658397 0.18446841510547005 0.15608384204160794 0.093781015253099245 -0.12089777062359644 -0.050959931019268233 0.16021920381932014 0.16167875646110175 -0.040489361218674386 -0.12120776970180309 -0.017542410268913369 0.18121182867616825 -0.12148005536876967 -0.10358079084354652 -0.12299046532046301 -0.066701269010093198 0.1916941598410383 -0.12091156158975526 -0.069754396287326687 -0.10384213395945248 -0.10965878392428889 0.1687769091462866 0.19202232879040018 0.19092227160261682 -0.12113024046258745 -0.12188312455447753 -0.10976975139003797 -0.12092186033745637
leaf_weight=4.7192634046077711 8.8819319605827314 25.561413019895554 7.6660861074924487 8.482550308108328 6.5555792152881613 7.1196196675300589 1706.5968208312988 5.483845651149748 5.7402623444795609 4.8360205292701748 6.4844956398010245 7.6291871666908246 4.5439820885658264 5.5595145523548117 5.844700604677203 4.4926136285066587 5.4394035786390305 7.2206883132457733 24.067940801382065 14.999388933181764 4.5302873849868766 9.200038328766821 6.9515681564807883 6.8024325370788548 8.5065267384052277 1097.4366656541824 33.185673460364342 4.5088583379983902 7.1651777923107138 60.674000471830368
leaf_count=21 39 105 34 35 27 30 7624 24 24 20 28 34 20 23 26 20 24 32 99 67 20 41 31 28 35 4508 148 20 32 271
internal_value=-0.000275708 -0.110934 0.127139 0.0129299 0.187829 0.117681 -0.11876 -0.0839904 0.0570418 0.168313 -0.104913 -0.120426 -0.0825117 0.190668 -0.110953 -0.0943725 -0.0980988 -0.0808463 0.186672 -0.120682 -0.109045 -0.116593 -0.12081 0.187465 0.181693 0.190873 -0.119359 -0.112989 -0.120854 -0.119744
internal_weight=3116.89 1962.43 62.4584 21.588 1154.46 44.9055 1899.97 86.8804 11.2241 36.0236 75.6563 1813.09 12.1732 1109.55 69.1718 17.558 13.1055 11.7133 28.904 1800.92 19.5297 51.6138 1781.39 40.8704 15.309 1103 42.4138 9.22812 1774.44 67.8392
internal_count=13490 8744 261 93 4746 188 8483 384 48 149 336 8099 54 4558 308 78 58 52 119 8045 87 230 7958 168 63 4531 189 41 7927 303
is_linear=0
shrinkage=0.08


Tree=2
num_leaves=31
num_cat=0
split_feature=4 1 4 4 2 12 3 4 4 4 4 4 3 1 2 4 5 8 4 8 2 9 12 4 3 2 3 4 2 9
split_gain=8595.98 502.797 54.2318 54.5569 28.512 62.2974 20.3979 52.2395 14.3559 5.8247 4.23932 1.80468 2.91781 2.42728 1.48469 1.09351 0.524921 0.170311 0.147468 0.107252 0.097551 0.0750434 0.0868123 0.00916666 0.00831391 0.223018 0.00321222 0.0015065 0.000484071 0.000465183
threshold=66.024884206702396 89.022757697456498 24.67444613563335 46.885775862068975 40.862708719851582 5.5000000000000009 90.002828054298661 1.0000000180025095e-35 46.885775862068975 72.281323877068573 90.21082117057351 1.0000000180025095e-35 85.548589341692818 69.631093544137045 69.309262166405034 69.183285849952526 32.947860962566857 18.500000000000004 63.686313686313689 6.5000000000000009 43.534002229654412 1.0000000180025095e-35 4.5000000000000009 95.270054330457029 86.478835978835988 55.036231884057983 82.696216575415704 61.651583710407245 46.73758865248228 1.0000000180025095e-35
decision_type=2 2 2 2 2 2 2 2 2 2 2 2 2 2 2 2 2 2 2 2 2 2 2 2 2 2 2 2 2 2
left_child=1 6 21 16 5 9 11 19 -9 -2 -7 12 13 17 -14 -6 -4 26 24 -8 -17 22 -3 -12 27 -26 29 -13 -22 -1
right_child=4 2 3 -5 15 10 7 8 -10 -11 23 18 14 -15 -16 20 -18 -19 -20 -21 28 -23 -24 -25 25 -27 -28 -29 -30 -31
leaf_value=-0.11635552934034971 -0.11745778637374991 0.16156897822464877 -0.082765262221502184 0.15290533993524447 0.13789338018792857 0.095836993713965715 0.093839582266532814 -0.11623385472564172 0.032787149181473692 -0.0013397337245179687 0.17535192861352589 -0.11624089020168332 -0.028473807311263265 -0.067575387701661063 -0.090699172702999931 0.1603987929963191 -0.11745585672878267 -0.10123204261160894 -0.10300437990589373 0.1106722431002722 0.17241562121163825 0.1719883349002343 0.17235050014057207 0.17157290596114552 -0.097653084962206357 -0.1162638148330781 -0.1184316861806179 -0.11763195851236118 0.1716436227710495 -0.11699498975391573
leaf_weight=36.733311280608177 5.4301083087921125 14.170010000467302 4.5727657973766345 9.6378360539674741 6.194492667913436 5.5433984845876685 4.8469547480344755 42.481951028108597 4.5836883485317221 5.6325554251670837 4.9610714018344906 1573.873809710145 4.4105873405933362 7.7277650088071814 5.532061293721199 4.9561086297035208 7.1667147278785706 4.9848303645849219 5.438475936651229 4.8433772921562195 5.2225293517112723 20.400142416357994 7.212598890066146 23.890806198120117 4.2933708131313315 102.58790355920792 6.1340734213590613 4.9983745515346518 1117.8322718143463 9.0805803686380369
leaf_count=171 25 57 21 39 25 23 20 198 20 24 20 7335 20 35 25 20 33 23 25 20 21 82 29 96 20 478 28 23 4492 42
internal_value=-0.000453203 -0.106412 0.115493 0.0118555 0.168924 0.106799 -0.114102 -0.066895 -0.101721 -0.0583363 0.159912 -0.115619 -0.103443 -0.109647 -0.0630958 0.171414 -0.103943 -0.115357 -0.116157 0.102253 0.171598 0.168517 0.165206 0.172223 -0.116199 -0.115516 -0.116712 -0.116245 0.171647 -0.116482
internal_weight=3065.37 1885.71 63.1601 21.3773 1179.66 45.4579 1822.55 56.756 47.0656 11.0627 34.3953 1765.8 74.6032 64.6606 9.94265 1134.21 11.7395 56.9328 1691.19 9.69033 1128.01 41.7828 21.3826 28.8519 1685.75 106.881 51.948 1578.87 1123.05 45.8139
internal_count=13490 8744 261 93 4746 188 8483 258 218 49 139 8225 344 299 45 4558 54 264 7881 40 4533 168 86 116 7856 498 241 7358 4513 213
is_linear=0
shrinkage=0.08


Tree=3
num_leaves=31
num_cat=0
split_feature=4 1 4 4 0 4 3 4 4 4 3 11 4 0 3 11 3 3 4 12 5 11 12 8 0 4 0 4 5 1
split_gain=7394.63 445.539 44.8913 46.6883 24.4111 57.2024 19.1387 45.7153 13.1069 3.84315 4.63685 2.5846 1.79201 11.6167 1.0611 0.901077 0.250624 0.41097 0.148289 0.145257 0.506769 0.114732 0.146762 0.0869017 0.0820388 0.0377358 0.0252483 0.201673 0.0150469 0.0104065
threshold=66.024884206702396 89.022757697456498 24.67444613563335 49.844720496894418 44.256120527306976 78.142959770114956 90.002828054298661 1.0000000180025095e-35 46.885775862068975 93.444300429770124 53.050602697780128 6.5000000000000009 1.0000000180025095e-35 89.897959183673478 86.478835978835988 4.5000000000000009 82.696216575415704 84.5100531652256 63.686313686313689 1.5000000000000002 76.67919799498749 4.5000000000000009 4.5000000000000009 6.5000000000000009 23.13266443701227 69.183285849952526 99.450549450549474 43.503836317135558 79.388422035480872 70.678733031674213
decision_type=2 2 2 2 2 2 2 2 2 2 2 2 2 2 2 2 2 2 2 2 2 2 2 2 2 2 2 2 2 2
left_child=1 6 21 15 5 11 12 23 -9 10 -7 -2 13 14 16 -4 29 -18 26 20 -6 -3 -23 -8 -11 -21 -14 -28 -26 -1
right_child=4 2 3 -5 19 9 7 8 -10 24 -12 -13 18 -15 -16 -17 17 -19 -20 25 -22 22 -24 -25 28 -27 27 -29 -30 -31
leaf_value=-0.1125319173930521 -0.037330560503723298 0.15745808410783613 -0.071622643474825859 0.15214007113890429 0.1291453586349107 0.048374376990521023 0.085112755304566814 -0.11225781044549807 0.029876374580740998 0.14929609831649068 0.15294961649317218 -0.12045356922228871 -0.11226908278037055 0.02490999343972379 -0.074868571079040672 -0.11568813525826328 -0.083156986422257037 -0.11637614171682902 -0.09872636529272992 0.1640191178675531 0.15939446674071917 0.14213270185529162 0.15773900095203883 0.10015378681019926 0.162729200099065 0.15721864383421569 -0.11230339863458173 -0.093890797291875036 0.15782901136021862 -0.11646868812138558
leaf_weight=47.058482259511948 5.3533548116683942 26.242984160780907 7.2052620649337786 8.7494456022977811 5.2361096292734173 5.3932622820138914 4.9133365452289564 40.546831905841827 4.6259737163782111 7.4802037179470089 5.4615455269813538 4.3307644575834274 1572.1251031011343 4.5187913030385962 5.7906305044889441 5.0524922907352448 5.0623433738946897 4.5041822046041489 5.2288434505462638 5.2468475997447959 10.972239330410956 8.9993589520454389 6.7484011799097052 4.9202757626771927 5.2258778810501125 1112.630547940731 32.579485163092613 4.3108808994293204 17.244835779070854 4.7292619943618766
leaf_count=229 24 105 34 35 21 22 20 198 20 30 22 20 7676 21 27 24 24 21 25 21 44 36 27 20 21 4452 159 21 69 22
internal_value=-0.000573497 -0.102549 0.106453 0.0109757 0.154718 0.10029 -0.110112 -0.0636747 -0.0977024 0.141773 0.100991 -0.0745034 -0.111627 -0.0992485 -0.107604 -0.0897859 -0.110694 -0.0987975 -0.112177 0.157142 0.149622 0.154219 0.14882 0.0926386 0.156553 0.157251 -0.112221 -0.110152 0.158969 -0.112891
internal_weight=2988.49 1803.91 62.9979 21.0072 1184.58 50.4898 1740.91 55.0064 45.1728 40.8057 10.8548 9.68412 1685.91 71.6637 67.1449 12.2578 61.3543 9.56653 1614.24 1134.09 16.2083 41.9907 15.7478 9.83361 29.9509 1117.88 1609.02 36.8904 22.4707 51.7877
internal_count=13490 8744 261 93 4746 208 8483 258 218 164 44 44 8225 344 323 58 296 45 7881 4538 65 168 63 40 120 4473 7856 180 90 251
is_linear=0
shrinkage=0.08


Tree=4
num_leaves=31
num_cat=0
split_feature=4 3 4 4 0 12 3 4 4 4 4 4 0 3 2 3 2 5 2 4 2 12 8 12 0 4 9 12 4 2
split_gain=6429.61 380.107 70.5896 55.8551 20.9152 49.5337 10.6155 21.6386 8.90337 4.51106 2.53033 2.03655 12.355 1.04258 0.348429 0.258441 0.517733 0.256992 0.164901 0.151235 0.146639 0.136749 0.488787 0.0951206 0.0255468 0.198516 0.0244999 0.0348551 0.0230662 0.012033
threshold=66.024884206702396 93.578227931488826 24.67444613563335 49.844720496894418 44.256120527306976 5.5000000000000009 90.002828054298661 1.0000000180025095e-35 46.885775862068975 72.281323877068573 89.769754055468354 1.0000000180025095e-35 89.897959183673478 86.478835978835988 99.450549450549474 82.696216575415704 57.338551859099816 33.908216869858265 85.053191489361708 63.686313686313689 91.476997578692519 1.5000000000000002 4.5000000000000009 3.5000000000000004 99.450549450549474 43.503836317135558 1.0000000180025095e-35 4.5000000000000009 69.183285849952526 44.300144300144304
decision_type=2 2 2 2 2 2 2 2 2 2 2 2 2 2 2 2 2 2 2 2 2 2 2 2 2 2 2 2 2 2
left_child=1 6 20 14 5 9 11 -8 -9 -2 -7 12 13 15 -4 -1 -17 -16 19 24 -3 22 -6 -22 -13 -26 27 -25 -23 -30
right_child=4 2 3 -5 21 10 7 8 -10 -11 -12 18 -14 -15 17 16 -18 -19 -20 -21 23 28 -24 26 25 -27 -28 -29 29 -31
leaf_value=-0.10938049200080073 -0.10174618341171289 0.15735875147903799 -0.1095776824885743 0.14548565858583717 0.14821626189950737 0.094904946389627695 0.056423579729440398 -0.10884679602782664 0.012113624421718379 -0.0022219735899362543 0.14694803612283169 -0.10884229021559089 0.029047774854353607 -0.071017983438558821 -0.072256533061189093 -0.074388209386263296 -0.1124572944228963 -0.098606670004666289 -0.094086648787784694 -0.094876446906477438 0.13272255162554783 0.15130919053476505 0.11841490627804896 0.13884628472991453 -0.10887124761947747 -0.09019682527686014 0.14636670790274375 0.14643757870598603 0.14872404384943036 0.14595962170260227
leaf_weight=49.276756927371025 5.7564550042152387 4.9785374701023093 8.8244955241680181 8.9217297434806806 10.898355871438982 7.4082827866077414 7.422369733452796 31.164960086345673 4.4506297409534445 5.9044193774461746 30.991513699293137 1491.1515788882971 4.8078510016202918 5.6232286542654029 4.0587065368890762 4.2708200365304929 4.92046058177948 5.6894050240516663 4.9263419061899176 5.0145777165889731 5.214803382754325 5.2326799482107154 5.2043281048536292 9.1826432943344098 30.593060478568077 4.1356783211231223 17.84282673895359 6.6918779909610739 10.171123087406157 1092.5460342913866
leaf_count=251 28 20 45 36 44 30 30 160 19 25 125 7656 22 27 20 21 24 28 25 25 21 21 21 37 157 21 72 27 41 4411
internal_value=-0.000657617 -0.0992138 0.0814899 -0.0190318 0.143651 0.0930552 -0.107045 -0.0678354 -0.0937312 -0.0513526 0.136908 -0.108096 -0.0946405 -0.103919 -0.098061 -0.107083 -0.0947681 -0.0876356 -0.1087 -0.108747 0.144431 0.145904 0.138585 0.142778 -0.108792 -0.106647 0.144333 0.142046 0.14601 0.145985
internal_weight=2893.28 1719.16 71.405 27.4943 1174.11 50.0607 1647.76 43.038 35.6156 11.6609 38.3998 1604.72 68.8991 64.0913 18.5726 58.468 9.19128 9.74811 1535.82 1530.89 43.9107 1124.05 16.1027 38.9322 1525.88 34.7287 33.7173 15.8745 1107.95 1102.72
internal_count=13490 8744 306 129 4746 208 8438 209 179 53 155 8229 345 323 93 296 45 48 7884 7859 177 4538 65 157 7834 178 136 64 4473 4452
is_linear=0
shrinkage=0.08


Tree=5
num_leaves=31
num_cat=0
split_feature=4 1 4 4 0 4 3 4 4 4 3 5 4 0 3 4 3 3 4 12 5 11 9 8 0 12 0 4 4 1
split_gain=5637.35 355.717 32.2747 36.1511 18.3639 42.7362 17.0278 35.5516 12.8194 3.20371 3.88743 2.40846 1.81349 9.76955 1.03503 0.573121 0.268474 0.398848 0.155957 0.134271 0.449155 0.117679 0.263423 0.0778091 0.0740008 0.0256492 0.0254853 0.199054 0.014648 0.00826655
threshold=66.024884206702396 89.022757697456498 24.67444613563335 46.885775862068975 44.256120527306976 78.142959770114956 90.002828054298661 1.0000000180025095e-35 47.285012285012293 93.444300429770124 53.050602697780128 57.247899159663866 1.0000000180025095e-35 89.897959183673478 86.478835978835988 34.656167979002632 82.696216575415704 84.5100531652256 63.686313686313689 1.5000000000000002 76.67919799498749 4.5000000000000009 1.0000000180025095e-35 6.5000000000000009 23.13266443701227 7.5000000000000009 99.450549450549474 43.503836317135558 69.183285849952526 70.087719298245631
decision_type=2 2 2 2 2 2 2 2 2 2 2 2 2 2 2 2 2 2 2 2 2 2 2 2 2 2 2 2 2 2
left_child=1 6 21 15 5 11 12 23 -9 10 -7 -2 13 14 16 -4 -1 -18 26 20 -6 -3 -23 -8 -11 -26 -14 -28 -21 -22
right_child=4 2 3 -5 19 9 7 8 -10 24 -12 -13 18 -15 -16 -17 17 -19 -20 28 29 22 -24 -25 25 -27 27 -29 -30 -31
leaf_value=-0.10633788655735193 -0.11273397953401539 0.13744054604352096 -0.069611164172377282 0.12263332562712558 0.11018120074637068 0.037752379776411889 0.070387789703422396 -0.10610171340433958 0.040856326813071928 0.12956967810659772 0.13354699131322439 -0.030662107087291057 -0.10586883681470628 0.020155731154256232 -0.067411145242183279 -0.10805203665201425 -0.075188810808751172 -0.10930505902034558 -0.091372207343581952 0.14129609419415404 0.14127403943878566 0.11691343917169703 0.13797324039472433 0.084537455698178901 0.14397915501252248 0.13740092079474417 -0.10590101845040625 -0.086796557717284881 0.13702271041652275 0.13682484337840761
leaf_weight=46.735723316669464 4.2271581143140775 25.540318623185158 4.0803725272417086 9.5262247920036298 5.1379880309104911 5.4252852350473386 4.9732243716716749 37.01166507601738 4.2334489971399298 7.3070385456085232 5.4194969534873962 4.9894866496324539 1417.2965902835131 4.6073516905307761 5.4571259915828696 6.337542861700058 4.6983062922954542 4.1130965799093246 4.7992311120033255 5.1580049246549597 5.1253404170274717 6.8594730347394917 8.5259732604026794 4.9757405519485474 4.881138667464259 17.023858219385147 29.376283332705498 3.9610994309186927 1081.6747685223818 5.584967315196991
leaf_count=251 21 105 21 39 21 22 20 200 18 30 22 23 7676 21 27 33 24 21 25 21 21 28 35 20 20 70 159 21 4452 23
internal_value=-0.000717744 -0.0963095 0.0934453 0.00999836 0.134801 0.0870182 -0.103656 -0.0582752 -0.0910178 0.122756 0.0856241 -0.0683039 -0.105183 -0.0921731 -0.100657 -0.0929959 -0.103923 -0.091114 -0.10577 0.136936 0.129626 0.134111 0.128584 0.0774644 0.136541 0.138867 -0.105817 -0.103631 0.137043 0.138954
internal_weight=2785.06 1633.11 60.8699 19.9441 1151.95 49.2735 1572.24 51.1941 41.2451 40.0568 10.8448 9.21664 1521.04 65.6116 61.0043 10.4179 55.5471 8.8114 1455.43 1102.68 15.8483 40.9258 15.3854 9.94896 29.212 21.905 1450.63 33.3374 1086.83 10.7103
internal_count=13490 8744 261 93 4746 208 8483 258 218 164 44 44 8225 344 323 54 296 45 7881 4538 65 168 63 40 120 90 7856 180 4473 44
is_linear=0
shrinkage=0.08


Tree=6
num_leaves=31
num_cat=0
split_feature=4 1 4 4 2 4 3 4 4 4 4 0 11 3 4 4 3 2 4 11 9 8 4 0 4 4 12 0 1 1
split_gain=4975.75 319.388 27.991 31.5294 16.8913 40.9475 16.1677 31.5235 13.9638 4.72407 1.84323 9.05414 1.23838 1.03558 0.568947 0.5614 0.280554 0.514784 0.162129 0.114006 0.248768 0.0665352 0.0646744 0.0262096 0.201418 0.0148154 0.0121156 0.00959819 0.00433196 0.00310374
threshold=66.024884206702396 89.022757697456498 24.67444613563335 46.885775862068975 44.300144300144304 78.142959770114956 90.002828054298661 1.0000000180025095e-35 48.304597701149433 89.769754055468354 1.0000000180025095e-35 89.897959183673478 6.5000000000000009 86.478835978835988 94.559548978153643 34.656167979002632 82.696216575415704 57.338551859099816 63.686313686313689 4.5000000000000009 1.0000000180025095e-35 6.5000000000000009 69.183285849952526 99.450549450549474 43.503836317135558 43.503836317135558 6.5000000000000009 44.256120527306976 70.678733031674213 41.060765718299969
decision_type=2 2 2 2 2 2 2 2 2 2 2 2 2 2 2 2 2 2 2 2 2 2 2 2 2 2 2 2 2 2
left_child=1 6 19 15 5 12 10 21 25 -7 11 13 -2 16 -11 -4 28 -18 23 -3 -21 -8 -6 -12 -25 -9 -16 -24 -1 -28
right_child=4 2 3 -5 22 9 7 8 -10 14 18 -13 -14 -15 26 -17 17 -19 -20 20 -22 -23 27 24 -26 -27 29 -29 -30 -31
leaf_value=-0.10342955501784845 -0.050014789556006849 0.13006535737918443 -0.066332015600493094 0.11467559641279877 0.12106490893979401 0.051868310563231365 0.064661437576486916 -0.10325225586726859 0.057453344445864432 0.1041250928256877 -0.10327014246707285 0.018409742730834438 -0.1114059716890487 -0.064011830300236466 0.13430734049461795 -0.10518057590244091 -0.066773265248714769 -0.10637639754646458 -0.088148732582303088 0.10980201129028321 0.13050295643405482 0.077740061067978983 0.1323692040660408 -0.10329834400644762 -0.08363559040047594 -0.10871195524724403 0.12978260204100439 0.12971772798925119 -0.10616468683692627 0.13207400207004213
leaf_weight=40.118599995970726 4.5745721608400327 24.856872260570526 3.9451754987239855 9.3781708478927595 5.5290055871009818 6.4398108571767798 4.9801658242940885 31.930597051978111 3.8059079498052588 6.0547107011079779 1339.8905325829983 4.6393638998270026 3.8920925259590149 5.2940076291561118 5.9568219631910351 6.0033856332302094 3.9641753733158094 4.4684351086616516 4.5855778604745856 6.7248665988445255 8.3018733263015747 4.9777284115552902 8.8104749321937543 27.772711500525478 3.7890626490116111 3.5328980237245551 18.205759882926944 1056.8273106068373 4.0832128375768653 4.7756313830614081
leaf_count=229 22 105 21 39 23 26 20 183 16 25 7676 21 20 27 25 33 21 24 25 28 35 20 37 159 21 19 77 4471 22 20
internal_value=-0.000761888 -0.0937616 0.08845 0.00943338 0.127575 0.082078 -0.101013 -0.0559307 -0.0881682 0.114838 -0.102556 -0.0891265 -0.0782361 -0.0977388 0.126426 -0.0897749 -0.101131 -0.0877589 -0.103166 0.12674 0.121239 0.0711991 0.129695 -0.103216 -0.100938 -0.103796 0.131092 0.12974 -0.103682 0.130259
internal_weight=2668.11 1547.04 59.2103 19.3267 1121.07 49.8994 1487.83 49.2273 39.2694 41.4327 1438.61 62.5678 8.46666 57.9284 34.9929 9.94856 52.6344 8.43261 1376.04 39.8836 15.0267 9.95789 1071.17 1371.45 31.5618 35.4635 28.9382 1065.64 44.2018 22.9814
internal_count=13490 8744 261 93 4746 215 8483 258 218 173 8225 344 42 323 147 54 296 45 7881 168 63 40 4531 7856 180 202 122 4508 251 97
is_linear=0
shrinkage=0.08


Tree=7
num_leaves=31
num_cat=0
split_feature=4 1 4 4 3 4 2 12 4 4 4 4 0 3 0 5 1 2 4 11 9 4 0 4 4 4 0 1 1 12
split_gain=4415.76 287.628 24.5112 27.6203 15.3948 28.0466 15.3376 36.769 12.7424 4.31366 2.60937 1.88234 8.96174 0.895423 0.970572 0.567673 0.37695 0.180395 0.169599 0.113327 0.241428 0.0719251 0.0272215 0.205678 0.0192833 0.0112379 0.00666413 0.00348894 0.00228024 0.00203276
threshold=66.024884206702396 89.022757697456498 24.67444613563335 46.885775862068975 90.002828054298661 1.0000000180025095e-35 44.300144300144304 5.5000000000000009 48.304597701149433 72.281323877068573 89.769754055468354 1.0000000180025095e-35 99.450549450549474 82.696216575415704 69.098143236074279 32.947860962566857 65.485893416927908 73.286384976525838 63.686313686313689 4.5000000000000009 1.0000000180025095e-35 69.183285849952526 99.450549450549474 43.503836317135558 95.058714103011297 43.503836317135558 44.256120527306976 65.485893416927908 41.060765718299969 1.5000000000000002
decision_type=2 2 2 2 2 2 2 2 2 2 2 2 2 2 2 2 2 2 2 2 2 2 2 2 2 2 2 2 2 2
left_child=1 4 19 15 11 -6 7 9 25 -2 -9 12 13 17 -15 -4 -16 27 22 -3 -21 -8 -13 -24 -12 -7 -23 -1 -26 -28
right_child=6 2 3 -5 5 8 21 10 -10 -11 24 18 -14 14 16 -17 -18 -19 -20 20 -22 26 23 -25 28 -27 29 -29 -30 -31
leaf_value=-0.10110633723024577 -0.10624177824100843 0.12396007872243248 -0.062848256605405467 0.10783422431986932 0.065626056556027698 -0.10097119835874756 0.11442049840257415 0.066943965471671932 0.052219098060951402 -0.0060043750839274502 0.12956942589062259 -0.10098696796771246 0.036693972425022342 -0.041895629000415997 -0.10520171741484881 -0.10279206931633587 -0.073525575122698417 -0.082560465461351373 -0.085154178700603503 0.10363821822403349 0.12432507716576899 0.12591436733506955 -0.10101182260714887 -0.08067024812951458 0.12367957200958092 -0.10585856929498139 0.12463412162381034 -0.10330617802254688 0.12563252261421395 0.12365608267855115
leaf_weight=33.692402318120003 4.8700785636901838 24.028258264064789 3.7967108041048068 9.1832232475280744 9.9398890584707242 30.114055797457695 5.3878057152032843 5.9169891178607932 3.8504073470830908 6.3048447519540787 4.7062063664197948 1263.6843900382519 3.5627384036779395 3.7979016900062552 4.8996406048536283 5.6891840100288391 4.7210992872714996 3.5454019308090201 4.375758320093154 6.5615185350179646 8.0283466279506683 8.532419875264166 26.193818435072902 3.6210342943668357 22.157469868659977 3.3455433994531623 13.786559075117109 5.3463068008422843 4.6249501109123221 1007.4902399927378
leaf_count=204 27 105 21 39 40 183 23 24 16 27 20 7676 16 21 27 33 25 20 25 28 35 37 159 21 97 19 60 31 20 4411
internal_value=-0.000794712 -0.0915107 0.0841992 0.00893701 -0.0986767 -0.0537869 0.121578 0.0776462 -0.0856001 -0.0496883 0.115687 -0.100239 -0.0863334 -0.09416 -0.0761394 -0.0868046 -0.0896576 -0.0998385 -0.100877 0.120583 0.115022 0.12364 -0.100931 -0.0985413 0.124847 -0.10146 0.123688 -0.101408 0.124017 0.123669
internal_weight=2545.76 1461.98 57.2872 18.6691 1404.69 47.2499 1083.78 48.5805 37.31 11.1749 37.4056 1357.44 59.5655 56.0028 13.4186 9.48589 9.62074 42.5841 1297.88 38.6181 14.5899 1035.2 1293.5 29.8149 31.4886 33.4596 1029.81 39.0387 26.7824 1021.28
internal_count=13490 8744 261 93 8483 258 4746 215 218 54 161 8225 344 328 73 54 52 255 7881 168 63 4531 7856 180 137 202 4508 235 117 4471
is_linear=0
shrinkage=0.08


Tree=8
num_leaves=31
num_cat=0
split_feature=4 1 4 4 2 12 0 4 4 4 4 11 3 11 1 4 4 3 0 1 4 3 11 9 4 4 4 0 0 4
split_gain=3936.46 260.334 29.6833 27.7166 14.0904 32.31 12.9729 29.8883 11.8594 4.00225 2.5907 1.04464 0.843411 3.86192 1.38941 0.297399 0.267545 1.07118 0.920208 0.375856 0.191409 0.179318 0.137905 0.340282 0.0798689 0.0359628 0.0132809 0.00859308 0.00471435 0.00197742
threshold=66.024884206702396 87.026647966339425 24.67444613563335 49.844720496894418 44.300144300144304 5.5000000000000009 99.450549450549474 23.670062252405213 47.491007194244609 72.281323877068573 89.769754055468354 4.5000000000000009 90.002828054298661 5.5000000000000009 71.503759398496257 31.051221961834617 1.0000000180025095e-35 82.696216575415704 69.098143236074279 65.485893416927908 63.686313686313689 96.492869875222837 4.5000000000000009 1.0000000180025095e-35 69.183285849952526 41.688948306595371 95.058714103011297 83.795948987246831 44.256120527306976 42.451059265218568
decision_type=2 2 2 2 2 2 2 2 2 2 2 2 2 2 2 2 2 2 2 2 2 2 2 2 2 2 2 2 2 2
left_child=1 6 21 11 5 9 12 -8 29 -2 -7 -4 16 14 -14 -15 17 27 -19 -20 -18 -3 -23 -24 -6 -17 -12 -1 -26 -9
right_child=4 2 3 -5 24 10 7 8 -10 -11 26 -13 13 15 -16 25 20 18 19 -21 -22 22 23 -25 28 -27 -28 -29 -30 -31
leaf_value=-0.099218901081319685 -0.10366674414389754 0.13172463568949658 -0.057568717744881807 0.11305275671880413 0.10868823784291816 0.061677942620288216 0.075093674247877884 -0.098982743599498074 0.067274210812359084 -0.0055287602226163617 0.12357343543860706 -0.1046085803633568 -0.08439120119618336 -0.12646356301460585 -0.021292402473831237 -0.098958335014006915 -0.098971074347592267 -0.039448366430304728 -0.10269081430975611 -0.07031127460239571 -0.081434917607593749 0.11878323427971953 0.092586649503193216 0.11916582739525865 0.12051385480064317 -0.10869125755924237 0.11888328981759173 -0.10351450785769659 0.11858935043090178 -0.10096362917448948
leaf_weight=36.682033449411392 4.6027026474475843 4.5547707974910727 6.677548289299013 7.9605730921030036 5.2248764485120764 5.9086730182170859 9.0375039428472501 32.239445894956589 2.9661818742752066 6.2996702343225479 4.5462899357080486 5.5183533430099487 3.4936918020248431 4.0673495829105404 6.1913067102432251 9.1377109140157682 1189.3089713305235 3.7143762558698645 4.6289568692445737 4.5491442233324051 3.9969655722379676 21.109383702278137 5.2337752580642682 7.5007256269454956 8.2145475894212705 3.3097026795148841 25.746067076921463 3.2440139949321738 981.44729237258434 3.5837503522634497
leaf_count=235 27 20 39 35 23 24 38 208 15 27 20 33 21 22 33 59 7676 21 27 25 24 96 23 34 37 19 117 19 4471 22
internal_value=-0.000819341 -0.0895082 0.0755545 -0.00306206 0.116529 0.0737746 -0.0968295 -0.0559261 -0.0864523 -0.0469601 0.110135 -0.0788531 -0.0983671 -0.084162 -0.0440542 -0.107683 -0.0986657 -0.093094 -0.0730452 -0.0866418 -0.0989123 0.116822 0.114817 0.108242 0.118553 -0.101546 0.119587 -0.0995679 0.118605 -0.0991809
internal_weight=2420.7 1378.71 58.5551 20.1565 1041.99 47.1034 1320.15 47.8269 38.7894 10.9024 36.201 12.1959 1272.32 26.1998 9.685 16.5148 1246.12 52.8185 12.8925 9.1781 1193.31 38.3987 33.8439 12.7345 994.887 12.4474 30.2924 39.926 989.662 35.8232
internal_count=13490 8744 280 107 4746 215 8464 283 245 54 161 72 8181 154 54 100 8027 327 73 52 7700 173 153 57 4531 78 137 254 4508 230
is_linear=0
shrinkage=0.08


Tree=9
num_leaves=31
num_cat=0
split_feature=4 1 4 4 2 12 3 4 4 4 4 4 0 3 2 8 5 4 4 3 3 12 4 0 4 4 0 0 12 8
split_gain=3522.22 235.688 26.2876 24.9133 13.1154 29.1285 12.7775 16.9795 14.3915 2.72208 2.65779 2.03196 8.88087 1.27464 1.04973 1.10168 0.727461 0.336818 0.182051 0.145354 0.135964 0.0579601 0.039412 0.0271188 0.192863 0.00942101 0.00647538 0.00628249 0.00186015 0.00167875
threshold=66.024884206702396 87.026647966339425 24.67444613563335 46.885775862068975 43.288288288288292 5.5000000000000009 90.478467908902715 1.0000000180025095e-35 50.753844988256695 89.769754055468354 72.281323877068573 1.0000000180025095e-35 99.450549450549474 82.696216575415704 71.897435897435912 7.5000000000000009 32.449982449982457 69.183285849952526 63.686313686313689 96.492869875222837 90.287087912087927 4.5000000000000009 43.085422864428402 99.450549450549474 43.503836317135558 95.058714103011297 83.795948987246831 44.256120527306976 1.5000000000000002 3.5000000000000004
decision_type=2 2 2 2 2 2 2 2 2 2 2 2 2 2 2 2 2 2 2 2 2 2 2 2 2 2 2 2 2 2
left_child=1 6 19 16 5 10 11 -8 22 -7 -2 12 13 26 15 -15 -4 -6 20 -3 23 -21 -9 -13 -25 -11 -1 -19 29 -29
right_child=4 2 3 -5 17 9 7 8 -10 25 -12 18 -14 14 -16 -17 -18 27 -20 21 -22 -23 -24 24 -26 -27 -28 28 -30 -31
leaf_value=-0.097404054385031857 -0.10027642303375375 0.12585610809199393 -0.054300316227478787 0.09790131615221212 0.094023824555173954 0.054290556902943682 0.056618090801748462 -0.097313278377863549 0.09714585862122134 0.11853127214374126 -0.016269249312118112 -0.097183032886282744 0.034556403054875451 -0.031146406898046805 -0.10621457016394943 -0.085697897900260597 -0.099012129482330236 0.11651677387776042 -0.079954484180693536 0.10782502705513648 -0.082217056212361403 0.11487705815189457 -0.10689790962437856 -0.09720249904320144 -0.076756097282589975 0.11448621934986522 -0.10124465855739866 0.11449267910035089 0.11426745762107095 0.11635495912765098
leaf_weight=34.466738015413284 4.11457611620426 4.3923925310373297 3.4287881553173083 8.658613592386244 5.2725014090538016 5.6627393662929526 7.8733163923025122 19.44309018552304 2.6872993409633628 4.3677915483713177 5.8189981728792191 1119.5464592278004 3.934808373451232 5.3969263434410077 3.5084805488586417 4.2234741896390915 7.2598177343606949 8.111242011189459 3.9901327341794959 20.836377769708633 3.9297467023134223 11.618014320731161 3.1972381025552741 23.158780440688137 3.3839538097381583 23.569881603121758 3.058969408273696 7.7864519506692869 927.36630113422871 5.144967332482338
leaf_count=235 26 20 21 39 24 23 32 133 11 20 25 7692 17 31 20 25 47 38 25 98 25 55 19 159 21 112 19 37 4417 24
internal_value=-0.00083766 -0.0877028 0.0725492 -0.00296191 0.112228 0.0692864 -0.0949546 -0.0459932 -0.0778908 0.104867 -0.0510658 -0.0962996 -0.0812176 -0.0902109 -0.068756 -0.0550952 -0.0846691 0.114188 -0.097013 0.112198 -0.0970722 0.11035 -0.0986668 -0.0971231 -0.0945958 0.115119 -0.0977171 0.1143 0.114281 0.115234
internal_weight=2295.21 1297.99 56.194 19.3472 997.215 43.534 1241.8 33.2009 25.3276 33.6004 9.93357 1208.6 54.5894 50.6546 13.1289 9.6204 10.6886 953.681 1154.01 36.8468 1150.02 32.4544 22.6403 1146.09 26.5427 27.9377 37.5257 948.409 940.298 12.9314
internal_count=13490 8744 280 107 4746 206 8464 195 163 155 51 8269 347 330 76 56 68 4540 7922 173 7897 153 152 7872 180 132 254 4516 4478 61
is_linear=0
shrinkage=0.08


Tree=10
num_leaves=31
num_cat=0
split_feature=4 2 4 6 0 4 4 2 4 4 8 12 4 0 11 12 11 4 4 2 9 2 11 11 9 4 4 2 5 2
split_gain=3161.93 202.572 19.6007 21.1024 15.0115 28.4171 13.3126 12.2811 26.0868 6.4755 5.10266 4.9251 1.79095 3.75289 1.86414 4.23339 1.43848 0.983433 0.60408 0.526082 0.308035 0.519569 0.150348 0.14004 0.302064 0.0913052 0.0903355 1.07949 0.01183 0.0149901
threshold=66.024884206702396 89.022757697456498 24.67444613563335 1.0000000180025095e-35 99.450549450549474 23.670062252405213 50.125628140703526 44.300144300144304 78.142959770114956 45.183384887317729 8.5000000000000018 5.5000000000000009 1.0000000180025095e-35 86.72955974842769 5.5000000000000009 1.5000000000000002 5.5000000000000009 89.769754055468354 63.686313686313689 74.133811230585437 1.0000000180025095e-35 59.207094418362026 3.5000000000000004 4.5000000000000009 1.0000000180025095e-35 69.183285849952526 55.059167663874497 68.496240601503771 53.907203907203915 50.944741532976828
decision_type=2 2 2 2 2 2 2 2 2 2 2 2 2 2 2 2 2 2 2 2 2 2 2 2 2 2 2 2 2 2
left_child=1 4 23 9 12 10 -7 8 16 -4 -6 -10 13 14 15 22 -2 -13 26 20 -16 -22 -1 -3 -25 -9 28 -28 -14 -30
right_child=7 2 3 -5 5 6 -8 25 11 -11 -12 17 18 -15 19 -17 -18 -19 -20 -21 21 -23 -24 24 -26 -27 27 -29 29 -31
leaf_value=-0.075070064648795246 -0.032592312038791149 0.11081701025729768 -0.098222654530995726 0.12856725953099296 0.12920030278367531 -0.095827300523530209 0.083687134037614117 0.099609855325034427 0.013242576184978577 0.034136815043700634 0.015498618866734639 0.071470639024983573 -0.095625827161248678 0.003160281876394434 -0.09658941577583878 0.010027446954258728 -0.10309807734153834 0.11131319548625576 -0.064820757641144339 -0.12163552378191284 -0.058385794347447728 -0.09782872412114639 -0.096835772695323272 0.086071847450972169 0.11107391626279361 0.11058468623357152 -0.095682963292173129 -0.042767123656514666 -0.095619417013513786 -0.10357705372994755
leaf_weight=3.0426594614982587 3.5382167845964423 20.674774929881096 8.2501283437013644 5.6311883032321921 4.8804426193237287 33.018635272979736 2.874028578400611 4.8777828514575949 4.172999143600463 3.316599339246749 5.2362979352474213 4.6285644024610511 1028.3856168240309 3.2443818598985663 22.422039821743965 3.8898952454328528 3.8859443962574005 27.651473507285118 4.1194355636835089 4.2630287557840338 4.1399933397769946 4.418664962053299 6.1093493402004242 5.5092851966619474 7.0502955764532089 901.8992218375206 30.551096796989441 2.684089168906211 3.4164190888404837 2.7221658080816269
leaf_count=21 18 103 55 27 21 240 14 23 17 16 22 19 7530 16 159 23 24 137 26 24 29 30 43 26 35 4508 223 18 25 18
internal_value=-0.000852007 -0.0860921 0.0708925 0.00156153 -0.0928622 -0.048074 -0.0814531 0.108525 0.0671896 -0.0602704 0.0703497 0.0950275 -0.0946965 -0.0801283 -0.0857246 -0.0598847 -0.0694963 0.1056 -0.0953969 -0.0952866 -0.091661 -0.0787494 -0.0895996 0.106769 0.100107 0.110526 -0.0955148 -0.0914095 -0.0956467 -0.0991482
internal_weight=2170.5 1219.85 50.4323 17.1979 1169.42 46.0094 35.8927 950.654 43.8772 11.5667 10.1167 36.453 1123.41 51.53 48.2856 13.0419 7.42416 32.28 1071.88 35.2437 30.9807 8.55866 9.15201 33.2344 12.5596 906.777 1067.76 33.2352 1034.52 6.13858
internal_count=13490 8744 262 98 8482 297 254 4746 215 71 43 173 8185 345 329 87 42 156 7840 242 218 59 64 164 61 4531 7814 241 7573 43
is_linear=0
shrinkage=0.08


Tree=11
num_leaves=31
num_cat=0
split_feature=4 1 4 6 3 11 2 4 4 4 4 11 5 4 3 11 11 12 1 5 3 3 4 4 3 11 12 4 4 8
split_gain=2846.12 194.739 20.984 20.3625 12.2769 17.0351 11.5599 23.1304 11.4192 7.99939 6.48227 2.96752 2.69579 1.90725 3.18303 2.10565 1.88659 1.83319 0.717047 0.685473 0.268473 0.229413 0.194257 0.154721 0.134075 0.16063 0.254237 0.101769 0.0275746 0.0200344
threshold=66.024884206702396 87.026647966339425 24.67444613563335 1.0000000180025095e-35 90.287087912087927 4.5000000000000009 44.300144300144304 81.165540540540562 26.71916010498688 46.690997566909978 45.485893416927901 5.5000000000000009 73.065407646245987 1.0000000180025095e-35 82.696216575415704 5.5000000000000009 5.5000000000000009 2.5000000000000004 70.678733031674213 28.136574074074076 45.487891737891751 93.694500180068971 63.686313686313689 94.174208144796395 96.492869875222837 4.5000000000000009 4.5000000000000009 69.183285849952526 41.614617682430087 15.500000000000002
decision_type=2 2 2 2 2 2 2 2 2 2 2 2 2 2 2 2 2 2 2 2 2 2 2 2 2 2 2 2 2 2
left_child=1 4 24 10 13 8 7 11 -6 -10 -4 -2 -9 14 18 -16 -7 -17 29 -18 -14 28 -15 -22 -3 -26 -27 -8 -21 -1
right_child=6 2 3 -5 5 16 27 12 9 -11 -12 -13 20 22 15 17 19 -19 -20 21 23 -23 -24 -25 25 26 -28 -29 -30 -31
leaf_value=-0.094357615674818276 -0.0020294032064509088 0.11851281639552301 -0.096262530178115396 0.12277054734759987 0.12154942321745271 -0.038363305733043855 0.095560804994325552 0.052984750330709429 -0.094651069858128295 0.070285856046101103 0.037190311832224564 -0.094781920408617243 0.090934057866292675 -0.094105416002417175 -0.005994785477904112 -0.027498024962934645 -0.12963965334286781 -0.09968220019879892 -0.057991504722209139 -0.09417362238924723 0.12393133787319885 -0.069854759604343744 -0.07564245701528706 0.10754188965777878 0.10761865696315401 0.084576896396322904 0.10878266073902912 0.10738298390909197 -0.10341991726529576 -0.1003927075302882
leaf_weight=26.555423945188526 4.2202277481555921 4.0555015355348578 8.9145048558712023 5.6375648230314246 5.045629531145094 3.8953962326049831 4.6856341212987891 7.571563407778739 4.9663694947957993 3.0301387757062912 3.1534685343503943 4.6290867179632187 5.1439909934997585 1006.7939645051956 5.2559769153594962 3.878133609890936 3.869744852185252 5.3688692301511765 3.7266699522733679 8.309858486056326 4.8074145019054422 2.5508124828338614 3.6604044735431662 15.808648869395256 18.31276793777943 6.1746446937322599 5.04683518409729 856.35046181082726 2.746441423892974 4.0583898425102225
leaf_count=206 21 20 64 28 21 26 23 36 38 13 15 28 25 7872 29 22 22 35 25 65 22 19 25 83 96 31 26 4508 18 28
internal_value=-0.000862829 -0.0846195 0.0677243 -0.0027521 -0.0917645 -0.0447402 0.105315 0.0644249 0.0273112 -0.0321511 -0.0613901 -0.0505484 0.0949496 -0.0932922 -0.0778525 -0.046427 -0.0887087 -0.0694086 -0.0911244 -0.0999302 0.107284 -0.091481 -0.0940385 0.111364 0.104873 0.103 0.0954634 0.107319 -0.0964704 -0.0951577
internal_weight=2048.22 1145.01 51.2953 17.7055 1093.71 34.4144 903.217 42.1809 13.0421 7.99651 12.068 8.84931 33.3316 1059.3 48.8435 14.503 21.3723 9.247 34.3405 17.4769 25.7601 13.6071 1010.45 20.6161 33.5897 29.5342 11.2215 861.036 11.0563 30.6138
internal_count=13490 8744 280 107 8464 222 4746 215 72 51 79 49 166 8242 345 86 150 57 259 124 130 102 7897 105 173 153 57 4531 83 234
is_linear=0
shrinkage=0.08


Tree=12
num_leaves=31
num_cat=0
split_feature=4 1 4 4 3 11 10 0 12 4 11 4 4 0 11 3 5 3 3 8 5 4 12 5 9 11 0 4 4 3
split_gain=2567.78 177.125 18.8251 18.4534 11.8845 15.3278 16.4375 11.1184 19.9506 9.0186 3.07517 2.20553 2.01925 6.20228 1.67942 1.63369 0.554394 0.350411 0.487795 0.245487 0.224425 0.207523 0.170169 0.602358 0.13123 0.310196 0.0323 0.241389 0.0230279 0.0133928
threshold=66.024884206702396 87.026647966339425 24.67444613563335 52.843665768194079 90.287087912087927 5.5000000000000009 1.0000000180025095e-35 44.256120527306976 5.5000000000000009 49.193338537600845 5.5000000000000009 89.769754055468354 1.0000000180025095e-35 99.450549450549474 4.5000000000000009 86.478835978835988 28.136574074074076 82.696216575415704 84.5100531652256 8.5000000000000018 38.608590441621295 63.686313686313689 1.5000000000000002 76.67919799498749 1.0000000180025095e-35 4.5000000000000009 99.450549450549474 43.963837580858865 41.688948306595371 89.247377622377641
decision_type=2 2 2 2 2 2 2 2 2 2 2 2 2 2 2 2 2 2 2 2 2 2 2 2 2 2 2 2 2 2
left_child=1 4 24 14 12 6 9 8 10 -6 -2 -10 13 15 20 17 -7 -1 -19 28 -4 26 23 -9 25 -3 -14 -28 -18 -25
right_child=7 2 3 -5 5 16 -8 22 11 -11 -12 -13 21 -15 -16 -17 19 18 -20 -21 -22 -23 -24 29 -26 -27 27 -29 -30 -31
leaf_value=-0.093508598168371815 0.0024010588275082917 0.10483946447554043 -0.050295032814772461 0.10924919317416193 -0.093968983493803102 -0.12486703560544404 0.11856546384261836 0.069566385091169289 0.053306543843468487 0.071173340866228924 -0.088727177288491429 0.10522809040998643 -0.092898497922262374 0.023507949744388842 -0.10011540121107759 -0.041128734591799568 -0.092942730422479983 -0.05318343661290055 -0.096989628080042897 -0.066699295842242559 -0.018994240230454346 -0.073265626772298628 0.10462440676125939 0.1110687299045348 0.10693413351662459 0.081645768128587357 -0.092931698887752101 -0.067386196093489045 -0.10177671595302128 0.10454313287828829
leaf_weight=31.131109766662121 5.1117930114269239 10.483734399080278 3.3981399387121218 6.04682333767414 7.6368722915649432 3.7030899003148106 5.8922594636678687 3.9781412780284873 6.8027274757623699 2.9278131276369095 4.4185124486684799 22.734140545129776 919.69054941833019 3.7135121971368781 4.8601409122347832 4.9602799117565146 7.9099423289298993 3.5672112554311743 2.9908285066485405 2.4072384536266318 2.578389510512352 3.4841202348470679 804.70330840349197 3.7755299955606443 15.745762482285501 5.6952229142189017 19.282801106572155 2.6987142115831366 2.4808181822299957 4.3113952279090881
leaf_count=254 25 58 24 31 61 22 25 21 30 12 28 125 7692 16 35 30 66 24 21 19 17 25 4473 20 86 29 161 19 17 24
internal_value=-0.000870963 -0.0832898 0.0656039 -0.00271558 -0.0903834 -0.0431229 0.0115071 0.102489 0.0607961 -0.0482027 -0.0398485 0.0932699 -0.0919544 -0.0756539 -0.0651915 -0.0842879 -0.0976067 -0.0899681 -0.0731615 -0.0897189 -0.0367913 -0.092754 0.104483 0.0950525 0.101735 0.096675 -0.0928261 -0.0897954 -0.0950519 0.10759
internal_weight=1929.12 1073.29 48.8082 16.8835 1024.48 32.958 16.4569 855.836 39.0672 10.5647 9.53031 29.5369 991.519 46.3629 10.8367 42.6494 16.5011 37.6891 6.55804 12.798 5.97653 945.156 816.768 12.0651 31.9247 16.179 941.672 21.9815 10.3908 8.08693
internal_count=13490 8744 280 107 8464 222 98 4746 208 73 53 155 8242 345 76 329 124 299 45 102 41 7897 4538 65 173 87 7872 180 83 44
is_linear=0
shrinkage=0.08


Tree=13
num_leaves=31
num_cat=0
split_feature=4 1 4 6 0 4 4 2 12 4 4 9 4 11 12 4 4 9 2 2 11 11 9 1 4 5 12 1 4 0
split_gain=2321.62 161.441 16.9924 17.2955 11.2964 18.1719 11.3266 10.8508 19.3917 5.78276 2.84776 2.22404 1.11454 2.47734 4.69575 0.635719 0.376935 0.346355 0.756567 0.166211 0.149421 0.13712 0.31258 0.102714 0.206055 0.0703953 0.228308 0.0117935 0.0454042 0.00529432
threshold=66.024884206702396 87.026647966339425 24.67444613563335 1.0000000180025095e-35 99.450549450549474 23.670062252405213 50.926243567753012 43.288288288288292 5.5000000000000009 49.193338537600845 89.769754055468354 1.0000000180025095e-35 1.0000000180025095e-35 5.5000000000000009 1.5000000000000002 63.686313686313689 69.183285849952526 1.0000000180025095e-35 59.207094418362026 75.768872320596472 3.5000000000000004 4.5000000000000009 1.0000000180025095e-35 82.446311858076569 39.446201015617525 54.623154623154626 2.5000000000000004 78.319623971797895 42.815854665565652 44.256120527306976
decision_type=2 2 2 2 2 2 2 2 2 2 2 2 2 2 2 2 2 2 2 2 2 2 2 2 2 2 2 2 2 2
left_child=1 4 21 9 12 -6 -7 8 11 -4 -10 -2 13 14 20 23 -9 19 -19 -15 -1 -3 -23 25 -25 27 -27 -14 -29 -18
right_child=7 2 3 -5 5 6 -8 16 10 -11 -12 -13 15 17 -16 -17 29 18 -20 -21 -22 22 -24 24 -26 26 -28 28 -30 -31
leaf_value=-0.069704271798831333 -0.078841755903007751 0.10335759915261741 -0.093945759693086481 0.11761774201222133 0.054767800235450248 -0.092054770978193048 0.087910136640194023 0.078925531445116687 0.038687615744552109 0.038284225453662828 0.10287618682753868 0.0015059967752880064 -0.091771247217448906 -0.09266944715967497 0.018184048492944253 -0.058185098661482824 0.10441297438824186 -0.048248448355891739 -0.096880777673976987 -0.11207831053394365 -0.093251158794854863 0.078214773048783895 0.10400855743486849 -0.091977471311375528 -0.06215985353737704 -0.064337633312889622 -0.092871992446429394 -0.091810768631715459 -0.10428264326438851 0.10215278758654929
leaf_weight=2.6020030528306943 5.1448094323277456 18.122942030429844 8.1233580484986323 5.1987973898649207 8.7566967904567701 26.412965834140781 2.4454434961080542 4.4900180995464316 5.4897753596305874 2.8625696003437033 22.774976074695587 3.8583221957087517 847.23120252043009 19.216543994843963 4.4081847965717316 3.6464516073465338 6.6912297159433356 3.5248392969369906 4.8839543387293816 3.3102661073207846 5.1156872808933258 5.4784569144248945 6.664835587143898 4.2980016767978659 2.2648830339312553 2.5304752439260465 6.170962281525135 9.1866875737905485 2.3450259715318671 760.45022809505463
leaf_count=21 30 106 65 28 38 233 12 24 23 14 132 21 7583 165 26 26 38 29 37 20 43 29 38 38 19 21 54 82 17 4478
internal_value=-0.000876843 -0.0820869 0.063567 -0.00260078 -0.0891467 -0.0461749 -0.0768047 0.100001 0.05784 -0.059491 0.090409 -0.0444085 -0.0909023 -0.0783364 -0.0476878 -0.0915188 0.102037 -0.0903498 -0.0764948 -0.0955215 -0.0853124 0.0989499 0.0923717 -0.0916579 -0.0816873 -0.0917333 -0.0845739 -0.0918058 -0.094347 0.102173
internal_weight=1813.7 1004.8 46.451 16.1847 958.35 37.6151 28.8584 808.899 37.2679 10.9859 28.2648 9.00313 920.735 43.0615 12.1259 877.674 771.631 30.9356 8.40879 22.5268 7.71769 30.2662 12.1433 874.027 6.56288 867.464 8.70144 858.763 11.5317 767.141
internal_count=13490 8744 280 107 8464 283 245 4746 206 79 155 51 8181 341 90 7840 4540 251 66 185 64 173 67 7814 57 7757 75 7682 99 4516
is_linear=0
shrinkage=0.08


Tree=14
num_leaves=31
num_cat=0
split_feature=4 1 4 6 3 11 10 2 4 4 4 4 11 4 0 3 11 5 3 2 3 4 11 11 4 5 0 4 4 4
split_gain=2102.7 147.172 15.3305 15.4364 11.4451 13.5465 13.1844 10.4975 17.9394 9.28028 5.30463 3.71614 3.28911 2.13479 5.13668 1.71259 1.10618 0.438606 0.400435 0.64346 0.250451 0.224044 0.200472 0.145762 0.131741 0.077347 0.035335 0.29662 0.015924 0.00429609
threshold=66.024884206702396 87.026647966339425 24.67444613563335 1.0000000180025095e-35 90.287087912087927 5.5000000000000009 1.0000000180025095e-35 44.300144300144304 78.142959770114956 50.753844988256695 49.193338537600845 93.444300429770124 3.5000000000000004 1.0000000180025095e-35 99.450549450549474 86.478835978835988 5.5000000000000009 27.622890682318417 82.696216575415704 57.338551859099816 93.694500180068971 63.686313686313689 1.5000000000000002 4.5000000000000009 69.183285849952526 79.388422035480872 99.450549450549474 44.499449944994502 42.292057535959977 39.228096301811874
decision_type=2 2 2 2 2 2 2 2 2 2 2 2 2 2 2 2 2 2 2 2 2 2 2 2 2 2 2 2 2 2
left_child=1 4 23 10 13 6 9 8 16 29 -4 12 -10 14 15 18 -2 -7 -1 -20 28 26 -13 -3 -9 -24 -15 -28 -19 -6
right_child=7 2 3 -5 5 17 -8 24 11 -11 -12 22 -14 21 -16 -17 -18 20 19 -21 -22 -23 25 -25 -26 -27 27 -29 -30 -31
leaf_value=-0.091334312340964188 -0.031656741315705131 0.1011355390135503 -0.092700055594460359 0.11349264017678308 -0.091356388149358245 -0.11989752187124224 0.1105079880728492 0.085644202937851577 0.085300581638396947 0.082635741616428865 0.035738767628119977 0.083470733464260025 -0.011103914646788806 -0.090724855980413313 0.016863320445344311 -0.035490196159204915 -0.097067753658800562 -0.090776156536791663 -0.041535280037805392 -0.09418019940089617 -0.062281613709092291 -0.069433471733097121 0.11193329661461887 0.08950170857144156 0.10000782296679452 0.10033676283299892 -0.09078142642414655 -0.059336493181735318 -0.098874372517864073 -0.095682992605889083
leaf_weight=27.335913866758347 3.468214586377143 17.081987231969837 7.5954444557428342 4.9663240313529959 4.7819318473339099 3.2974219620227805 5.6453685313463202 4.1099975854158393 4.7358738481998461 2.6836148649454117 2.8228328227996826 3.8059730976820019 4.341188982129097 801.77925309538841 3.7843216061592093 4.666276976466178 3.1642929315567017 7.2170428186655027 2.9088594019412986 3.037511833012104 2.1658309921622267 3.1998055204749098 5.1768197566270855 11.554929062724112 721.3442939221859 12.73956350982189 17.155448645353321 2.1618362292647353 1.9804548397660253 2.1199294477701187
leaf_count=254 18 106 65 28 44 21 25 23 23 11 14 23 19 7692 16 30 24 69 21 24 19 25 29 67 4508 79 164 16 15 18
internal_value=-0.000881664 -0.0809705 0.0618382 -0.0025722 -0.0879875 -0.0393179 0.0135199 0.0977948 0.0564817 -0.0436012 -0.0578995 0.0821821 0.0391942 -0.0896673 -0.0720149 -0.0808781 -0.0628636 -0.0942104 -0.0872416 -0.0684272 -0.0867565 -0.0905611 0.100145 0.0964413 0.0999264 0.103688 -0.0906434 -0.0872624 -0.0925199 -0.0926853
internal_weight=1702.83 939.942 44.0215 15.3846 895.921 29.8916 15.2308 762.886 37.4319 9.58548 10.4183 30.7994 9.07706 866.029 41.7329 37.9486 6.63251 14.6608 33.2823 5.94637 11.3633 824.296 21.7224 28.6369 725.454 17.9164 821.097 19.3173 9.1975 6.90186
internal_count=13490 8744 280 107 8464 222 98 4746 215 73 79 173 42 8242 345 329 42 124 299 45 103 7897 131 173 4531 108 7872 180 84 62
is_linear=0
shrinkage=0.08


Tree=15
num_leaves=31
num_cat=0
split_feature=4 1 4 4 2 4 0 4 4 5 11 4 11 2 8 4 4 0 9 2 5 11 9 4 1 4 5 2 5 5
split_gain=1907.82 134.527 16.1338 14.8735 10.1228 16.169 9.73026 13.3155 10.8424 8.60973 1.79233 1.08013 1.97318 3.32015 1.04244 0.701584 0.667784 0.6416 0.382858 0.771829 0.337122 0.164928 0.344052 0.144785 0.134443 0.198579 0.132408 0.0985424 0.081452 0.24303
threshold=66.024884206702396 86.72955974842769 24.67444613563335 52.843665768194079 44.300144300144304 89.769754055468354 99.450549450549474 23.670062252405213 51.304742455184943 65.648320895522403 4.5000000000000009 1.0000000180025095e-35 5.5000000000000009 71.503759398496257 6.5000000000000009 94.559548978153643 63.686313686313689 67.2316384180791 1.0000000180025095e-35 59.207094418362026 36.630469841952483 4.5000000000000009 1.0000000180025095e-35 69.183285849952526 82.446311858076569 38.485427615862406 38.608590441621295 75.768872320596472 54.623154623154626 56.461100569259962
decision_type=2 2 2 2 2 2 2 2 2 2 2 2 2 2 2 2 2 2 2 2 2 2 2 2 2 2 2 2 2 2
left_child=1 6 21 10 5 9 11 -8 -9 14 26 12 13 17 -2 -7 24 -1 27 -20 -12 -3 -23 -6 28 -26 -4 -14 -13 -30
right_child=4 2 3 -5 23 15 7 8 -10 -11 20 16 18 -15 -16 -17 -18 -19 19 -21 -22 22 -24 -25 25 -27 -28 -29 29 -31
leaf_value=-0.050214377395762864 -0.114679127262362 0.099534930726920351 -0.041843604619913592 0.10248916054872421 0.082692276390187017 0.065294048331147783 0.042728952124315857 -0.090137808398182181 0.092624676065862208 0.049388651713020905 -0.079939048061414913 -0.089845491468437053 -0.090655181706416926 0.025270740427114659 -0.05010692541105146 0.10033993688012549 -0.054018201827272516 -0.095763346986620757 -0.042139492659798689 -0.094264638504379911 -0.12192792489864265 0.07133150827317454 0.099370109750495331 0.098103854094708731 -0.090018843565293424 -0.057304214282408249 -0.016242820967612787 -0.10640836553409498 -0.05988951783562068 -0.09092829964813362
leaf_weight=3.7977601215243322 3.3497659936547262 16.299099951982502 2.9696331396698934 5.2154229879379264 3.9238774925470343 4.5339410603046444 8.3341836184263212 23.189858615398411 2.2818822264671317 6.0178879201412201 2.9278395846486092 747.18958317488432 16.821238033473499 2.9652819558978081 3.0633136853575706 18.875937104225159 3.3762944415211669 4.1331780031323433 3.2040109634399405 4.2029079794883728 2.1025995761156082 5.0195744186639768 6.3366145044565201 678.27581523358822 2.8646174222230902 2.0282819867134094 2.2900468856096268 2.9936415031552306 2.3131846189498892 5.3449251055717468
leaf_count=35 23 107 24 31 23 25 37 234 11 27 27 7682 165 18 18 122 26 36 29 36 17 29 40 4508 29 19 17 20 22 53
internal_value=-0.000885473 -0.0799691 0.0577539 -0.00756807 0.095838 0.0543967 -0.0870876 -0.0450458 -0.0737651 -0.0193409 -0.0633492 -0.0888614 -0.0757189 -0.0469497 -0.0838351 0.0935524 -0.0895179 -0.073952 -0.0872346 -0.0717169 -0.0974894 0.0943781 0.0869767 0.0980152 -0.0896757 -0.0764575 -0.0306971 -0.0930352 -0.0897614 -0.0815528
internal_weight=1596.24 878.202 43.1608 15.5055 718.041 35.8408 835.041 33.8059 25.4717 12.431 10.2901 801.235 38.118 10.8962 6.41308 23.4099 763.117 7.93094 27.2218 7.40692 5.03044 27.6553 11.3562 682.2 759.741 4.8929 5.25968 19.8149 754.848 7.65811
internal_count=13490 8744 292 116 4746 215 8452 282 245 68 85 8170 339 89 41 147 7831 71 250 65 44 176 69 4531 7805 48 41 185 7757 75
is_linear=0
shrinkage=0.08


Tree=16
num_leaves=31
num_cat=0
split_feature=4 1 4 6 3 11 2 4 10 4 5 4 4 0 3 0 8 4 1 3 4 5 11 12 4 0 4 4 12 4
split_gain=1732.95 123.008 14.6116 14.0675 10.5275 12.0241 9.81538 14.6955 9.80189 8.06056 7.5381 7.16988 1.67389 3.15894 1.51776 1.12834 1.04163 0.740537 0.521289 0.376663 0.242882 0.223813 0.181739 0.209411 0.158438 0.0394758 0.324936 0.0350737 0.0316825 0.00978168
threshold=66.024884206702396 86.72955974842769 24.67444613563335 1.0000000180025095e-35 90.002828054298661 5.5000000000000009 44.300144300144304 89.769754055468354 1.0000000180025095e-35 50.753844988256695 65.648320895522403 52.419984387197509 1.0000000180025095e-35 99.450549450549474 82.696216575415704 69.098143236074279 7.5000000000000009 94.559548978153643 65.485893416927908 93.694500180068971 63.686313686313689 26.430687665679098 4.5000000000000009 4.5000000000000009 69.183285849952526 99.450549450549474 45.183384887317729 40.830698476573737 6.5000000000000009 43.085422864428402
decision_type=2 2 2 2 2 2 2 2 2 2 2 2 2 2 2 2 2 2 2 2 2 2 2 2 2 2 2 2 2 2
left_child=1 4 22 11 12 8 7 10 9 -6 16 27 13 14 -1 -16 -2 -9 -17 21 25 -7 -3 -24 -8 -14 -27 -4 -19 -23
right_child=6 2 3 -5 5 19 24 17 -10 -11 -12 -13 20 -15 15 18 -18 28 -20 -21 -22 29 23 -25 -26 26 -28 -29 -30 -31
leaf_value=-0.089566305530650772 -0.11145324910183244 0.097754914125940812 -0.090702863548758408 0.11002683808824688 -0.090602023619806571 -0.11572062457753544 0.079905466399953204 0.061847409634267374 0.095270776032384888 0.076377946746757366 0.045646708115049187 0.069322617711268061 -0.088954435486561179 7.1881283463903498e-05 -0.0085122727919541979 -0.092997313080962402 -0.045607382216930462 0.10485559904642416 -0.04733946207701089 -0.059337157203216889 -0.065840103922436083 -0.088958305506701849 0.075359617534803774 0.098214489122386117 0.096412268889129682 -0.089008492590658628 -0.054043431518790666 -0.10278769310333763 0.096688943181254053 -0.095495023209477128
leaf_weight=23.9491261318326 3.2539937794208509 15.308670699596407 6.0354055911302549 4.5395867973566046 6.0990497916936892 2.9409665986895552 3.7433418780565253 4.4089431315660503 5.6420798152685157 2.6558665782213211 5.9914221093058586 2.191803202033042 694.42884407192469 3.5862980186939231 2.7590335533022863 3.1375625878572464 2.9149246290326118 3.895821467041972 3.2666223719716072 2.036454811692237 2.9451643973588935 7.1505426689982396 6.627717047929762 4.1865331381559372 636.66140079498291 14.999439977109434 1.9186009988188732 2.0621980577707291 13.844000145792959 1.8426830843091009
leaf_count=254 24 107 59 28 63 20 23 25 26 11 27 12 7671 15 21 27 17 25 24 20 25 79 41 28 4508 165 15 17 97 16
internal_value=-0.000887927 -0.079002 0.0561429 -0.00728163 -0.0861033 -0.0382635 0.0940824 0.0523949 0.0130436 -0.0399475 -0.0182661 -0.059037 -0.0879104 -0.0712475 -0.0789719 -0.0512823 -0.0803399 0.0911898 -0.0697083 -0.0911364 -0.0887665 -0.0965627 0.0921466 0.0842075 0.0963158 -0.0888614 -0.0850433 -0.0937805 0.0984824 -0.0902977
internal_weight=1495.02 820.31 40.9519 14.829 779.358 28.3676 674.714 34.3091 14.397 8.75492 12.1603 10.2894 750.991 36.6986 33.1123 9.16322 6.16892 22.1488 6.40418 13.9706 714.292 11.9342 26.1229 10.8143 640.405 711.347 16.918 8.0976 17.7398 8.99323
internal_count=13490 8744 292 116 8452 235 4746 215 100 74 68 88 8217 341 326 72 41 147 51 135 7876 115 176 69 4531 7851 180 76 122 95
is_linear=0
shrinkage=0.08


Tree=17
num_leaves=31
num_cat=0
split_feature=4 3 4 4 2 12 4 0 4 3 4 2 4 11 9 3 4 0 3 3 4 5 2 11 9 5 3 0 4 8
split_gain=1576.47 111.525 15.3434 15.4693 9.55706 13.8859 7.69687 9.81122 3.19686 2.87345 2.61101 2.24886 1.62266 1.21721 1.83561 0.709323 1.6459 0.516825 0.474835 0.940956 0.422775 0.282199 0.231667 0.187027 0.442121 0.105814 0.311813 0.0376673 0.33628 0.0134339
threshold=66.024884206702396 93.578227931488826 24.67444613563335 52.843665768194079 43.288288288288292 5.5000000000000009 1.0000000180025095e-35 86.874487284659565 84.725822532402802 86.478835978835988 89.769754055468354 71.503759398496257 63.686313686313689 4.5000000000000009 1.0000000180025095e-35 91.452380952380977 45.341085271317837 28.320802005012535 82.696216575415704 84.389521100047446 69.183285849952526 36.630469841952483 86.425061425061429 4.5000000000000009 1.0000000180025095e-35 54.623154623154626 62.516569200779735 99.450549450549474 45.485893416927901 1.0000000180025095e-35
decision_type=2 2 2 2 2 2 2 2 2 2 2 2 2 2 2 2 2 2 2 2 2 2 2 2 2 2 2 2 2 2
left_child=1 6 23 13 5 8 7 9 17 18 -7 -9 15 14 -4 22 -17 -2 -1 -20 -6 -15 25 29 -25 27 -27 -8 -29 -3
right_child=4 2 3 -5 20 10 12 11 -10 -11 -12 -13 -14 21 -16 16 -18 -19 19 -21 -22 -23 -24 24 -26 26 -28 28 -30 -31
leaf_value=-0.088600632523979914 -0.051288092924345462 0.09492184572533223 -0.089965183891737854 0.10397723913737043 0.067998035872998464 0.03178903991053942 -0.088208933312485249 -0.019632606321371541 0.031313613495936879 -0.021711794450085652 0.095592266953448995 0.059950324084147751 -0.034527533146209266 -0.079816036822803776 0.0059384787215453327 -0.088260941672868631 -0.0048387509386068183 -0.1004432224808324 -0.023278405284190468 -0.092495642920878168 0.094914928596614365 -0.11809992915869864 -0.058446814145390269 0.062947724679599817 0.096990396350305416 -0.088381488227988594 -0.048807090955457655 -0.088251510504977038 -0.052427331003385404 0.10109698736933992
leaf_weight=21.880454897880558 2.7957113310694712 12.187221929430963 2.4328950420021993 5.012707293033599 3.7580362111330023 5.3240487128496197 646.32219709455967 4.4036073833703977 2.6766408830881119 5.8683721646666518 17.926169753074646 4.6957575231790543 3.6974149420857421 3.2026639953255653 2.6890788301825523 4.9016410782933226 2.1898622140288353 2.6824135407805443 2.2789698019623748 2.8028730824589729 597.90587417781353 2.0029009804129601 1.700842298567294 4.3891565203666669 5.5025537759065628 4.8020119443535796 1.7344657108187673 15.920344956219198 1.874424636363982 2.7665208578109732
leaf_count=251 18 92 25 32 24 23 7669 20 11 37 132 23 29 33 21 58 12 22 19 25 4516 18 18 28 39 56 18 188 15 18
internal_value=-0.000890403 -0.0781496 0.0515765 -0.011334 0.0925011 0.0494777 -0.0853394 -0.0520696 -0.0403447 -0.0724426 0.080982 0.0214364 -0.0873814 -0.0673029 -0.039615 -0.087669 -0.0625001 -0.0753573 -0.0834842 -0.0614549 0.0947468 -0.0945462 -0.0879345 0.0904191 0.081885 -0.0880093 -0.0778804 -0.088109 -0.0844779 0.0960643
internal_weight=1398.33 765.259 40.1857 15.3402 633.069 31.405 725.073 41.93 8.15477 32.8307 23.2502 9.09936 683.143 10.3275 5.12197 679.446 7.0915 5.47812 26.9623 5.08184 601.664 5.20556 672.354 24.8455 9.89171 670.653 6.53648 664.117 17.7948 14.9537
internal_count=13490 8744 306 129 4746 206 8438 375 51 332 155 43 8063 97 46 8034 70 40 295 44 4540 51 7964 177 67 7946 74 7872 203 110
is_linear=0
shrinkage=0.08


Tree=18
num_leaves=31
num_cat=0
split_feature=4 1 4 6 3 11 0 12 10 4 4 4 4 4 0 3 0 11 1 10 8 12 8 4 11 9 0 4 4 0
split_gain=1435.24 103.399 11.9646 12.1031 9.89803 10.7505 9.2477 11.4785 7.825 7.08527 5.9433 2.32318 2.29095 1.86052 2.94646 1.58181 1.10566 1.03118 0.517401 0.436113 0.309331 0.264697 0.828122 0.262977 0.207673 0.364463 0.0470805 0.383262 0.022155 0.0106783
threshold=66.024884206702396 86.72955974842769 24.67444613563335 1.0000000180025095e-35 90.002828054298661 5.5000000000000009 44.256120527306976 5.5000000000000009 1.0000000180025095e-35 50.753844988256695 52.419984387197509 89.769754055468354 84.016806722689083 1.0000000180025095e-35 99.450549450549474 82.696216575415704 69.098143236074279 6.5000000000000009 65.485893416927908 1.0000000180025095e-35 9.5000000000000018 1.5000000000000002 4.5000000000000009 63.686313686313689 4.5000000000000009 1.0000000180025095e-35 99.450549450549474 45.485893416927901 40.830698476573737 46.265328874024533
decision_type=2 2 2 2 2 2 2 2 2 2 2 2 2 2 2 2 2 2 2 2 2 2 2 2 2 2 2 2 2 2
left_child=1 4 24 10 13 8 7 12 9 -6 28 -9 17 14 15 -1 -17 -2 -18 20 -7 22 -8 26 -3 -26 -15 -28 -4 -23
right_child=6 2 3 -5 5 19 21 11 -10 -11 -12 -13 -14 23 -16 16 18 -19 -20 -21 -22 29 -24 -25 25 -27 27 -29 -30 -31
leaf_value=-0.088053698278420342 -0.03007475223810125 0.094828864821767764 -0.089206716490315599 0.10684596974891043 -0.089097889446601561 -0.088700588411660841 0.097037656307491033 0.035957523148244616 0.089142429615010926 0.07134412703119504 0.063391878643503777 0.094039981712429666 0.026908634240319609 -0.087501570261264358 0.00077054989595813097 -0.0043090985962003416 -0.091307930586451147 -0.1000176079169818 -0.043981573679622542 -0.12423213780100469 -0.050612416839863325 0.098713956309430057 0.044508743068894976 -0.062535442614164702 0.062497983305742279 0.093540349762801858 -0.087558550455738682 -0.047049914102448825 -0.099351250772914776 0.093574248909336577
leaf_weight=20.783391848206524 2.8039796799421328 13.458861969411375 5.3291337117552739 4.1473703682422629 5.3241825699806231 8.8568021953105873 5.746753513813017 6.1139337122440347 5.344689667224884 2.6326002031564713 2.0230958461761475 15.788887828588486 2.665205255150795 601.22786223888397 3.5780118852853766 2.6536296382546407 2.8134624511003494 2.5999128371477127 3.115664929151535 1.928378731012345 1.6132225319743163 2.5992442965507498 2.885081022977829 2.7361605465412131 4.4177520871162397 5.3544467091560364 13.080931209027765 1.6876436471939076 1.8582354709506033 551.97310385853052
leaf_count=254 19 107 59 28 63 108 44 30 26 11 12 125 12 7671 15 21 27 22 24 9 18 20 21 25 29 40 166 14 17 4453
internal_value=-0.000890588 -0.0772996 0.0536942 -0.00663542 -0.0843753 -0.0356785 0.0910777 0.0477774 0.0142755 -0.0360137 -0.0577348 0.0778269 -0.0337893 -0.0862957 -0.0677709 -0.0761221 -0.0472293 -0.0637256 -0.0664387 -0.0892711 -0.082832 0.093382 0.0794805 -0.087282 0.0883837 0.0795069 -0.087392 -0.0829295 -0.0918295 0.0935983
internal_weight=1307.14 713.966 36.5889 13.3578 677.377 25.6999 593.176 29.9719 13.3015 7.95678 9.21047 21.9028 8.0691 651.677 32.9442 29.3661 8.58276 5.40389 5.92913 12.3984 10.47 563.204 8.63183 618.733 23.2311 9.7722 615.996 14.7686 7.18737 554.572
internal_count=13490 8744 292 116 8452 235 4746 208 100 74 88 155 53 8217 341 326 72 41 51 135 126 4538 65 7876 176 69 7851 180 76 4473
is_linear=0
shrinkage=0.08


Tree=19
num_leaves=31
num_cat=0
split_feature=12 5 5 1 1 2 0 2 0 0 5 2 5 6 5 11 6 5 5 11 9 11 5 1 1 1 5 11 11 11
split_gain=1118.85 109.685 64.5858 42.2707 35.3815 5.72926 5.32717 7.94633 5.25651 4.37795 9.23517 3.6754 3.09791 5.80448 3.49183 3.00683 2.4849 2.6245 7.04148 1.86456 2.26151 1.7069 1.37707 2.36012 1.08522 0.958114 0.923644 0.906034 0.866201 0.719529
threshold=3.5000000000000004 60.391288298265046 46.563533301842234 81.557067271353006 87.026647966339425 45.773809523809533 94.826048171275659 70.65997130559542 88.675213675213698 38.16526610644258 62.771855010660992 92.031746031746039 22.82097649186257 1.0000000180025095e-35 40.329357549471403 4.5000000000000009 1.0000000180025095e-35 22.82097649186257 42.317867317867332 6.5000000000000009 1.0000000180025095e-35 2.5000000000000004 49.28556848336396 64.56575682382136 56.635220125786169 28.86904761904762 88.322510822510836 3.5000000000000004 3.5000000000000004 6.5000000000000009
decision_type=2 2 2 2 2 2 2 2 2 2 2 2 2 2 2 2 2 2 2 2 2 2 2 2 2 2 2 2 2 2
left_child=1 4 3 8 6 -3 11 19 21 10 28 22 -5 14 27 -10 17 -6 -19 20 24 -2 -1 29 -8 -12 -27 -14 -4 -24
right_child=2 5 9 12 16 -7 7 -9 15 -11 25 -13 13 -15 -16 -17 -18 18 -20 -21 -22 -23 23 -25 -26 26 -28 -29 -30 -31
leaf_value=-0.085642385230194476 -0.015219761454526871 -0.0099015142741716508 -0.0044831844936791621 0.089787081594743676 0.079399132032070607 0.08995420502655678 -0.092483896978707292 0.053852656472984019 0.053771580572762726 0.091871818077660913 0.099539940066061094 0.043741989058387533 -0.0076067381116378908 0.088266002114825742 0.059524401004537791 -0.053006190763617012 0.11696228436186605 -0.088488860166371031 0.093596426168070637 -0.091806795508523803 0.03607446207439409 -0.081679126192989518 -0.063930868680723715 -0.0065849058262544948 -0.019525982355094503 0.02621389966174641 0.09231053637203368 -0.07612127133609807 -0.076198150075148574 -0.092455997245469101
leaf_weight=555.1319477930665 2.7694285213947323 4.2845746427774456 1.796557374298575 18.946332901716232 4.3061260208487493 25.946465522050858 3.3935561478138032 4.2716939449310294 3.6576455757021895 485.59152086079121 9.1293784826993924 1.4273195043206204 2.1588877215981501 8.7404237389564496 3.249084435403347 3.1340305060148239 2.9049003198742858 2.9331063106656075 2.533101387321949 9.4725048765540105 1.9359403103590009 23.130155362188816 12.938265159726148 3.5805886611342421 2.1199529841542244 2.8941800668835631 2.5411039665341377 2.8873045220971107 2.6946324706077576 10.0597533211112
leaf_count=7541 30 24 17 154 32 224 42 36 27 4182 68 14 21 74 29 32 22 31 21 110 19 284 159 37 20 19 22 34 33 132
internal_value=-0.000891801 -0.0729798 0.0804906 0.00770262 -0.0802695 0.0758019 -0.0830442 -0.0436453 -0.0581454 0.0903957 0.0527815 -0.0844761 0.0675284 0.0427734 -0.00516048 0.0044988 0.0519994 0.0326887 -0.00410852 -0.0682572 -0.0383123 -0.0745727 -0.0847907 -0.0670019 -0.0644315 0.0837078 0.0571154 -0.046809 -0.0475109 -0.0764083
internal_weight=1220.56 647.24 573.321 68.6733 617.009 30.231 604.332 21.1936 32.6913 504.647 19.0559 583.138 35.982 17.0357 8.29528 6.79168 12.6772 9.77233 5.46621 16.922 7.44945 25.8996 581.711 26.5786 5.51351 14.5647 5.43528 5.04619 4.49119 22.998
internal_count=13490 8464 5026 685 8216 248 8110 227 373 4341 159 7883 312 158 84 59 106 84 52 191 81 314 7869 328 62 109 41 55 50 291
is_linear=0
shrinkage=0.08


Tree=20
num_leaves=31
num_cat=0
split_feature=12 5 5 1 3 1 3 11 0 6 5 5 0 2 0 5 5 6 5 2 11 3 1 11 5 11 8 11 3 6
split_gain=1018.21 100.053 59.8039 39.3504 33.1658 9.28467 5.65757 5.21523 5.42478 4.15622 4.0745 9.1267 3.77304 5.51552 3.76984 7.69372 2.60494 5.46922 3.35809 1.85867 1.81667 3.14914 1.33988 1.33112 1.03225 1.84148 2.24516 0.841837 0.787154 0.660046
threshold=3.5000000000000004 60.391288298265046 47.087104072398198 81.557067271353006 91.726674409601259 87.026647966339425 63.831673200094265 5.5000000000000009 88.675213675213698 1.0000000180025095e-35 41.946762914504852 21.886405109489051 99.450549450549474 70.65997130559542 35.948717948717956 62.771855010660992 22.82097649186257 1.0000000180025095e-35 40.329357549471403 71.503759398496257 6.5000000000000009 85.641785706301846 28.86904761904762 2.5000000000000004 53.907203907203915 6.5000000000000009 7.5000000000000009 3.5000000000000004 90.773852584197428 1.5000000000000002
decision_type=2 2 2 2 2 2 2 2 2 2 2 2 2 2 2 2 2 2 2 2 2 2 2 2 2 2 2 2 2 2
left_child=1 4 3 7 5 12 -3 8 19 10 11 -6 24 20 15 -4 -5 18 27 23 21 -14 -17 -2 28 26 -26 -18 29 -1
right_child=2 6 14 16 9 -7 -8 -9 -10 -11 -12 -13 13 -15 -16 22 17 -19 -20 -21 -22 -23 -24 -25 25 -27 -28 -29 -30 -31
leaf_value=-0.085308890253280048 -0.022791589752145642 -0.0025018812272127821 -0.055983675740658843 0.088320945070842094 0.075555975142194129 0.082273479899617891 0.090458318867044002 -0.088484237319519113 0.046353840667839333 0.11590612089013322 0.092405215169077431 -0.086313783526900029 -0.091441113480303246 0.054716383556214193 0.090699045607060338 0.097599314769136358 -0.0070046745324280112 0.087261763811715951 0.05683562109831853 -0.0066558671222510411 -0.090518528303095702 0.014278023202035781 0.040384405433000946 -0.09686780298963571 -0.098732932921870978 -0.10054480741234806 0.012498489582499842 -0.073785423859508828 -0.033467916633122957 -0.049255302940268447
leaf_weight=525.20298695191741 2.1485232412815147 5.0986351519823101 3.384846679866313 17.768158607184887 4.0784960910677892 2.1781365722417823 23.51183021068573 15.695160672068594 4.9163867086172095 3.2929132506251326 3.1822185292839995 4.9166847839951515 3.4681539908051553 2.8379444479942313 453.93223388493061 8.5881970897316915 2.1569747403264063 9.3984683677554113 3.6630747318267822 3.5860283300280571 8.8636395931243879 3.7564926818013191 3.76925204694271 5.5967999920248985 1.7820544242858867 3.6630874648690224 3.3344464153051376 2.7462814599275589 1.8975612111389626 3.2700377181172362
leaf_count=7672 24 33 39 154 32 18 215 208 39 26 28 60 45 23 4182 68 21 85 33 38 110 36 28 73 20 49 34 34 21 42
internal_value=-0.000887487 -0.0721278 0.0792335 0.00892503 -0.0793842 -0.0825749 0.073892 -0.055595 -0.0238244 0.036166 0.0146033 -0.0129206 -0.0832183 -0.0481099 0.0893643 0.0508773 0.0666017 0.0451202 -0.00111498 -0.054273 -0.0662482 -0.0364719 0.0801477 -0.0763193 -0.0844507 -0.0572437 -0.0262429 -0.0444081 -0.0849011 -0.0850858
internal_weight=1141.69 604.335 537.35 67.6759 575.725 560.255 28.6105 31.9429 16.2477 15.4703 12.1774 8.99518 558.076 18.9262 469.675 15.7423 35.733 17.9648 8.56633 11.3314 16.0883 7.22465 12.3574 7.74532 539.15 8.77959 5.1165 4.90326 530.371 528.473
internal_count=13490 8464 5026 709 8216 8070 248 382 174 146 120 92 8052 214 4317 135 327 173 88 135 191 81 96 97 7838 103 54 55 7735 7714
is_linear=0
shrinkage=0.08


Tree=21
num_leaves=31
num_cat=0
split_feature=4 1 4 6 3 2 4 11 10 4 1 4 4 0 3 2 3 4 4 3 4 11 9 10 2 4 0 4 12 4
split_gain=1095.74 78.421 9.68548 9.25584 8.88188 8.76285 8.82393 8.58457 6.6261 8.91559 4.8954 4.67997 2.39436 2.8652 1.9508 1.2336 0.926674 0.834992 0.616821 0.363072 0.311134 0.263367 0.435293 0.161155 0.119689 0.0646783 0.0535095 0.46354 0.0423453 0.0147112
threshold=66.024884206702396 86.72955974842769 24.67444613563335 1.0000000180025095e-35 90.002828054298661 38.529014844804323 91.922957440198829 5.5000000000000009 1.0000000180025095e-35 55.059167663874497 28.86904761904762 52.419984387197509 1.0000000180025095e-35 99.450549450549474 82.696216575415704 58.397435897435898 87.877122877122886 69.183285849952526 95.270054330457029 93.694500180068971 63.686313686313689 4.5000000000000009 1.0000000180025095e-35 1.0000000180025095e-35 43.288288288288292 42.815854665565652 99.450549450549474 46.110630942091625 6.5000000000000009 40.830698476573737
decision_type=2 2 2 2 2 2 2 2 2 2 2 2 2 2 2 2 2 2 2 2 2 2 2 2 2 2 2 2 2 2
left_child=1 4 21 11 12 6 10 8 9 25 -2 29 13 14 -1 -16 -17 -7 -8 23 26 -3 -23 -9 -19 -6 -14 -28 -20 -4
right_child=5 2 3 -5 7 17 18 19 -10 -11 -12 -13 20 -15 15 16 -18 24 28 -21 -22 22 -24 -25 -26 -27 27 -29 -30 -31
leaf_value=-0.08622352606488104 0.027511278305033682 0.091476701427224721 -0.087535134352850902 0.097442773009449049 -0.086774889729876944 0.049924524182116792 0.049430391930099175 -0.087215620428807594 0.083820533418758544 0.10340550826711076 -0.085992567959547572 0.056222118384275828 -0.085811448360081075 0.006360984021402347 0.011110569330737972 -0.08994456940245503 -0.020456414413973108 0.07508988192387514 0.1024445490441722 -0.051031060850877018 -0.056786093808978214 0.05266356654841195 0.089502382947744014 -0.11439472843403659 0.09035995212214129 -0.10642386179570328 -0.086108775527542342 -0.037824093233899 0.090420017856599352 -0.096234815615946906
leaf_weight=16.730872884392745 6.4178528636693972 11.067633338272577 4.4790718667209131 3.6050627753138533 3.6536199077963847 3.309817560017108 2.5621685311198226 7.1698683574795705 4.9497251659631729 2.0854749083518982 3.9156648032367229 1.8112118840217588 484.03456182777882 3.4958357214927664 2.3457909226417533 2.7806562781333923 2.2000184059143066 3.3088683374226084 2.5073556229472143 1.5922169387340535 2.396870180964469 3.7924091517925245 4.4752692058682442 1.7338623255491254 457.58991065621376 1.5174560248851774 10.915651969611643 1.4403838515281666 7.4242276549339294 1.722375404089689
leaf_count=254 38 107 59 28 51 26 19 106 26 9 26 12 7671 15 23 30 19 28 20 20 25 29 40 9 4516 14 167 13 73 17
internal_value=-0.000885074 -0.0751739 0.0487186 -0.00901305 -0.0821585 0.0875832 0.0391925 -0.033165 0.0124528 -0.0362275 -0.0154986 -0.0569098 -0.0842717 -0.0613143 -0.0711484 -0.0367225 -0.0592509 0.0899628 0.0844272 -0.0862163 -0.0855399 0.083407 0.0726043 -0.0925083 0.0902503 -0.0925409 -0.0856787 -0.0804801 0.0934558 -0.0899514
internal_weight=1067.03 579.996 30.953 11.6177 549.043 487.036 22.8273 22.7022 12.2063 7.25655 10.3335 8.01266 526.341 27.5532 24.0573 7.32647 4.98067 464.209 12.4938 10.4959 498.787 19.3353 8.26768 8.90373 460.899 5.17108 496.391 12.356 9.93158 6.20145
internal_count=13490 8744 292 116 8452 4746 176 235 100 74 64 88 8217 341 326 72 49 4570 112 135 7876 176 69 115 4544 65 7851 180 93 76
is_linear=0
shrinkage=0.08


Tree=22
num_leaves=31
num_cat=0
split_feature=4 1 2 4 4 4 11 3 4 5 4 2 12 11 12 8 9 3 4 3 0 11 9 3 1 4 5 3 0 3
split_gain=1000.67 71.9484 8.86931 9.71175 8.77739 8.60578 9.49311 10.0005 8.06563 4.81228 2.36981 4.92756 1.5982 1.40302 1.06588 0.929423 0.891385 1.8057 0.498523 5.34184 0.727836 0.283998 0.427124 0.243986 0.490483 0.236101 0.216026 0.0226782 0.0177993 0.0167496
threshold=66.024884206702396 86.72955974842769 44.300144300144304 89.769754055468354 24.67444613563335 1.0000000180025095e-35 5.5000000000000009 86.076511723570562 52.843665768194079 65.648320895522403 61.651583710407245 59.207094418362026 1.5000000000000002 4.5000000000000009 5.5000000000000009 7.5000000000000009 1.0000000180025095e-35 82.940069840645307 52.419984387197509 89.855851644070455 79.118217054263582 4.5000000000000009 1.0000000180025095e-35 85.068655298376669 69.631093544137045 69.183285849952526 36.630469841952483 74.344014861256255 79.118217054263582 90.287087912087927
decision_type=2 2 2 2 2 2 2 2 2 2 2 2 2 2 2 2 2 2 2 2 2 2 2 2 2 2 2 2 2 2
left_child=1 5 3 9 21 6 7 12 13 15 18 -12 27 -6 -5 -2 23 -18 29 20 -20 -3 -23 24 28 -4 -15 -1 -8 -7
right_child=2 4 25 14 8 10 16 -9 -10 -11 11 -13 -14 26 -16 -17 17 -19 19 -21 -22 22 -24 -25 -26 -27 -28 -29 -30 -31
leaf_value=-0.085548498981508111 -0.10611359761058667 0.090516786974783367 0.066347548528900221 0.030670267270211528 -0.023725820392399236 -0.085348321776030592 -0.08580227697553465 0.077033759519753872 0.092517689705052239 0.034726409037170052 -0.087545467086609166 0.07716662982525431 0.0050781947712928458 -0.07587440803879536 0.090142758641018797 -0.038483992855709852 -0.086469856506460302 0.0080340054528740684 -0.085461728704243109 0.089955617472238458 -0.022007889104561418 0.050333723221048406 0.087704658703128754 -0.10426996074535932 -0.034969019447100444 0.089454702054584917 -0.1165458266867795 -0.09773307482409388 -0.096323703761854645 -0.088421434722288542
leaf_weight=2.8435547500848752 2.5929672308266163 10.320632800459867 2.8489379063248625 2.2493063956499109 4.0889853537082654 436.48193108662963 8.0779778100550192 6.9289070144295692 3.4434396848082542 5.5880865305662155 3.3318484537303439 1.7852530032396314 1.5428373366594312 1.9662514925003054 13.529321096837519 2.6091949865221977 3.2429403290152541 2.153077594935894 22.42555761337281 1.2128646224737156 1.2198353111743916 3.6562310904264441 4.2124432027339935 3.8033963032066813 1.3172946944832791 425.51162495464087 1.4537729956209657 1.4898169189691541 1.1792703606188286 11.653890825808046
leaf_count=47 24 107 23 10 41 7449 132 39 31 27 44 10 15 27 137 17 49 18 376 6 18 29 40 29 17 4508 17 15 15 173
internal_value=-0.000885318 -0.0745431 0.0865191 0.0416672 0.0477191 -0.0815198 -0.0417365 0.0119271 -0.00886147 -0.0168214 -0.0842307 -0.0300808 -0.0648431 -0.0553514 0.0816647 -0.0721933 -0.0764877 -0.0487617 -0.0848165 -0.0737891 -0.0821882 0.0817883 0.07034 -0.0868932 -0.0806432 0.089301 -0.0931629 -0.0897376 -0.0871426 -0.0854282
internal_weight=994.761 539.832 454.929 26.5689 29.1418 510.69 32.5791 12.8051 10.9524 10.7902 478.111 5.1171 5.87621 7.50901 15.7786 5.20216 19.774 5.39602 472.994 24.8583 23.6454 18.1893 7.86867 14.3779 10.5745 428.361 3.42002 4.33337 9.25725 448.136
internal_count=13490 8744 4746 215 292 8452 376 116 116 68 8076 54 77 85 147 41 260 67 8022 400 394 176 69 193 164 4531 44 62 147 7622
is_linear=0
shrinkage=0.08


Tree=23
num_leaves=31
num_cat=0
split_feature=4 1 2 4 4 11 4 6 12 5 4 4 2 12 1 8 9 11 4 1 4 11 9 4 1 1 12 1 8 5
split_gain=914.546 66.1473 8.69978 8.88208 8.50149 8.63842 7.99405 8.11363 5.61778 4.22168 3.89848 2.29414 4.41429 1.09913 1.07063 0.91254 0.87438 1.02573 0.500093 2.89525 0.444387 0.305512 0.418406 0.254284 0.241817 0.367303 0.111694 0.347399 0.0201394 0.0142083
threshold=66.024884206702396 86.72955974842769 44.300144300144304 89.769754055468354 1.0000000180025095e-35 5.5000000000000009 24.67444613563335 1.0000000180025095e-35 1.5000000000000002 65.648320895522403 52.419984387197509 61.651583710407245 59.207094418362026 5.5000000000000009 73.252032520325216 7.5000000000000009 1.0000000180025095e-35 8.5000000000000018 52.419984387197509 68.614072494669514 52.843665768194079 4.5000000000000009 1.0000000180025095e-35 69.183285849952526 56.635220125786169 46.986201888162675 2.5000000000000004 70.678733031674213 9.5000000000000018 50.685446009389672
decision_type=2 2 2 2 2 2 2 2 2 2 2 2 2 2 2 2 2 2 2 2 2 2 2 2 2 2 2 2 2 2
left_child=1 4 3 9 5 8 21 10 24 15 -8 18 -13 -5 -10 -2 26 -18 29 20 -20 -3 -23 -4 25 -1 27 28 -7 -6
right_child=2 6 23 13 11 16 7 -9 14 -11 -12 12 -14 -15 -16 -17 17 -19 19 -21 -22 22 -24 -25 -26 -27 -28 -29 -30 -31
leaf_value=-0.094065323050518082 -0.10425061438159552 0.089645495467151212 0.064095196970392176 0.028401797247194986 -0.08493138485755175 -0.0851836255902573 -0.088613977161075219 0.095314375051254854 0.030377219602439127 0.032142185942077829 0.051063376977201494 -0.086917037199430905 0.071105808441699073 0.089271199360090495 0.092501723673250602 -0.03592369762795003 -0.016198932582864384 -0.088207854124427068 -0.045374038302490496 0.018929218457210267 -0.085311029636343017 0.048058728663112484 0.085929409094636727 0.088645989697419547 -0.032611664945783075 -0.037617098322191171 -0.098081027329136344 -0.048964984632038029 -0.093356465861815327 -0.088941646040537226
leaf_weight=1.5895582363009473 2.4346386641263962 9.6159616410732323 2.7185479253530493 2.2352448254823694 410.00995827466249 5.2174510583281535 5.5160396359860879 3.3002028241753578 4.2589360550045967 5.5557616576552391 1.6648466289043424 3.0970150940120211 1.7825306579470632 12.606088019907473 3.0445648953318596 2.5730861127376556 2.966054067015647 2.2088162675499916 1.9652342051267684 2.0065031461417666 19.246784955263138 3.5283383429050437 3.9656613022089005 396.2338617965579 2.1459787636995316 1.3766795992851255 3.4333842918276778 1.7488157749176014 3.062196396291256 5.7333232350647441
leaf_count=21 24 107 23 10 7528 94 76 28 29 27 12 44 10 137 19 17 36 31 34 22 344 29 40 4508 26 21 33 21 45 94
internal_value=-0.000885812 -0.0739146 0.0855882 0.040196 -0.0809109 -0.0404435 0.0465054 -0.00851331 0.0112526 -0.0158729 -0.0562306 -0.0837422 -0.0291902 0.0801037 0.0562747 -0.0691426 -0.0748833 -0.0469349 -0.0843486 -0.0729225 -0.081611 0.0802084 0.0680991 0.0884787 -0.0530676 -0.0678668 -0.085627 -0.0813632 -0.0882063 -0.0849867
internal_weight=926.842 502.485 424.357 25.4048 474.894 31.0524 27.5911 10.4811 12.4157 10.5635 7.18089 443.841 4.87955 14.8413 7.3035 5.00772 18.6367 5.17487 438.962 23.2185 21.212 17.11 7.494 398.952 5.11222 2.96624 13.4618 10.0285 8.27965 415.743
internal_count=13490 8744 4746 215 8452 376 292 116 116 68 88 8076 54 147 48 41 260 67 8022 400 378 176 69 4531 68 42 193 160 139 7622
is_linear=0
shrinkage=0.08


Tree=24
num_leaves=31
num_cat=0
split_feature=12 5 5 1 3 1 2 11 10 5 3 6 2 5 5 5 9 11 9 1 5 6 5 5 1 1 8 11 5 8
split_gain=709.963 69.5085 43.3065 26.5872 23.8056 6.80887 5.31789 4.09975 3.54812 3.38757 3.98697 3.22635 3.2008 6.20894 3.01949 6.29869 2.63616 2.8111 2.53996 2.17769 1.944 3.83737 2.333 1.24989 1.3494 1.23562 1.17321 0.807961 0.886557 0.859987
threshold=3.5000000000000004 60.391288298265046 47.087104072398198 81.557067271353006 91.726674409601259 87.026647966339425 39.736842105263165 5.5000000000000009 1.0000000180025095e-35 1.0000000180025095e-35 82.696216575415704 1.0000000180025095e-35 38.529014844804323 62.771855010660992 41.946762914504852 21.886405109489051 1.0000000180025095e-35 5.5000000000000009 1.0000000180025095e-35 59.207094418362026 22.82097649186257 1.0000000180025095e-35 40.827011432845396 49.28556848336396 64.56575682382136 70.678733031674213 4.5000000000000009 6.5000000000000009 53.907203907203915 9.5000000000000018
decision_type=2 2 2 2 2 2 2 2 2 2 2 2 2 2 2 2 2 2 2 2 2 2 2 2 2 2 2 2 2 2
left_child=1 4 3 7 5 9 -3 8 18 10 25 14 13 -4 15 -6 17 -12 -2 -20 -5 22 -22 -11 27 -1 -15 28 -25 -30
right_child=2 6 12 20 11 -7 -8 -9 -10 23 16 -13 -14 26 -16 -17 -18 -19 19 -21 21 -23 -24 24 -26 -27 -28 -29 29 -31
leaf_value=-0.08601215682472764 -0.076394255133803851 -0.025425006077333619 -0.049904865931422231 0.083451709453821618 0.066858170658530225 0.076440572973264953 0.083357761266789523 -0.085676237327855953 0.055439682545326899 -0.083505900294868693 0.01398972092206221 0.11139187057530529 0.08726937577251874 0.040620448180571124 0.088808898423106991 -0.084429006522729375 0.052844640701162973 -0.094732195334772118 -0.05826499479096877 0.057410093380873717 -0.037976669057533968 0.08200386641203497 0.057838795345561848 -0.075938812057163976 -0.012254636772192525 -0.017536960421739887 0.093680418559884113 -0.092217131472255048 -0.067492728140393421 0.0084112272235819432
leaf_weight=12.809123307466509 6.0775195769965666 3.3822148367762592 3.1680044159293166 13.72193541377783 3.2687195762991887 1.7721443772315968 19.218619838356972 11.86075424402952 3.0087763965129843 374.462846390903 3.0943674147129041 2.6578801944851866 340.5939324349165 3.9992254525423041 2.4218912422657013 3.8191006891429424 2.9317588843405247 2.9953517131507397 1.9188920445740221 2.2782222926616669 4.2710671164095384 7.2002784907817841 2.6265495344996452 5.9871983043849522 2.8811671435832968 1.9422775246202935 8.006024166941641 7.0252950116991988 1.7776642665266993 2.0650607272982597
leaf_count=234 97 19 45 154 32 18 229 208 17 7391 22 26 4154 37 28 60 21 31 34 26 59 85 29 109 36 25 81 132 26 25
internal_value=-0.000885614 -0.0696854 0.0756203 0.00813019 -0.0768419 -0.0800396 0.0670784 -0.0514902 -0.0209655 -0.0807031 -0.0513754 0.03347 0.0856678 0.0497164 0.0116915 -0.0146593 -0.00948172 -0.0394874 -0.0433396 0.00452423 0.0620164 0.0411527 -0.00149101 -0.0824717 -0.0628499 -0.0769962 0.0760049 -0.0714985 -0.0566912 -0.0267023
internal_weight=863.244 454.513 408.731 52.964 431.912 419.744 22.6008 25.1442 13.2834 417.972 23.7729 12.1676 355.767 15.1733 9.50971 7.08782 9.02148 6.08972 10.2746 4.19711 27.8198 14.0979 6.89762 394.199 19.7364 14.7514 12.0052 16.8552 9.82992 3.84272
internal_count=13490 8464 5026 709 8216 8070 248 382 174 8052 333 146 4317 163 120 92 74 53 157 60 327 173 88 7719 328 259 118 292 160 51
is_linear=0
shrinkage=0.08


Tree=25
num_leaves=31
num_cat=0
split_feature=4 1 4 0 11 4 4 6 5 12 4 4 1 0 1 4 9 11 0 11 9 12 5 4 0 1 4 1 0 5
split_gain=767.938 55.2285 8.44471 8.17156 7.31327 7.18351 6.89484 6.72977 4.50333 4.43848 3.35114 2.13635 7.13977 1.20029 0.989342 0.870365 0.839124 0.980812 0.458345 0.360284 0.434011 0.354292 1.08747 0.274593 1.81391 0.513272 0.179442 0.122484 0.0714629 0.0385073
threshold=66.024884206702396 86.72955974842769 1.0000000180025095e-35 44.256120527306976 5.5000000000000009 93.444300429770124 24.67444613563335 1.0000000180025095e-35 65.648320895522403 1.5000000000000002 52.419984387197509 58.60162601626017 65.485893416927908 74.754901960784323 73.252032520325216 72.281323877068573 1.0000000180025095e-35 8.5000000000000018 28.320802005012535 4.5000000000000009 1.0000000180025095e-35 1.5000000000000002 73.065407646245987 52.419984387197509 82.097069597069606 65.485893416927908 95.672976908674869 70.678733031674213 83.935483870967758 79.388422035480872
decision_type=2 2 2 2 2 2 2 2 2 2 2 2 2 2 2 2 2 2 2 2 2 2 2 2 2 2 2 2 2 2
left_child=1 2 4 5 9 8 19 10 15 13 -8 23 -13 -1 -11 -2 27 -18 -10 -3 -21 22 -5 -4 25 -25 -7 28 -6 -28
right_child=3 6 11 21 16 26 7 -9 18 14 -12 12 -14 -15 -16 -17 17 -19 -20 20 -22 -23 -24 24 -26 -27 29 -29 -30 -31
leaf_value=-0.085702650026726682 -0.096682374450923841 0.08819729804066738 -0.084233444496108215 0.01992226774109929 -0.085065027007776364 0.063606756234060952 -0.087692025590953057 0.089304900017548136 0.055743872912497147 0.026176715334509264 0.046946474327758225 -0.085630042041905899 0.084950947989867368 -0.0046774994446660903 0.087267265990430193 -0.031085703581795403 -0.013826090454842718 -0.087274147423901313 0.01309186271263298 0.042118846216892242 0.082749806002258078 0.087314602889329102 0.091946065678150224 -0.08467808343291322 0.028503924217455071 -0.029328187712687699 0.099546401236440638 -0.068020692599775515 -0.10662936221453605 0.087312112145531723
leaf_weight=2.6160754561424273 2.3980608955025691 8.3822333812713641 358.05675265565515 2.0216145515441886 8.0821385607123393 1.9451896548271168 4.9520636424422246 3.0001607686281204 3.890811026096344 4.2355022057890892 1.5545396283268926 6.2664082907140237 2.0955137126147747 2.1169901750981808 2.8303276598453522 2.8132001832127571 2.8566550090908995 1.9633290134370325 2.7536973133683205 3.2187250629067412 3.5253946185112 341.28225503861904 3.9890054985880852 14.385159261524679 1.0415050648152817 1.1586058102548111 2.2409048825502378 2.5985749922692767 1.1198024600744236 6.2075170129537582
leaf_count=47 28 107 7622 18 158 18 76 28 21 29 12 113 13 21 19 18 36 31 21 29 40 4473 47 296 14 18 21 27 8 81
internal_value=-0.000881879 -0.0727861 -0.0797526 0.0839644 -0.0376768 0.0369643 0.0435689 -0.00981904 -0.00559733 0.0104891 -0.0555246 -0.0828747 -0.0428821 -0.049462 0.0506475 -0.0612713 -0.0718698 -0.0437438 0.0380675 0.0771227 0.0633581 0.0869755 0.0677216 -0.0837673 -0.073704 -0.0805524 0.0855134 -0.0833581 -0.0876892 0.0905572
internal_weight=805.599 436.056 411.423 369.542 28.4194 22.2494 24.6331 9.50676 11.8558 11.7989 6.5066 383.004 8.36192 4.73307 7.06583 5.21126 16.6205 4.81998 6.64451 15.1264 6.74412 347.293 6.01062 374.642 16.5853 15.5438 10.3936 11.8005 9.20194 8.44842
internal_count=13490 8744 8452 4746 376 208 292 116 88 116 88 8076 126 68 48 46 260 67 42 176 69 4538 65 7950 328 314 120 193 166 102
is_linear=0
shrinkage=0.08


Tree=26
num_leaves=31
num_cat=0
split_feature=4 1 4 0 11 4 4 6 4 5 12 4 1 0 1 4 9 1 8 0 12 4 11 9 5 4 4 4 1 4
split_gain=702.64 50.7449 8.40705 8.0931 6.6582 6.63177 6.24699 6.04947 5.45315 3.9204 3.86403 2.06293 6.43913 1.15589 0.923067 0.86696 0.836145 1.00781 0.558388 0.394632 0.384856 1.08685 0.383483 0.421048 0.301257 0.769255 0.195888 0.149558 0.138546 0.0692352
threshold=66.024884206702396 86.72955974842769 1.0000000180025095e-35 44.256120527306976 5.5000000000000009 93.444300429770124 24.67444613563335 1.0000000180025095e-35 52.843665768194079 65.648320895522403 1.5000000000000002 58.60162601626017 65.485893416927908 74.754901960784323 73.252032520325216 72.281323877068573 1.0000000180025095e-35 69.631093544137045 3.5000000000000004 28.320802005012535 1.5000000000000002 89.452289259734712 4.5000000000000009 1.0000000180025095e-35 53.907203907203915 55.059167663874497 95.672976908674869 42.635004821600781 70.678733031674213 52.419984387197509
decision_type=2 2 2 2 2 2 2 2 2 2 2 2 2 2 2 2 2 2 2 2 2 2 2 2 2 2 2 2 2 2
left_child=1 2 4 5 10 9 22 8 27 15 13 24 -13 -1 -12 -2 28 18 -18 -11 21 -5 -3 -24 29 -26 -7 -8 -6 -4
right_child=3 6 11 20 16 26 7 -9 -10 19 14 12 -14 -15 -16 -17 17 -19 -20 -21 -22 -23 23 -25 25 -27 -28 -29 -30 -31
leaf_value=-0.085244444580588108 -0.095471573949069591 0.087533366583722294 -0.083868899643997519 0.016321546017249368 -0.087059607567197411 0.060928819931445964 -0.085260105790181839 0.086407481527983096 0.092519103970987823 0.051870455155820928 0.023964825050560763 -0.085180254260712601 0.079034840395157832 -0.004313324904639637 0.083618229306939101 -0.028715483609101065 -0.022596842837512534 0.016240277383811744 -0.090842413111468207 0.012127637878134184 0.086704820579860634 0.090391075978065949 0.040042922933691341 0.080968324114453316 -0.089653589759566846 -0.017617530313268785 0.089726092835881524 -0.11767761978123961 -0.065596700469896976 -0.077856440446993552
leaf_weight=2.4273946061730403 2.2406202331185359 7.794075086712839 330.62175622582436 1.8998433127999295 8.5532210096716863 1.8713247701525668 3.6159234493970853 2.8585839346051216 1.2758290395140646 3.8486447259783745 4.25544223934412 5.8139264471828929 2.0731279104948044 2.112273782491684 2.7220640257000923 2.8022462800145149 1.2154426723718637 1.3566542416810987 2.0810788348317146 2.7356047108769417 317.16857235133648 3.8113222792744637 3.1189553663134575 3.3230636268854141 2.4298092052340503 1.5565014109015463 7.8681056499481201 1.2174921520054338 2.4838119074702254 12.729450780898331
leaf_count=47 28 107 7601 19 166 18 66 28 11 21 29 113 13 21 19 18 19 14 34 21 4473 46 29 40 43 24 102 11 27 282
internal_value=-0.000882056 -0.072221 -0.0791908 0.0831788 -0.0363317 0.0354955 0.0426511 -0.00964827 -0.0545938 -0.0052959 0.00986025 -0.0824735 -0.042016 -0.0475878 0.0472368 -0.0583762 -0.0702383 -0.0417957 -0.06568 0.0353582 0.0863342 0.0657515 0.0755963 0.061154 -0.0833921 -0.0615263 0.084193 -0.0934258 -0.0822295 -0.083646
internal_weight=749.882 405.636 382.432 344.246 27.2074 21.3665 23.2039 8.96783 6.10924 11.6271 11.5172 355.225 7.88705 4.53967 6.97751 5.04287 15.6902 4.65318 3.29652 6.58425 322.88 5.71117 14.2361 6.44202 347.338 3.98631 9.73943 4.83342 11.037 343.351
internal_count=13490 8744 8452 4746 376 208 292 116 88 88 116 8076 126 68 48 46 260 67 53 42 4538 65 176 69 7950 67 120 77 193 7883
is_linear=0
shrinkage=0.08


Tree=27
num_leaves=31
num_cat=0
split_feature=4 3 2 4 4 4 4 9 0 3 3 11 2 4 3 11 4 11 9 4 2 0 2 4 3 12 12 3 4 0
split_gain=643.097 46.419 8.45787 8.30629 6.54524 7.08011 6.3932 5.2243 4.98912 2.87078 2.29178 1.5927 1.5543 1.28553 6.75588 0.96293 0.909605 0.332957 0.615098 0.228888 0.203308 0.196886 0.108293 0.103057 0.776455 0.0967794 0.0220467 0.00990831 0.0497231 0.00219684
threshold=66.024884206702396 93.578227931488826 38.529014844804323 1.0000000180025095e-35 24.67444613563335 52.843665768194079 94.559548978153643 1.0000000180025095e-35 99.450549450549474 82.696216575415704 53.050602697780128 5.5000000000000009 61.633428300094984 55.059167663874497 87.646581359816665 4.5000000000000009 69.183285849952526 4.5000000000000009 1.0000000180025095e-35 36.12007168458782 87.609649122807028 85.41033434650457 43.288288288288292 52.419984387197509 80.986535686535703 3.5000000000000004 6.5000000000000009 90.287087912087927 47.285012285012293 44.256120527306976
decision_type=2 2 2 2 2 2 2 2 2 2 2 2 2 2 2 2 2 2 2 2 2 2 2 2 2 2 2 2 2 2
left_child=1 3 6 8 17 15 7 10 9 21 -2 -11 -13 20 -15 19 -4 -3 -19 -6 23 -1 -18 27 -25 -17 -8 -5 -29 -24
right_child=2 4 16 13 5 -7 26 -9 -10 11 -12 12 -14 14 -16 25 22 18 -20 -21 -22 -23 29 24 -26 -27 -28 28 -30 -31
leaf_value=-0.083916309598869226 -0.10009483166482813 0.086693451296621676 0.037242510483995461 -0.083512621111533014 -0.0066992652933467239 0.092580585487239797 0.096096823747760962 0.053645387391618227 0.028297389454814498 0.018435226230712178 -0.0021954160526853075 0.015420975556283056 -0.08208959877784619 -0.084140537002329388 0.062792498202516131 -0.10866046871654854 0.068980333448044662 0.03502407924631603 0.087362149152030902 -0.048777847161883603 -0.044419940604354578 -0.045769181088719371 0.088305236729667863 -0.083688919844216073 -0.0068135156204478407 -0.079648807114018713 0.086234484264602465 -0.083873796344456353 -0.10381004000316424 0.086121575673541811
leaf_weight=10.523856993764642 3.4890103638172167 7.5486147478222865 2.4681418053805819 299.31294462829828 1.5299375690519794 2.8533911220729351 2.0544646307826033 4.8480013720691204 6.0553352311253539 3.8678414896130544 2.7260619178414345 1.5452076233923433 3.2395681068301201 11.395966000854967 2.4297348819673052 1.2674663960933688 2.3715773932635775 2.8800798952579498 2.8683664351701736 1.8015361763536928 0.8609413281083097 0.94354130327701646 2.9783459976315489 6.8769526705145827 0.95799031853675831 1.7546676397323606 4.9358603283762932 5.8361081816256037 0.92797649651765812 294.68260172754526
leaf_count=243 25 110 26 7452 19 32 23 35 33 28 19 22 37 254 19 21 28 28 39 27 16 12 38 165 15 30 74 135 7 4478
internal_value=-0.000881557 -0.0716717 0.0824353 -0.0787391 0.0397456 -0.0121035 0.0292424 -0.00860013 -0.0353676 -0.0545283 -0.0571541 -0.0197399 -0.0505993 -0.082194 -0.0583185 -0.0591168 0.0856099 0.0756464 0.0611398 -0.0294538 -0.0832427 -0.0807776 0.0860078 -0.0833491 -0.0742892 -0.0918161 0.089133 -0.083581 -0.0866089 0.0861434
internal_weight=697.832 377.278 320.554 354.774 22.5041 9.207 18.0534 11.0631 26.1754 20.12 6.21507 8.65262 4.78478 328.599 13.8257 6.35361 302.501 13.2971 5.74845 3.33147 314.773 11.4674 300.033 313.912 7.83494 3.02213 6.99032 306.077 6.76408 297.661
internal_count=13490 8744 4746 8438 306 129 176 79 375 342 44 87 59 8063 273 97 4570 177 67 46 7790 255 4544 7774 180 51 97 7594 142 4516
is_linear=0
shrinkage=0.08


Tree=28
num_leaves=31
num_cat=0
split_feature=4 1 2 4 12 3 4 6 9 1 4 4 4 4 1 1 1 0 3 4 5 3 12 9 4 3 0 4 12 3
split_gain=588.392 43.2598 8.50112 8.28349 6.88625 5.41305 5.16662 5.35529 4.20024 3.25262 2.86135 2.52257 2.00392 1.92956 5.39825 1.20567 2.66055 0.45807 0.818654 0.357773 0.337472 0.853949 0.181199 0.296779 0.0800666 1.15262 0.0655581 0.0517674 0.0376567 0.00581087
threshold=66.024884206702396 86.72955974842769 44.300144300144304 1.0000000180025095e-35 6.5000000000000009 86.076511723570562 24.67444613563335 1.0000000180025095e-35 1.0000000180025095e-35 69.631093544137045 84.725822532402802 52.419984387197509 78.142959770114956 58.60162601626017 65.485893416927908 69.309262166405034 74.813432835820905 55.470085470085479 62.649831649831661 69.183285849952526 53.907203907203915 86.076511723570562 4.5000000000000009 1.0000000180025095e-35 52.419984387197509 82.696216575415704 92.031746031746039 92.935234699940594 3.5000000000000004 82.940069840645307
decision_type=2 2 2 2 2 2 2 2 2 2 2 2 2 2 2 2 2 2 2 2 2 2 2 2 2 2 2 2 2 2
left_child=1 3 4 5 8 9 22 11 12 17 -10 -8 -2 20 -15 -7 -17 18 -1 -4 24 -22 23 28 -5 -26 29 -6 -3 -19
right_child=2 6 19 13 27 15 7 -9 10 -11 -12 -13 -14 14 -16 16 -18 26 -20 -21 21 -23 -24 -25 25 -27 -28 -29 -30 -31
leaf_value=-0.083271815367033056 -0.10342365799624544 0.042689948160030147 0.052673512653159359 -0.083274719416090104 0.10198938943821252 0.049370012803036163 -0.086085681149134827 0.0843683297122826 -0.0071543610625456758 0.017671346335823235 0.11108163415614433 0.039934662969060966 -0.014538934191347455 -0.084509633312122773 0.070948810404991736 -0.063391815626063747 0.042392251528214402 -0.08366518977427953 0.022220641572881377 0.085627269522904864 -0.083854698170037156 0.0012685232732809833 0.086872932571871925 0.08181254522135048 -0.083361597992441402 0.018673741443007891 -0.1061525095727047 0.085978244209749685 0.057851615592151927 -0.088191906196251516
leaf_weight=1.3163028620183497 2.4459344483912009 1.7090023532509819 2.1247742474079123 283.68287447839975 1.604920357465742 3.6233968846499902 4.0586600415408594 2.6444252505898476 2.7353304289281368 2.6214481592178336 2.5137882195413113 1.3562953546643255 4.8268165178596973 5.0266242846846572 1.9977144077420232 2.9543041698634624 3.1377742365002632 7.243035174906252 0.73295745998620976 275.66590842977166 2.5176389515399928 1.0768653713166711 4.0879117101430884 4.131606213748455 10.285032641142603 0.76096264645457345 1.0170457437634457 6.636603582650423 2.7122667394578457 2.4217276312410831
leaf_count=35 26 20 23 7601 12 25 76 28 20 35 22 12 31 113 13 22 24 180 15 4508 59 8 60 58 268 14 6 104 38 34
internal_value=-0.000879456 -0.0710837 0.0816845 -0.0781122 0.0323074 -0.0339039 0.0411054 -0.00894902 -0.00506938 -0.0634768 0.0494685 -0.0545211 -0.0444322 -0.0817415 -0.0402974 0.0128276 -0.00890688 -0.0801859 -0.0455404 0.0853752 -0.0827174 -0.0583529 0.0730186 0.0663968 -0.0830145 -0.0763323 -0.0868325 0.0890962 0.051991 -0.0847995
internal_weight=649.67 351.116 298.554 330.416 20.7634 25.068 20.7002 8.05938 12.5219 15.3525 5.24912 5.41496 7.27275 305.348 7.02434 9.71548 6.09208 12.7311 2.04926 277.791 298.323 3.5945 12.6408 8.55288 294.729 11.046 10.6818 8.24152 4.42127 9.66476
internal_count=13490 8744 4746 8452 215 376 292 116 99 305 42 88 57 8076 126 71 46 270 50 4531 7950 67 176 116 7883 282 220 116 58 214
is_linear=0
shrinkage=0.08


Tree=29
num_leaves=31
num_cat=0
split_feature=4 1 4 2 4 0 4 6 4 9 3 3 4 1 0 4 8 5 3 9 2 4 0 4 1 5 3 4 0 4
split_gain=538.735 39.7565 8.36674 8.36225 5.71851 5.00613 4.6718 4.80752 4.41391 4.0731 2.99922 1.90372 1.86896 4.89057 1.23926 0.934468 0.72651 0.354426 0.956948 0.177682 0.120315 0.119884 0.0867471 0.84942 0.0348707 0.020061 0.00316477 0.0127855 0.00153539 0.00142751
threshold=66.024884206702396 86.72955974842769 1.0000000180025095e-35 38.529014844804323 94.559548978153643 99.450549450549474 24.67444613563335 1.0000000180025095e-35 52.843665768194079 1.0000000180025095e-35 82.696216575415704 53.050602697780128 58.60162601626017 65.485893416927908 77.097902097902121 69.183285849952526 4.5000000000000009 53.907203907203915 88.418859649122822 1.0000000180025095e-35 43.288288288288292 42.815854665565652 99.450549450549474 46.384282085761249 96.05194805194806 79.388422035480872 90.287087912087927 44.389709906951289 44.256120527306976 63.686313686313689
decision_type=2 2 2 2 2 2 2 2 2 2 2 2 2 2 2 2 2 2 2 2 2 2 2 2 2 2 2 2 2 2
left_child=1 2 5 4 9 10 19 8 21 11 -1 -2 17 29 16 -5 -12 22 -19 -3 -17 -8 26 -24 -21 -6 -4 -28 -22 -14
right_child=3 6 12 15 25 -7 7 -9 -10 -11 14 -13 13 -15 -16 20 -18 18 -20 24 28 -23 23 -25 -26 -27 27 -29 -30 -31
leaf_value=-0.083609997526210456 -0.092057690839812273 0.062229579396504281 -0.082964658666661042 0.033880820689651453 0.09524409012398502 0.028646956377096612 -0.08426735217436486 0.081456624191386426 0.090042633386372015 0.04693876215651456 -0.02139869645326364 -0.0013515505692810604 -0.083237698553015438 0.066093667519107724 -0.055541482100429383 0.066219716513180635 0.041346753577533535 -0.0835980500702483 0.010199763801890738 0.070397151556219215 0.087114359223376889 -0.11624876581976271 -0.083249769631331128 -0.0028600516200060233 0.085289483226400065 0.08517584964041057 -0.083116104487242104 -0.094211353329524239 0.085155959551693958 -0.086292110175259756
leaf_weight=9.8650889620184952 3.386935558170082 6.3094423338770884 259.16938426718116 2.3074954226613036 1.7904388681054104 6.3424866646528235 3.0091095250099889 2.5248156897723675 1.0790530219674108 4.7083449885249138 2.4823489971458894 2.6313180513679981 3.2589544914662829 1.9739226587116716 3.2768594585359097 2.1609714664518824 2.2528498731553555 2.4347647503018375 0.97482889890670765 1.3142408728599546 2.5882287807762614 0.99924845620989788 8.3198266886174643 0.93582427874207574 4.294206727296114 4.3286421671509743 3.7228643894195548 0.80917328968644131 253.83665661886334 1.3999365493655203
leaf_count=254 25 88 7531 26 21 37 67 28 11 35 26 19 89 13 34 28 25 61 6 14 38 10 225 13 74 76 104 10 4478 24
internal_value=-0.000878991 -0.0705087 -0.0775446 0.0810377 0.0264091 -0.0324158 0.0401685 -0.00878946 -0.0535774 -0.00879551 -0.0540798 -0.0523989 -0.0814068 -0.0394414 -0.0177199 0.084565 0.0084535 -0.0824139 -0.0567805 0.0714391 0.0850173 -0.09224 -0.0827341 -0.0751217 0.0817997 0.0881218 -0.0830013 -0.0850971 0.0851757 -0.0841555
internal_weight=604.488 326.749 307.219 277.739 16.8457 24.2196 19.5301 7.61223 5.08741 10.7266 17.8771 6.01825 282.999 6.63281 8.01206 260.893 4.7352 276.367 3.40959 11.9179 258.586 4.00836 272.957 9.25565 5.60845 6.11908 263.701 4.53204 256.425 4.65889
internal_count=13490 8744 8452 4746 176 376 292 116 88 79 339 44 8076 126 85 4570 51 7950 67 176 4544 77 7883 238 88 97 7645 114 4516 113
is_linear=0
shrinkage=0.08


Tree=30
num_leaves=31
num_cat=0
split_feature=4 1 2 4 4 4 11 3 6 9 4 1 4 1 9 3 8 4 3 11 9 4 3 3 2 2 11 8 5 5
split_gain=493.186 32.6942 11.8583 8.6697 6.65286 5.81224 5.56805 5.47955 4.27179 3.45347 4.06082 2.00729 1.59434 2.91921 0.949021 1.60268 0.904528 0.625745 4.40188 0.498945 0.416715 0.316681 0.284129 0.187223 0.816074 0.148076 0.0421109 0.0298072 0.0160491 0.00771891
threshold=61.651583710407245 86.72955974842769 38.529014844804323 1.0000000180025095e-35 94.559548978153643 24.67444613563335 5.5000000000000009 86.076511723570562 1.0000000180025095e-35 1.0000000180025095e-35 81.165540540540562 26.540880503144663 69.183285849952526 78.629976580796267 1.0000000180025095e-35 82.940069840645307 11.500000000000002 52.419984387197509 86.478835978835988 4.5000000000000009 1.0000000180025095e-35 49.193338537600845 52.187314319667273 76.209235209235217 70.087719298245631 43.288288288288292 5.5000000000000009 7.5000000000000009 79.388422035480872 50.685446009389672
decision_type=2 2 2 2 2 2 2 2 2 2 2 2 2 2 2 2 2 2 2 2 2 2 2 2 2 2 2 2 2 2
left_child=1 3 4 6 9 19 7 16 21 11 -11 -2 13 -4 23 -16 -1 29 -19 -3 -21 -7 -13 24 -8 -14 -22 -25 -6 -5
right_child=2 5 12 17 28 8 14 -9 -10 10 -12 22 25 -15 15 -17 -18 18 -20 20 26 -23 -24 27 -26 -27 -28 -29 -30 -31
leaf_value=-0.085477807153169216 -0.0056219294583903573 0.085716965549378646 -0.02712699060924401 -0.08274964363418344 0.094080770660799867 -0.084180201434427906 -0.084272091015799036 0.061064496886218934 0.076274729132235444 -0.032773469249230643 0.11020548395483878 -0.11588386890951469 0.063326576826431002 0.091846913828450213 -0.083862233807638076 0.018328153346048929 -0.010505417406538266 -0.082964494083217974 0.045810923434358344 0.029854129722108533 0.085081346614972089 -0.032037022244091717 -0.072575109576658331 -0.086933701484921133 0.0052900764836539063 0.084753526614893715 0.064688686729456851 -0.10047447145275631 0.084753354434382019 -0.086495230820909069
leaf_weight=2.6571903750300425 3.1089555770158785 5.9635241217911261 2.3207900114357463 240.54246732592583 1.6723870672285546 3.2064111381769171 3.9201699160039407 6.1310422644019127 1.7685909047722814 2.7777368873357773 2.3441784679889679 1.7310371287167075 2.0822402425110331 3.0605073720216751 1.9853703659027808 1.94392429664731 1.6817443594336507 12.760457847267388 1.9597445353865612 2.6847720444202423 1.2882296815514567 0.97121990472078312 2.2037176676094532 2.5321948248893023 0.78080628998577584 237.84118166938424 1.3041763156652448 1.7660910710692403 4.0149489380419254 3.5735553763806811
leaf_count=57 29 107 25 7528 21 74 116 39 16 27 18 18 28 37 49 18 20 379 21 29 23 8 23 42 15 4516 17 20 76 94
internal_value=-0.00087795 -0.0710994 0.0790203 -0.0776229 0.0160709 0.0360253 -0.0309886 0.0123774 -0.0279392 -0.0173199 0.0326646 -0.0536667 0.0836017 0.0405371 -0.0661079 -0.033306 -0.056419 -0.0818386 -0.0658202 0.0698619 0.0519447 -0.0720579 -0.0916282 -0.08043 -0.0693963 0.0845676 0.0748223 -0.0924974 0.0874961 -0.0828045
internal_weight=562.579 299.422 263.158 282.235 17.853 17.1869 23.3985 10.47 5.94622 12.1656 5.12192 7.04371 245.305 5.3813 12.9286 3.92929 4.33893 258.836 14.7202 11.2407 5.27718 4.17763 3.93475 8.99926 4.70098 239.923 2.59241 4.29829 5.68734 244.116
internal_count=13490 8672 4818 8398 212 274 376 116 98 115 45 70 4606 62 260 67 77 8022 400 176 69 82 41 193 131 4544 40 62 97 7622
is_linear=0
shrinkage=0.08


Tree=31
num_leaves=31
num_cat=0
split_feature=4 1 2 4 10 4 12 11 6 9 4 1 5 1 12 1 11 9 11 2 9 8 8 8 4 4 4 4 4 4
split_gain=451.851 33.7321 8.29354 6.66545 6.39472 6.32819 6.02876 4.8784 3.89242 2.92987 3.27773 2.46444 1.27951 3.68129 1.27219 1.12321 0.689157 0.692858 0.523948 0.776 2.81516 0.469681 0.451639 1.39701 0.400245 0.198874 0.133886 0.0810451 0.798711 0.0458344
threshold=66.024884206702396 81.892697466467965 44.300144300144304 1.0000000180025095e-35 1.0000000180025095e-35 52.843665768194079 6.5000000000000009 5.5000000000000009 1.0000000180025095e-35 1.0000000180025095e-35 81.165540540540562 73.765182186234838 53.15824468085107 65.485893416927908 1.5000000000000002 33.084577114427866 4.5000000000000009 1.0000000180025095e-35 8.5000000000000018 58.397435897435898 1.0000000180025095e-35 8.5000000000000018 9.5000000000000018 5.5000000000000009 69.183285849952526 63.686313686313689 45.485893416927901 52.419984387197509 52.843665768194079 92.120047309284459
decision_type=2 2 2 2 2 2 2 2 2 2 2 2 2 2 2 2 2 2 2 2 2 2 2 2 2 2 2 2 2 2
left_child=1 3 6 7 5 8 9 11 26 15 -11 14 25 -14 22 -2 -6 -18 19 20 -9 -21 23 -1 -4 27 -3 -5 -29 -8
right_child=2 4 24 12 16 -7 29 18 -10 10 -12 -13 13 -15 -16 -17 17 -19 -20 21 -22 -23 -24 -25 -26 -27 -28 28 -30 -31
leaf_value=-0.084896342299146513 -0.010535178590529007 -0.081744680260235916 0.047633854174959335 -0.082555488939043367 0.085712517439481301 0.090693341533805705 0.10138780062266715 -0.08306554905993449 0.062510495384449791 -0.025923596626689822 0.10553898598059919 0.088454794534941691 -0.084656869388361075 0.049737822181127482 0.016466913666954706 -0.075449051489194632 0.019044811562111578 0.075167929715015666 -0.088150434508987602 -0.08949431012271726 0.099182366987016921 -0.029236602411640833 -0.093833730929954409 0.041623400287364672 0.084359113304616637 -0.042130635866198619 -0.11670855671270919 -0.009829323727055965 -0.082834957555521047 0.084847116353000254
leaf_weight=1.2841590661555553 3.7653609029948729 5.0799819584935904 1.9157667309045781 222.59334689192474 6.0586631670594215 2.4386223219335079 1.3306562937796105 1.4971310198307022 1.384166184812784 2.3773661330342293 2.4800160713493824 1.9485368654131887 4.4944672007113686 1.8377883210778234 4.2506085857748985 3.1191091872751713 2.842693455517292 2.7890163101255894 5.0894821416586637 3.240117384120822 0.85066612809896458 1.1119761448353527 1.0249944776296613 0.98850287497043599 219.96925783902407 0.79413725435733695 0.81312856823205937 1.0689808577299107 9.3292088489979488 5.5194514766335487
leaf_count=30 31 141 23 7523 112 34 10 46 10 18 24 14 120 14 30 26 32 42 116 64 15 15 18 17 4508 14 11 30 296 106
internal_value=-0.000875874 -0.0694258 0.0797415 -0.0773322 0.0271237 -0.0208389 0.028417 -0.0344268 -0.0582135 -0.00637839 0.0411968 0.00824459 -0.0811357 -0.045652 -0.0124612 -0.0399454 0.0669856 0.0468389 -0.0688002 -0.0541011 -0.0170325 -0.0740982 -0.0497488 -0.0298661 0.084042 -0.0820968 -0.086569 -0.082233 -0.0753296 0.0880602
internal_weight=523.287 282.81 240.477 261.404 21.4063 9.7159 18.592 21.2862 7.27728 11.7419 4.85738 9.4968 240.118 6.33226 7.54827 6.88447 11.6904 5.63171 11.7894 6.69989 2.3478 4.35209 3.29766 2.27266 221.885 233.786 5.89311 232.992 10.3982 6.85011
internal_count=13490 8744 4746 8362 382 196 215 365 162 99 42 109 7997 134 95 57 186 74 256 140 61 79 65 47 4531 7863 152 7849 326 116
is_linear=0
shrinkage=0.08


Tree=32
num_leaves=31
num_cat=0
split_feature=4 0 4 4 2 12 8 6 4 3 4 0 11 2 4 3 11 12 4 11 5 12 1 3 1 4 5 4 0 3
split_gain=413.945 31.8414 8.54838 8.33357 8.17824 5.58514 4.00507 3.67275 3.29816 3.09433 2.20394 1.72902 1.14945 1.46529 0.676226 2.22598 0.492959 0.688097 0.421345 0.35638 0.308157 0.666955 0.196319 0.154116 0.0694038 0.0356021 0.00838622 0.00453283 0.00241291 0.00164867
threshold=66.024884206702396 90.52111410601978 23.670062252405213 52.419984387197509 44.300144300144304 6.5000000000000009 9.5000000000000018 1.0000000180025095e-35 1.0000000180025095e-35 82.696216575415704 92.120047309284459 32.071428571428577 5.5000000000000009 61.414392059553357 59.75518734139424 87.646581359816665 4.5000000000000009 2.5000000000000004 69.183285849952526 5.5000000000000009 54.623154623154626 2.5000000000000004 73.401360544217695 89.64587373410906 82.202111613876326 92.120047309284459 53.907203907203915 49.193338537600845 35.14705882352942 90.287087912087927
decision_type=2 2 2 2 2 2 2 2 2 2 2 2 2 2 2 2 2 2 2 2 2 2 2 2 2 2 2 2 2 2
left_child=1 8 6 7 5 10 16 27 9 22 11 -2 -11 -14 20 -16 24 -18 -6 -19 26 -22 -1 -15 -3 -7 29 -4 -23 -10
right_child=4 2 3 -5 18 25 -8 -9 14 12 -12 -13 13 23 15 -17 17 19 -20 -21 21 28 -24 -25 -26 -27 -28 -29 -30 -31
leaf_value=-0.082829949143950685 0.0015159777960249926 0.10588367421351333 -0.082865783399148837 0.080727360980748397 0.045596090594445714 0.099512846233107854 -0.027904198219812618 0.055369926545292263 -0.082317783299236433 0.021323112714766425 0.054651907940218188 -0.072420825194357885 0.030640684368495399 -0.088472599292873599 -0.083353939364190013 0.057114748401618239 0.097602843743738801 0.056355518664971981 0.084006706579700163 0.0077254120887932263 0.0010298831277170803 -0.08269135614510513 -0.03825764919463312 -0.051582748495493935 0.084253451843490659 0.084455433177086037 -0.091142629949437351 -0.089890879357535911 -0.089031933607389147 -0.083985626905208749
leaf_weight=7.4923627190291899 5.4144088495522755 1.177902407944204 9.4120182693004573 3.1398422718048087 1.844275839626788 1.2505438625812519 3.2331764549016944 1.3917568512260903 206.07539395615458 3.977381728589533 2.8822217695415011 3.2328427936881781 1.3401454985141752 1.4879865590482952 2.8864918313920493 0.96284729987382878 1.771102864295244 2.5451988913118839 203.87439362332225 1.5529002472758291 0.89785806834697668 0.80108439736068227 0.69073399156332005 1.4131242148578165 4.8935657702386379 5.1177643314003944 0.69630090892314811 0.62697782367467958 0.73797124437987804 3.8643055129796258
leaf_count=242 39 10 298 38 23 10 19 11 7549 32 33 27 21 25 82 7 12 38 4508 22 19 26 12 15 104 106 18 7 15 122
internal_value=-0.000874231 -0.0688971 0.00905505 -0.0347111 0.0791497 0.027281 0.0510812 -0.0664202 -0.0788345 -0.0442443 -0.00593246 -0.0261259 -0.00957163 -0.0385442 -0.08145 -0.0482181 0.0724681 0.0559356 0.0836624 0.037928 -0.0820503 -0.0537652 -0.0790676 -0.0705036 0.0884498 0.0874123 -0.0823776 -0.0833045 -0.0857316 -0.0823485
internal_weight=486.685 263.068 29.7444 14.5706 223.616 17.8978 15.1738 11.4308 233.324 16.4017 11.5295 8.64725 8.21864 4.24126 216.922 3.84934 11.9407 5.8692 205.719 4.0981 213.073 2.43691 8.1831 2.90111 6.07147 6.36831 210.636 10.039 1.53906 209.94
internal_count=13490 8744 559 354 4746 215 205 316 8185 347 99 66 93 61 7838 89 186 72 4531 60 7749 60 254 40 114 116 7689 305 41 7671
is_linear=0
shrinkage=0.08


Tree=33
num_leaves=31
num_cat=0
split_feature=4 0 2 4 4 12 8 6 4 3 9 4 3 8 2 11 4 3 2 4 3 12 4 3 4 4 3 4 4 1
split_gain=379.105 29.7381 8.12212 8.11106 8.01006 5.1874 3.65202 3.25262 2.97554 3.15764 2.48981 2.92802 1.06327 0.968965 1.40319 0.767802 0.546746 1.82689 0.522135 0.442407 0.336174 0.596845 0.104509 0.968042 0.0276964 0.0131438 0.00825931 0.0346978 0.00336946 0.000871315
threshold=66.024884206702396 89.08730158730161 44.300144300144304 1.0000000180025095e-35 52.419984387197509 6.5000000000000009 9.5000000000000018 1.0000000180025095e-35 1.0000000180025095e-35 82.696216575415704 1.0000000180025095e-35 81.165540540540562 53.050602697780128 7.5000000000000009 71.897435897435912 5.5000000000000009 59.75518734139424 87.646581359816665 91.476997578692519 69.183285849952526 92.269880656977449 3.5000000000000004 55.059167663874497 88.007724301841975 92.120047309284459 28.470111448834853 90.287087912087927 49.193338537600845 49.193338537600845 95.311355311355314
decision_type=2 2 2 2 2 2 2 2 2 2 2 2 2 2 2 2 2 2 2 2 2 2 2 2 2 2 2 2 2 2
left_child=1 8 5 6 7 10 15 25 9 -1 12 -12 -2 14 -11 20 22 -18 -6 -4 -3 -22 26 -24 -7 -5 -10 -28 -27 -23
right_child=2 3 19 4 18 24 -8 -9 16 13 11 -13 -14 -15 -16 -17 17 -19 -20 -21 21 29 23 -25 -26 28 27 -29 -30 -31
leaf_value=-0.082640024674946869 -0.06687178799936383 0.12040781301304676 0.043587761430243413 -0.07236523038647269 0.10757874846327091 0.097823274107014718 -0.026774402641440185 0.046945792796913736 -0.082133225670246543 0.049992566213331376 -0.0232645040972169 0.10379074569665463 -0.0032388747650503253 -0.05802286283687004 -0.028293035684185605 0.0341116296892384 -0.083087876122825158 0.050011540840108622 0.042775807563977745 0.083684070787449466 0.025762837519772323 0.087069306429777879 -0.082385247939047099 0.031106717863011512 0.0840968474264535 -0.082616368831941484 -0.082481852035563435 -0.10289761066222554 -0.08876586324807352 0.084468281552927377
leaf_weight=7.2852794546633941 3.5313595049083251 1.1791700385510937 1.7777097821235646 0.80517127364873786 1.6705854609608641 1.1735179983079422 3.2882967479526988 1.4225514438003291 187.09715514816344 2.639163788408041 2.3482297584414482 2.2956916950643063 3.2066477686166763 1.9866375327110288 3.2944708578288555 3.0607974007725707 2.6727535780519243 0.87640919908881176 1.5195413157343864 188.89586048573256 1.3265725262463091 0.97844009101390828 4.6871616952121249 0.53600373491644848 4.7436169236898422 8.7951990794390404 3.1988355368375774 0.63925550878047932 0.60977983474731523 5.2309795394539833
leaf_count=251 29 8 23 29 16 10 20 13 7412 31 18 24 28 26 32 33 82 6 25 4508 23 15 172 7 106 303 116 4 8 112
internal_value=-0.000872182 -0.0683447 0.0785483 0.0064258 -0.0355883 0.0260608 0.0477666 -0.0663852 -0.0787427 -0.0446283 -0.0055257 0.0395444 -0.0365886 -0.00966411 0.00652686 0.0685813 -0.0813401 -0.0502211 0.0767114 0.0833102 0.0806871 0.074472 -0.0819032 -0.0707386 0.0868191 -0.0821752 -0.0822086 -0.0858822 -0.0830151 0.0848781
internal_weight=452.773 244.8 207.973 29.8871 14.8228 17.2991 15.0643 11.6327 214.913 15.2056 11.3819 4.64392 6.73801 7.92027 5.93363 11.776 199.708 3.54916 3.19013 190.674 8.71516 7.53599 196.158 5.22317 5.91713 10.2102 190.935 3.83809 9.40498 6.20942
internal_count=13490 8744 4746 605 394 215 211 353 8139 340 99 42 57 89 63 191 7799 88 41 4531 158 150 7711 179 116 340 7532 120 311 127
is_linear=0
shrinkage=0.08


Tree=34
num_leaves=31
num_cat=0
split_feature=4 0 0 10 4 12 8 4 3 4 9 0 1 11 9 11 11 12 5 4 3 3 3 12 5 5 0 4 4 0
split_gain=347.181 27.7637 7.70158 7.24805 7.23119 4.3821 3.30042 3.11641 3.06864 2.42453 1.77169 1.16764 1.15037 0.882401 1.26736 0.878785 0.777096 0.670524 1.51007 0.54225 1.67901 0.48356 0.283653 0.600141 0.235101 0.517515 0.0575536 0.0175627 0.00938885 0.00816454
threshold=66.024884206702396 89.08730158730161 44.256120527306976 1.0000000180025095e-35 52.419984387197509 7.5000000000000009 9.5000000000000018 1.0000000180025095e-35 82.696216575415704 93.643953676272574 1.0000000180025095e-35 28.869047619047624 92.185592185592199 5.5000000000000009 1.0000000180025095e-35 4.5000000000000009 5.5000000000000009 1.5000000000000002 73.065407646245987 59.75518734139424 87.646581359816665 98.201581027667999 92.269880656977449 3.5000000000000004 54.623154623154626 56.461100569259962 77.694859038142638 92.438536306460847 91.922957440198829 46.73758865248228
decision_type=2 2 2 2 2 2 2 2 2 2 2 2 2 2 2 2 2 2 2 2 2 2 2 2 2 2 2 2 2 2
left_child=1 7 5 4 12 9 16 8 -1 10 11 -2 -3 -10 26 -14 22 18 -4 24 -21 -6 -5 -24 -9 -26 -15 -7 -20 -19
right_child=2 3 17 6 21 27 -8 19 13 -11 -12 -13 15 14 -16 -17 -18 29 28 20 -22 -23 23 -25 25 -27 -28 -29 -30 -31
leaf_value=-0.082431728692465872 -0.010856569781597866 -0.082373754806023033 -0.020133251594835078 0.1167237056803187 0.10315371179771901 0.094798822286235651 -0.02467399407629679 -0.082019408045612349 0.018441293073848015 0.066930366382813467 0.019716655921178879 -0.08894277611690786 0.004640766767950109 -0.085360471510097832 0.016109769521948539 -0.084062499060801973 0.031849816954723081 0.090627815552597357 0.094084009598934024 -0.082843525505185395 0.046271329962314638 0.039511084148441199 0.024257306405389062 0.08448594444401826 -0.002247327204365815 -0.084934393588362134 -0.059809100929285666 0.083759624787467749 0.083623328767126234 0.083400298623070676
leaf_weight=6.7414641305804235 2.1797049548476917 7.6736170034855586 1.3039332889020436 1.1214471533894519 1.6378372609615335 1.2191365845501412 3.2829891480505475 179.39443630538881 3.8538997732102871 2.39994092285633 3.4675868712365627 2.7998058628290892 2.1200807802379136 1.2916470225900414 1.7559934966266153 1.0783810541033743 3.0177563428878775 1.0061246566474427 1.0082344785332682 2.4742441698908801 0.87167406082153309 1.432221844792366 1.2974353767931459 5.7575406432151794 0.75789930485188906 1.3425356689840553 1.0017496831715105 3.7888606488704681 1.2059217058122156 173.00228682532907
leaf_count=251 15 294 18 8 17 13 20 7652 29 32 29 27 35 25 19 24 33 21 17 82 6 24 23 127 19 40 16 92 30 4452
internal_value=-0.000868463 -0.0677659 0.0779718 0.00621176 -0.0349573 0.0245498 0.0458594 -0.078305 -0.0427812 -0.00402769 -0.0241879 -0.0547617 -0.0655732 -0.00895953 -0.0350375 -0.0252661 0.0665451 0.082743 0.0481652 -0.0811195 -0.0492067 0.0734636 0.0793505 0.0734097 -0.0817079 -0.0550984 -0.0741997 0.086447 0.0883867 0.0834421
internal_weight=421.286 227.905 193.382 28.4193 13.9421 15.855 14.4772 199.486 14.6448 10.847 8.4471 4.97951 10.8721 7.90329 4.04939 3.19846 11.1942 177.527 3.51809 184.841 3.34592 3.07006 8.17642 7.05498 181.495 2.10043 2.2934 5.008 2.21416 174.008
internal_count=13490 8744 4746 605 394 208 211 8139 340 103 71 42 353 89 60 59 191 4538 65 7799 88 41 158 150 7711 59 41 105 47 4473
is_linear=0
shrinkage=0.08


Tree=35
num_leaves=31
num_cat=0
split_feature=4 0 2 2 4 5 4 4 3 9 11 3 3 3 11 11 9 11 4 2 3 1 11 9 2 3 3 5 4 4
split_gain=318.067 28.6374 7.13069 5.6623 3.81738 3.72732 6.55995 3.56946 2.81812 2.27464 1.52508 1.83312 1.34285 1.99764 1.14452 1.11918 1.11194 0.879864 0.758362 3.41037 0.987154 0.709289 0.499881 0.725646 0.179409 0.151241 0.266431 0.127769 0.0820627 0.0798541
threshold=69.183285849952526 90.52111410601978 38.529014844804323 67.962264150943412 94.559548978153643 22.82097649186257 52.843665768194079 1.0000000180025095e-35 86.478835978835988 1.0000000180025095e-35 6.5000000000000009 86.076511723570562 91.452380952380977 93.578227931488826 2.5000000000000004 4.5000000000000009 1.0000000180025095e-35 5.5000000000000009 55.059167663874497 65.345368916797511 71.530218147865227 69.631093544137045 4.5000000000000009 1.0000000180025095e-35 48.714568226763355 56.863912231559304 53.218494468494477 39.089102065508605 40.549990549990561 23.670062252405213
decision_type=2 2 2 2 2 2 2 2 2 2 2 2 2 2 2 2 2 2 2 2 2 2 2 2 2 2 2 2 2 2
left_child=1 7 4 10 9 12 15 8 14 -2 11 -3 -5 -14 -1 16 -7 -10 -9 20 24 -16 -15 -24 -20 26 -4 28 -17 -12
right_child=2 3 25 5 -6 6 -8 18 17 -11 29 -13 13 22 21 27 -18 -19 19 -21 -22 -23 23 -25 -26 -27 -28 -29 -30 -31
leaf_value=0.041374802445524675 -0.040750509995493199 -0.080997563867485342 0.083356326870626982 0.12358373327758945 0.08611914374207548 -0.082903686253096853 0.08836245998589902 -0.081876443070330721 0.039197215781453271 0.0394343185027115 -0.108856120591401 0.039323423662304527 -0.048404711966821869 0.083662772829676421 -0.083344214031967512 -0.090232084926763365 0.0204739063821434 -0.027951085905508363 -0.08258302180979761 0.026461954269322314 -0.19697731491681439 -0.026457469281673921 0.013176623126784078 0.084074296981680549 -0.037809916312196046 0.083171805964242188 0.023902021015789976 -0.12225188687461402 -0.055603999491361543 -0.082123707195289455
leaf_weight=0.60611438378691573 5.2860638163983804 1.4495690818876057 1.3074038214981549 1.9585160203278089 4.1278890408575526 1.0922520756721479 3.0728889182209969 164.18396682105958 2.7717580795288077 3.9606082104146481 1.0254015028476717 1.8377845529466865 1.1416716352105121 4.2147368341684341 7.1794539615511876 1.7812498398125178 1.7059482876211405 2.2731063030660152 5.7137001939117891 2.2838178146630526 0.48087081126868714 1.7433804869651792 2.1549707427620888 1.6173755675554278 0.63660111278295506 162.14621721953154 0.76444479450583447 0.63054135814309109 0.58081140927970398 2.3636863529682159
leaf_count=10 37 47 35 12 97 34 49 7569 19 32 6 27 9 107 256 64 24 29 225 31 13 33 28 37 20 4493 16 15 14 102
internal_value=-0.000864887 -0.0664271 0.0783226 0.0112173 0.0221513 0.0325582 -0.00611511 -0.0774317 -0.0394066 -0.00640511 -0.0525549 -0.0137325 0.0634755 0.0505797 -0.0650033 -0.0562496 -0.0198786 0.00894165 -0.0806295 -0.0581691 -0.0864632 -0.0722294 0.0647285 0.0435737 -0.0780946 0.0828974 0.0614196 -0.090258 -0.0817173 -0.0902119
internal_weight=392.093 214.5 177.593 26.6274 13.3746 19.951 8.86369 187.873 14.5738 9.24667 6.67644 3.28735 11.0873 9.12875 9.52895 5.7908 2.7982 5.04486 173.299 9.11499 6.83117 8.92283 7.98708 3.77235 6.3503 164.218 2.07185 2.9926 2.36206 3.38909
internal_count=13490 8780 4710 575 166 393 200 8205 347 69 182 74 193 181 299 151 58 48 7858 289 258 289 172 65 245 4544 51 93 78 108
is_linear=0
shrinkage=0.08


Tree=36
num_leaves=31
num_cat=0
split_feature=4 0 2 8 5 6 4 12 4 11 9 11 8 12 11 9 1 1 4 2 2 1 12 5 2 2 4 2 8 4
split_gain=291.2 26.6845 7.14087 5.62742 4.61692 7.11479 4.92968 3.61311 3.23906 1.96638 1.60068 1.60019 1.22593 1.26212 1.50201 0.853851 0.824945 0.711238 0.660811 2.84928 0.843352 0.526256 0.475373 0.474087 0.213297 0.165592 0.141861 0.0852072 0.0242389 0.0177038
threshold=69.183285849952526 89.08730158730161 38.529014844804323 14.500000000000002 22.82097649186257 1.0000000180025095e-35 52.843665768194079 6.5000000000000009 1.0000000180025095e-35 5.5000000000000009 1.0000000180025095e-35 2.5000000000000004 7.5000000000000009 1.5000000000000002 5.5000000000000009 1.0000000180025095e-35 28.86904761904762 69.631093544137045 55.059167663874497 65.345368916797511 58.578637510513055 56.294014084507047 3.5000000000000004 41.25992063492064 48.714568226763355 43.288288288288292 50.125628140703526 68.614072494669514 8.5000000000000018 92.438536306460847
decision_type=2 2 2 2 2 2 2 2 2 2 2 2 2 2 2 2 2 2 2 2 2 2 2 2 2 2 2 2 2 2
left_child=1 8 7 4 9 6 26 10 11 22 16 -1 13 15 -15 -13 -2 -16 -10 20 24 -5 -3 -7 -20 -4 -6 -14 -24 -9
right_child=2 3 25 21 5 23 -8 29 18 -11 -12 12 27 14 17 -17 -18 -19 19 -21 -22 -23 28 -25 -26 -27 -28 -29 -30 -31
leaf_value=0.045401522957146181 -0.0037245596406485222 0.047466873193790199 0.056922979240825643 -0.084902455293159443 -0.082507978486053998 0.047955969169833343 0.071039215014583476 0.095925180796192375 -0.081730337039828238 0.0034256487237734833 0.033568960747978216 -0.08369086940316206 -0.083359670274408534 0.05389215782158685 -0.085805880020293573 0.0051741320565422341 -0.066182900492425034 -0.0055679221565719051 -0.082384837434024014 0.020582746919804714 -0.18636169901132119 -0.17541545331725775 0.083944383696563693 0.11139258281317106 -0.031075927388220976 0.082883331417786504 -0.12531138181470935 -0.11587418926307855 0.097615866974680832 0.083290214966468032
leaf_weight=1.2804293110966671 2.7863480988889915 3.0410442203283363 1.5891318954527367 2.1283797547221179 6.0781198721379024 1.2581473458558314 1.5859777033329008 0.94216492027044241 151.05094011686742 3.5802830830216399 3.8180428501218557 3.2762161046266538 2.7632381748408075 1.7649845741689203 1.2321309521794321 0.87728903256356705 2.6316444650292397 1.6589958835393188 5.2865832019597274 2.1587500479072332 0.49236752651631821 0.50952456332743157 5.1452022790908813 1.8815338518470524 0.57492857426404942 150.50692968815565 0.53953881002962578 0.63421563245356072 0.98960096389055241 2.8769799470901489
leaf_count=14 21 33 28 82 243 13 19 8 7532 39 35 121 103 14 29 28 21 24 225 29 13 14 130 34 20 4516 7 7 7 81
internal_value=-0.000861064 -0.0658338 0.0777384 0.0085472 0.0206898 -0.0164425 -0.0556384 0.0209589 -0.0773261 0.0537095 -0.00610436 -0.0396805 -0.048605 -0.032861 -0.00426158 -0.0649211 -0.034062 -0.0397635 -0.0805082 -0.0588216 -0.0857994 -0.102385 0.0733295 0.085972 -0.0773522 0.0826121 -0.0859977 -0.0894293 0.0861497 0.0864072
internal_weight=364.94 199.788 165.151 26.7374 24.0994 11.3433 8.20364 13.0552 173.051 12.7561 9.23604 13.4875 12.2071 8.80962 4.65611 4.15351 5.41799 2.89113 159.564 8.51263 6.35388 2.6379 9.17585 3.13968 5.86151 152.096 6.61766 3.39745 6.1348 3.81914
internal_count=13490 8780 4710 621 525 316 269 166 8159 209 77 340 326 216 67 149 42 53 7819 287 258 96 170 47 245 4544 250 110 137 89
is_linear=0
shrinkage=0.08


Tree=37
num_leaves=31
num_cat=0
split_feature=4 0 2 1 4 4 5 4 3 12 12 11 11 0 3 11 9 2 9 3 2 11 5 4 3 4 2 5 4 10
split_gain=266.636 24.7973 7.1482 4.55741 3.48947 3.29993 3.29671 6.14334 2.87109 2.17932 1.84662 1.36561 1.7461 1.19761 1.03163 1.01178 0.975451 0.900155 0.786816 1.12437 1.70452 0.908921 0.363736 1.08011 0.378513 2.0914 0.196356 0.102884 0.0898821 0.057607
threshold=69.183285849952526 89.08730158730161 38.529014844804323 68.133462282398469 94.559548978153643 1.0000000180025095e-35 22.82097649186257 52.843665768194079 82.696216575415704 5.5000000000000009 7.5000000000000009 6.5000000000000009 4.5000000000000009 69.098143236074279 90.002828054298661 4.5000000000000009 1.0000000180025095e-35 71.897435897435912 1.0000000180025095e-35 91.452380952380977 82.097069597069606 4.5000000000000009 58.863819500402911 63.686313686313689 90.287087912087927 54.398864809081537 43.288288288288292 40.590606952163022 41.614617682430087 1.0000000180025095e-35
decision_type=2 2 2 2 2 2 2 2 2 2 2 2 2 2 2 2 2 2 2 2 2 2 2 2 2 2 2 2 2 2
left_child=1 5 4 11 9 8 18 15 -1 -2 22 12 -3 -10 17 16 -8 -15 19 -5 -21 -22 23 24 -7 -26 -4 28 -17 -13
right_child=2 3 26 6 -6 10 7 -9 13 -11 -12 29 -14 14 -16 27 -18 -19 -20 20 21 -23 -24 -25 25 -27 -28 -29 -30 -31
leaf_value=-0.082016490691780727 -0.047612481406126221 -0.06968748804634993 0.05396732540697028 0.1102283055174639 0.085812954613970288 -0.081552954035881142 -0.082394134221262919 0.087121638885591962 0.055169571506889323 0.030755475658439391 0.095446605789598474 -0.081775556588589482 0.052095327344208985 -0.014385716911958843 0.020784031106866108 -0.088396275377552611 0.017417531890603546 -0.094616829377755979 0.082678487889983401 -0.074125368485694634 0.083023785881135875 0.0067027182186528709 -0.1206727361615344 -0.0019744066089483407 -0.083818732841751245 0.08223874006695317 0.08265422779911763 -0.11978539723161795 -0.050941651203135797 -0.10513858917094721
leaf_weight=5.4988838098943216 4.3516823519021255 1.640321809798482 1.54399113357067 1.1393496468663231 3.6565446183085433 141.48287837859243 1.0090676769614202 2.8368639834225178 1.6142968274652956 4.7498601004481316 0.3818076103925695 2.0811054613441229 1.3936830963939426 2.0946271363645796 2.1876361146569252 2.07860684208572 1.6534904669970274 1.5626558251678941 4.5072192493826151 0.951887797564268 2.0045781396329407 1.9901087284088133 1.4439446907490481 1.117511499673127 2.7205563709139819 0.59081371128559101 139.30485477484763 0.52700338885188092 0.51082862727344025 1.0000303126871588
leaf_count=251 32 36 28 7 97 7634 38 52 21 37 4 106 38 33 17 92 26 18 99 9 59 27 30 29 119 3 4516 13 12 7
internal_value=-0.000859162 -0.0652722 0.0771458 0.00830573 0.0198046 -0.0768674 0.0274541 -0.0092945 -0.0381582 -0.00671427 -0.0802626 -0.0518436 -0.013746 -0.00582612 -0.0226724 -0.0566244 -0.0204095 -0.0486663 0.0573434 0.0385802 0.0220775 0.0450015 -0.0807179 -0.0803225 -0.0809272 -0.0541908 0.0823398 -0.087565 -0.0810074 -0.0893584
internal_weight=339.627 186.02 153.607 25.3241 12.7581 160.696 19.209 8.61586 12.9581 9.10154 147.738 6.11514 3.034 7.45922 5.84492 5.779 2.66256 3.65728 10.5931 6.08592 4.94657 3.99469 147.356 145.912 144.794 3.31137 140.849 3.11644 2.58944 3.08114
internal_count=13490 8780 4710 621 166 8159 434 233 340 69 7819 187 74 89 68 181 64 51 201 102 95 86 7815 7785 7756 122 4544 117 104 113
is_linear=0
shrinkage=0.08


Tree=38
num_leaves=31
num_cat=0
split_feature=4 0 2 8 4 12 4 6 4 3 12 1 9 12 0 3 2 3 11 9 1 4 2 1 4 0 2 4 4 4
split_gain=244.065 23.1768 7.07526 4.90064 3.71936 3.53483 3.39808 6.16055 3.90529 2.55001 1.69475 1.59503 1.56888 1.03844 0.981073 1.07082 0.883923 0.846407 0.985711 1.23936 0.487665 0.474912 2.31663 0.74451 0.377375 0.204881 0.0866146 0.0818569 0.0144475 0.00439372
threshold=69.183285849952526 90.52111410601978 43.288288288288292 14.500000000000002 1.0000000180025095e-35 6.5000000000000009 23.670062252405213 1.0000000180025095e-35 52.843665768194079 82.696216575415704 7.5000000000000009 68.133462282398469 1.0000000180025095e-35 5.5000000000000009 69.098143236074279 90.002828054298661 71.897435897435912 91.452380952380977 4.5000000000000009 1.0000000180025095e-35 56.294014084507047 55.059167663874497 65.345368916797511 56.635220125786169 51.304742455184943 85.994397759103649 52.240802675585286 49.193338537600845 90.346475507765845 29.181873479318742
decision_type=2 2 2 2 2 2 2 2 2 2 2 2 2 2 2 2 2 2 2 2 2 2 2 2 2 2 2 2 2 2
left_child=1 4 5 6 9 12 11 8 27 25 21 -3 13 -2 -11 16 -16 -13 -19 -20 29 -6 23 26 -9 -1 -23 -8 -7 -5
right_child=2 3 -4 20 10 28 7 24 -10 14 -12 17 -14 -15 15 -17 -18 18 19 -21 -22 22 -24 -25 -26 -27 -28 -29 -30 -31
leaf_value=-0.081831053501164847 -0.068890769516629785 -0.015995482847418589 0.08244388126477635 -0.090368584859788312 -0.081476852011556314 0.095459119110912566 -0.082055648216965607 0.05207271372010893 0.066661312110743054 0.048679679637650491 0.094171215368044139 0.11606155838975013 0.034582532873667068 -0.00050800199559492009 -0.013390574100926683 0.022213497961322784 -0.093165710863897758 0.083469354046406985 -0.0089564208096162539 0.084316840211052874 -0.17936638544152594 -0.08204994491763172 0.014345130336674942 -0.191609416091433 0.11137729241165933 -0.023541247294001262 -0.043324358303489213 -0.11292349050836725 0.083017979017759452 -0.081726886200951129
leaf_weight=4.9516045264899713 2.5203389264643175 1.8311744034290374 128.90936257317662 0.5391691811382765 129.78775141295046 0.72848618030547996 4.68262164108455 1.1868248619139197 1.351234149187803 1.6801773272454736 0.35703110694885154 1.735865842550991 4.055013719946146 3.2590735480189323 2.0712744146585469 2.2928306236863136 1.5572094470262525 3.7459924165159464 2.4341288730502129 1.4577273447066548 0.42840662505477656 4.6555909402668467 1.9442126248031852 0.40571902506053437 1.6296590473502872 0.41853952780365933 0.40151578001677979 0.62297039851546276 3.3194104358553886 1.2483823020011184
leaf_count=247 21 9 4516 12 7569 6 215 9 18 21 4 12 38 25 33 20 19 111 30 38 13 229 28 11 36 7 17 7 104 65
internal_value=-0.000855233 -0.0646317 0.0766 0.0103594 -0.0760377 0.0223349 0.0224759 -0.0127939 -0.0547571 -0.0350873 -0.0798994 0.0522952 -0.00356412 -0.030329 -0.0052742 -0.0205837 -0.0476271 0.065636 0.0541757 0.0259799 -0.102706 -0.0803524 -0.0606499 -0.0873405 0.0863872 -0.077288 -0.0789753 -0.0856801 0.085257 -0.0843334
internal_weight=316.209 173.418 142.792 22.8942 150.523 13.8823 20.6782 9.47331 6.65683 12.9716 137.552 11.2049 9.83443 5.77941 7.60149 5.92131 3.62848 9.37371 7.63785 3.89186 2.21596 137.195 7.40704 5.46283 2.81648 5.37014 5.05711 5.30559 4.0479 1.78755
internal_count=13490 8780 4710 575 8205 194 485 285 240 347 7858 200 84 46 93 72 52 191 179 68 90 7854 285 257 45 254 246 222 110 77
is_linear=0
shrinkage=0.08


Tree=39
num_leaves=31
num_cat=0
split_feature=4 0 2 1 4 5 3 5 4 6 12 1 12 3 1 0 3 1 9 12 1 12 4 2 1 5 0 3 2 4
split_gain=223.431 21.5693 7.0966 3.60556 3.42725 3.24262 2.62173 2.60009 5.08185 2.66987 1.56048 1.32011 2.12687 1.01362 1.18619 0.83532 0.793036 0.796896 0.767777 0.850978 0.664305 0.63838 0.412454 1.91899 0.673553 0.334835 0.221567 0.397776 0.094654 0.0675085
threshold=69.183285849952526 89.08730158730161 38.529014844804323 68.133462282398469 1.0000000180025095e-35 83.598954380639199 82.696216575415704 22.82097649186257 52.843665768194079 1.0000000180025095e-35 7.5000000000000009 32.071428571428577 5.5000000000000009 86.076511723570562 58.578637510513055 69.098143236074279 90.002828054298661 70.087719298245631 1.0000000180025095e-35 2.5000000000000004 81.892697466467965 4.5000000000000009 55.059167663874497 65.345368916797511 57.735042735042732 1.0000000180025095e-35 43.557312252964429 64.055801224918881 52.419984387197509 49.193338537600845
decision_type=2 2 2 2 2 2 2 2 2 2 2 2 2 2 2 2 2 2 2 2 2 2 2 2 2 2 2 2 2 2
left_child=1 4 5 13 6 11 -1 18 9 29 22 12 -2 -3 25 -8 17 -17 19 -5 -21 -22 -6 24 28 -15 27 -4 -24 -9
right_child=2 3 26 7 10 -7 15 8 -10 -11 -12 -13 -14 14 -16 16 -18 -19 -20 20 21 -23 23 -25 -26 -27 -28 -29 -30 -31
leaf_value=-0.08171922784073804 -0.028805736153483377 -0.085493959965599761 0.009756059074582317 0.098719733808360605 -0.081362266362865227 0.086975445843411686 0.043186706067348458 -0.081983247128359305 0.086120382969027964 0.048122429329581856 0.093007374363573717 -0.060306897229922198 0.062342645545174893 0.077567933003439435 -0.066186362479593738 -0.012242718327416293 0.017419793904739508 -0.090878033938390668 0.080634819118730952 -0.030702637964630918 0.012335557608133305 0.084507759060972062 -0.081891515856633887 0.0087936260441427473 -0.19106388009619857 0.0014806856116695763 0.082318303285277769 0.083510872729135863 -0.040819522529381182 -0.1120796887700687
leaf_weight=4.7095810389146191 3.7818997632712108 2.5217484347522285 0.75698408856987853 1.0807118304073826 119.35145331174135 3.1772422678768626 1.7396968528628347 3.3742817556485529 2.4424250759184361 1.2468234859406946 0.33353697508573432 2.2391003603115678 2.8907633759081364 0.63281674683094047 1.5585867809131739 2.0198181867599492 2.1790040358901024 1.3940622657537458 3.9467858280986547 1.2230441719293592 2.2070790454745297 1.2168026920408008 4.3261091867461792 1.8374498039484022 0.36653090920299281 0.8918131235986948 118.72907990589738 1.225851049646735 0.39161807019263495 0.5555161591619252
leaf_count=251 26 112 17 10 7532 87 21 163 52 11 4 22 31 3 33 33 17 18 99 9 53 30 230 26 10 39 4491 36 17 7
internal_value=-0.000851182 -0.064046 0.076023 0.00788445 -0.0759257 0.0175851 -0.0351425 0.025957 -0.0089977 -0.0538762 -0.0798047 -0.00715411 0.010682 -0.0478762 -0.0171089 -0.0052271 -0.0202865 -0.0443535 0.0534854 0.0347773 0.0199065 0.0379846 -0.0802612 -0.0612754 -0.0865983 0.0330617 0.0818754 0.0553536 -0.0784821 -0.0862377
internal_weight=294.348 161.547 132.801 22.8984 138.649 12.089 12.0422 17.2935 7.61905 5.17662 126.607 8.91176 6.67266 5.60497 3.08322 7.33258 5.59288 3.41388 9.67442 5.72764 4.64693 3.42388 126.273 6.92171 5.08426 1.52463 120.712 1.98284 4.71773 3.9298
internal_count=13490 8780 4710 621 8159 166 340 434 233 181 7819 79 57 187 75 89 68 51 201 102 92 83 7815 283 257 42 4544 53 247 170
is_linear=0
shrinkage=0.08


Tree=40
num_leaves=31
num_cat=0
split_feature=4 0 2 8 4 4 10 6 4 3 12 1 11 12 8 2 4 12 4 2 1 1 2 4 4 12 8 4 3 4
split_gain=204.514 20.1006 7.03123 4.22371 3.48706 3.35783 2.91875 5.11567 3.58624 2.50133 1.82579 2.22358 1.75884 1.43479 0.854043 1.02261 0.532225 0.519443 0.460027 1.82324 0.57363 0.412243 0.110737 0.0718517 0.0109038 0.0108852 0.00973461 0.00281058 0.00229794 0.00458069
threshold=69.183285849952526 89.08730158730161 43.288288288288292 14.500000000000002 1.0000000180025095e-35 94.559548978153643 1.0000000180025095e-35 1.0000000180025095e-35 52.843665768194079 82.696216575415704 5.5000000000000009 28.86904761904762 5.5000000000000009 7.5000000000000009 7.5000000000000009 71.897435897435912 50.926243567753012 3.5000000000000004 55.059167663874497 65.345368916797511 58.578637510513055 60.158730158730172 54.692082111436953 50.926243567753012 29.181873479318742 6.5000000000000009 8.5000000000000018 29.181873479318742 91.452380952380977 48.304597701149433
decision_type=2 2 2 2 2 2 2 2 2 2 2 2 2 2 2 2 2 2 2 2 2 2 2 2 2 2 2 2 2 2
left_child=1 4 5 6 9 10 7 8 23 -1 -2 -12 17 18 15 -11 -9 -8 28 20 22 27 -20 24 -3 -7 -19 -5 -6 -30
right_child=2 3 -4 21 13 25 12 16 -10 14 11 -13 -14 -15 -16 -17 -18 26 19 -21 -22 -23 -24 -25 -26 -27 -28 -29 29 -31
leaf_value=-0.081585025660233429 -0.040450086234077691 -0.06895791709056627 0.082073190868684129 -0.08876690269229634 -0.081217818969039512 0.09131912631025621 0.04102638138292293 0.038944144333426529 0.064776471214944342 0.04667991327105675 0.081687591266951354 -0.027371523533010225 -0.0016007486468465025 0.091944355113921739 -0.053533948206815403 -0.022295233407741224 0.11191064481275299 0.083177367070390279 -0.081744924683182771 0.0080721608613085853 -0.18548620788728634 -0.17391367178214118 -0.035298155878945775 -0.11536501437675808 -0.081916651192491377 0.082181423048838825 0.092884877563826573 -0.08148026409437796 -0.081326675164421561 -0.091673351657259816
leaf_weight=4.3543523764237744 4.6868841405957919 0.46110031940043317 110.32674270682037 0.47171929758042042 109.05877882894129 1.2942310143262141 2.7435972951352596 1.1358311586081984 1.3142997436225412 2.6263870038092136 2.5127671360969543 2.2840852122753859 3.2804865911602974 0.31130784004926582 1.7541483864188192 2.8886360228061676 1.4649167377501724 3.9138370212167501 4.0386241702362886 1.8413710501044986 0.34229478053748597 0.40021572820842255 0.35760863497853268 0.41519566159695376 4.2075705090537667 2.347975492477417 0.7954987809062003 1.2021543420851228 0.84932244662195333 0.40416159480810165
leaf_count=251 36 26 4516 12 7473 24 33 10 20 31 24 18 37 4 26 32 37 128 232 26 9 11 16 6 221 92 7 73 54 5
internal_value=-0.000846203 -0.0634063 0.0754878 0.00762422 -0.0754296 0.0201362 0.0190391 -0.0145636 -0.0530199 -0.0336352 -0.00493918 0.0297576 0.0472115 -0.0795745 -0.0049125 0.0105524 0.0800438 0.0686968 -0.0800313 -0.0594822 -0.0857336 -0.100973 -0.0779667 -0.083473 -0.0806368 0.0854284 0.0848172 -0.0835337 -0.081257 -0.0846628
internal_weight=274.086 150.633 123.453 21.8064 128.827 13.1259 19.7323 8.99891 6.39817 11.6235 9.48374 4.79685 10.7334 117.203 7.26917 5.51502 2.60075 7.45293 116.892 6.5799 4.73853 2.07409 4.39623 5.08387 4.66867 3.64221 4.70934 1.67387 110.312 1.25348
internal_count=13490 8780 4710 621 8159 194 525 320 273 340 78 42 205 7819 89 63 47 168 7815 283 257 96 248 253 247 116 135 85 7532 59
is_linear=0
shrinkage=0.08


Tree=41
num_leaves=31
num_cat=0
split_feature=4 3 3 4 5 11 1 9 3 3 11 5 5 4 6 3 3 8 8 5 3 11 12 11 3 6 4 3 1 3
split_gain=187.289 19.8167 6.01922 4.48142 3.29089 2.43231 2.48177 1.93295 1.78184 1.76036 1.71876 1.70128 1.64247 3.78245 2.05459 1.39924 3.42462 2.77628 1.30577 1.04194 0.37133 1.25527 0.369379 0.356702 0.25349 6.91116 0.445444 0.203406 0.0813618 0.156954
threshold=70.320320320320334 90.002828054298661 52.7886002886003 1.0000000180025095e-35 83.598954380639199 5.5000000000000009 87.609649122807028 1.0000000180025095e-35 70.420701303054258 88.850524475524495 8.5000000000000018 65.648320895522403 22.82097649186257 52.843665768194079 1.0000000180025095e-35 86.076511723570562 83.123503752794377 4.5000000000000009 8.5000000000000018 64.56575682382136 63.514309764309765 4.5000000000000009 3.5000000000000004 6.5000000000000009 85.968567251462005 1.0000000180025095e-35 63.686313686313689 93.694500180068971 30.901856763925732 58.082894774071256
decision_type=2 2 2 2 2 2 2 2 2 2 2 2 2 2 2 2 2 2 2 2 2 2 2 2 2 2 2 2 2 2
left_child=1 3 4 8 7 12 27 -2 -1 10 15 24 18 14 -14 16 17 -10 22 -15 21 28 -3 -8 -5 26 -26 -7 -4 -30
right_child=2 5 20 11 -6 6 23 -9 9 -11 -12 -13 13 19 -16 -17 -18 -19 -20 -21 -22 -23 -24 -25 25 -27 -28 -29 29 -31
leaf_value=-0.081637062943183028 -0.0728572658276294 0.040341856235653256 0.099987864992312603 -0.080969009474243875 0.086760523421054739 -0.087356780294169156 0.0012790471918081834 0.021327940746217935 -0.05626888807286079 -0.098415718052583284 -0.070521046802367454 0.073091519011793823 -0.087383920379584715 0.094026789907994207 0.046512206263695587 0.070491694739838476 -0.087562219272008662 0.12533448669206784 -0.017185971665952735 -0.012718530048175509 0.081931090243101204 -0.0085283445336458742 0.085913447149034261 0.064528351245450907 -0.081348637219635728 0.19194899835797485 -0.16793568905178297 -0.027990932982040247 0.048804070838520772 0.091462364846597158
leaf_weight=3.0610555177554479 2.7378583364188653 1.5514929387718455 1.2626132071018212 100.04661984648556 2.4236993603408337 2.668280665762722 1.2293045762926342 2.8423228319734335 0.85497639141976689 1.2855064943432797 1.6536604883149264 0.46789052337407966 2.7297542244195943 2.3696395717561249 1.0029161497950552 2.3296435065567493 1.8643889818340538 1.4566813185811041 1.2217882610857485 0.77716096490621556 100.52858863025904 1.2849520295858381 4.274436429142952 1.0650719674304125 8.5182745782658404 0.61553487926721651 0.39801524579525072 0.42872759699821461 0.90775061771273646 1.4085511676967142
leaf_count=193 21 27 18 7313 76 118 28 30 31 13 39 6 116 53 7 18 29 22 9 21 4443 20 134 24 584 9 2 20 28 38
internal_value=-0.000839815 -0.0621033 0.0758073 -0.0739742 0.00892435 0.0132032 -0.0324208 -0.0248831 -0.0285939 -0.0114028 0.00230612 -0.0791314 0.0308648 0.00305786 -0.0514079 0.0208178 -0.00689317 0.0581677 0.058008 0.067664 0.0808866 0.0592983 0.0737774 0.03064 -0.0797813 -0.0673155 -0.0852138 -0.0791386 0.0836503 0.0747447
internal_weight=255.267 141.871 113.396 122.552 8.00388 19.3186 5.39138 5.58018 12.5059 9.44486 8.15935 110.046 13.9272 6.87947 3.73267 6.50569 4.17605 2.31166 7.04772 3.1468 105.392 4.86387 5.82593 2.29438 109.578 9.53182 8.91629 3.09701 3.57891 2.3163
internal_count=13490 8816 4674 8259 127 557 190 51 345 152 139 7914 367 197 123 100 82 53 170 74 4547 104 161 52 7908 595 586 138 84 66
is_linear=0
shrinkage=0.08


Tree=42
num_leaves=31
num_cat=0
split_feature=12 3 5 5 0 1 0 1 11 5 0 5 5 11 9 5 0 3 0 11 9 2 2 9 5 3 2 3 11 5
split_gain=147.386 14.6064 12.6209 8.01029 5.55695 4.72592 4.4611 2.60409 2.02459 1.89719 1.86842 2.06254 1.63003 1.38082 1.41842 1.35783 1.40818 4.29344 1.28023 1.15432 0.908195 0.891012 2.68735 1.19011 0.666286 0.652845 0.642128 1.78426 0.631196 0.626002
threshold=3.5000000000000004 90.002828054298661 46.563533301842234 65.648320895522403 13.118279569892474 81.557067271353006 99.450549450549474 70.678733031674213 2.5000000000000004 46.037455749685975 35.948717948717956 79.388422035480872 33.124926732054242 6.5000000000000009 1.0000000180025095e-35 1.0000000180025095e-35 58.123167155425229 82.696216575415704 23.669467787114851 4.5000000000000009 1.0000000180025095e-35 71.503759398496257 72.318007662835257 1.0000000180025095e-35 49.28556848336396 87.877122877122886 51.66852057842047 65.35284378441537 6.5000000000000009 22.82097649186257
decision_type=2 2 2 2 2 2 2 2 2 2 2 2 2 2 2 2 2 2 2 2 2 2 2 2 2 2 2 2 2 2
left_child=1 3 5 6 -5 8 15 13 -2 12 11 18 19 14 25 16 17 -1 -4 -3 -6 -10 -23 -24 -17 -8 27 -18 -26 -7
right_child=2 9 10 4 20 29 7 -9 21 -11 -12 -13 -14 -15 -16 24 26 -19 -20 -21 -22 22 23 -25 28 -27 -28 -29 -30 -31
leaf_value=-0.081200714913224059 0.048921360478470753 0.086476545572065841 0.064023427740318523 -0.13431076472003223 0.039387119508423642 0.066029144807568468 -0.087090606160429559 0.075802067192631148 -0.082073763901304039 0.080122728757806766 0.0801822127090904 0.089584362215656119 -0.059682245923898529 -0.08611126360096899 0.091373812263830928 -0.080631014898790918 -0.081278288549732527 0.21347095767713195 -0.041797052574742047 -0.0042447663423233429 0.12033111827051682 0.10748749416408043 -0.098623820272519522 0.0079839211030110976 -0.034475098579240172 0.004669213910042035 -0.069169493378521227 0.15224946535985834 -0.083980102744313556 0.022050376523353028
leaf_weight=0.83978026919066706 1.4465239243581907 1.6173775661736711 1.0819687191396945 0.96091830730438133 1.6669479086995125 4.5734028667211515 0.89704067632555951 1.7284314725548027 3.7372629530727863 3.8267013635486364 89.046454581432045 2.4073934499174356 1.6534820375964043 2.1682767271995544 0.77018509805202473 90.343750284053385 0.57970588374882925 0.50780945271253586 2.2601343141868711 2.0170090431347489 1.8963642511516809 0.75928733497858081 1.9144134148955345 1.0311481477692723 4.0343219991773358 1.1106056831777094 5.9520346485078335 0.32779231015592813 2.7870770897716284 3.7863950915634632
leaf_count=61 39 28 25 4 45 154 45 40 212 164 4201 73 92 105 17 7148 40 4 42 57 52 18 62 42 178 15 198 10 161 158
internal_value=-0.000839779 -0.0603139 0.0658753 -0.0679399 0.036423 0.00293034 -0.0721538 -0.00872836 -0.0376802 0.037218 0.0773283 0.033128 0.00616883 -0.0382678 -0.000922811 -0.0761714 -0.0449242 0.0298398 -0.00753885 0.0361281 0.0824648 -0.054513 -0.026711 -0.0613038 -0.0788107 -0.0363302 -0.059612 0.00307296 -0.0547018 0.0461099
internal_weight=237.73 125.686 112.044 116.571 4.52423 17.2484 112.047 6.67454 8.88864 9.11457 94.796 5.7495 5.28787 4.94611 2.77783 105.372 8.20712 1.34759 3.3421 3.63439 3.56331 7.44211 3.70485 2.94556 97.1651 2.00765 6.85953 0.907498 6.8214 8.3598
internal_count=13490 8464 5026 8123 101 685 8022 222 373 341 4341 140 177 182 77 7800 313 65 67 85 97 334 122 104 7487 60 248 50 339 312
is_linear=0
shrinkage=0.08


Tree=43
num_leaves=31
num_cat=0
split_feature=4 0 0 8 4 3 2 9 4 11 1 12 10 4 9 4 4 4 3 2 3 4 2 2 3 11 2 2 2 2
split_gain=158.336 18.4461 5.83284 3.60183 3.58926 2.29926 2.02533 2.61155 2.14453 1.92967 1.97471 1.9146 1.37279 2.99848 0.887318 0.768115 2.00032 0.772777 0.686281 0.609412 1.62383 0.477104 1.8413 0.311333 0.282386 0.258299 0.241749 0.34152 0.0612878 0.0254522
threshold=72.281323877068573 89.08730158730161 9.3073593073593077 14.500000000000002 1.0000000180025095e-35 82.696216575415704 43.288288288288292 1.0000000180025095e-35 95.672976908674869 4.5000000000000009 68.133462282398469 7.5000000000000009 1.0000000180025095e-35 49.844720496894418 1.0000000180025095e-35 28.187071144817626 46.885775862068975 34.656167979002632 48.79160694378087 58.397435897435898 88.007724301841975 55.059167663874497 65.345368916797511 65.345368916797511 52.417881682587577 5.5000000000000009 58.578637510513055 52.240802675585286 99.450549450549474 75.204918032786892
decision_type=2 2 2 2 2 2 2 2 2 2 2 2 2 2 2 2 2 2 2 2 2 2 2 2 2 2 2 2 2 2
left_child=1 4 -2 9 5 -1 7 8 -4 10 -3 21 13 28 -14 29 17 -17 -9 -7 -21 -6 26 -5 -20 -16 27 -23 -11 -12
right_child=2 3 6 23 11 19 -8 18 -10 12 15 -13 14 -15 25 16 -18 -19 24 20 -22 22 -24 -25 -26 -27 -28 -29 -30 -31
leaf_value=-0.081304077852620213 -0.11942033677480306 -0.058671282129725368 -0.020887215499650922 -0.083113736253321802 -0.081004216766454779 0.037948646066014252 0.081634861157523816 0.13225554030912576 0.087230193150001578 -0.08131352317202431 0.097805772954794021 0.092186058089668108 -0.0049107697274682052 0.058246080439248005 0.091999497482713924 0.027043578404082488 0.080430773131042466 -0.082104302291955242 0.031144192313157345 -0.086193524305560348 0.01323164151227166 -0.084682739639555193 0.0096411796946539539 -0.16763708078385164 0.089679486866730204 0.035462010073624713 -0.14228934618856739 0.00056357105621171986 -0.11116442956470039 0.082564525042212011
leaf_weight=3.5557985873892886 0.96988729387521644 1.0116824917495311 4.2040930520743114 1.3909663325175632 87.373987937346101 1.8009171392768619 86.518203798681498 1.6974374484270813 1.6291343346238134 2.2259273882955299 0.93351040221750592 0.41801189631223579 3.0894859470427036 1.3473383001983164 1.0001819450408223 0.77238396927714326 2.618041692301631 0.89760006312280893 0.93471734784543548 1.4949114052578805 3.5427976530045271 4.3240477899089447 1.8296526800841091 0.34884959552437056 1.210583785548806 1.070896293967962 0.41771696694195259 0.32326300162821997 0.54869641456753004 2.8182470221072435
leaf_count=251 6 20 30 88 7532 23 4457 33 53 159 8 5 36 31 27 18 87 41 20 32 34 247 31 8 35 17 13 15 18 115
internal_value=-0.000838835 -0.0603255 0.0757847 0.00994387 -0.0737492 -0.0291246 0.0777528 0.0430416 0.00930838 0.0203829 0.046666 -0.0786479 -0.00524596 -0.0396695 0.0222496 0.0599211 0.0367914 -0.0316223 0.0942482 -0.00199342 -0.0162722 -0.0794055 -0.0591451 -0.100061 0.0641754 0.0627656 -0.083993 -0.0787531 -0.0872167 0.0863568
internal_weight=222.319 125.155 97.1641 20.0738 105.081 10.3944 96.1942 9.67597 5.83323 18.334 9.05147 94.6867 9.28253 4.12196 5.16056 8.03978 4.28803 1.66998 3.84274 6.83863 5.03771 94.2687 6.89468 1.73982 2.1453 2.07108 5.06503 4.64731 2.77462 3.75176
internal_count=13490 8856 4634 673 8183 340 4628 171 83 577 289 7843 288 208 80 269 146 59 88 89 66 7838 306 96 55 44 275 262 177 123
is_linear=0
shrinkage=0.08


Tree=44
num_leaves=31
num_cat=0
split_feature=12 0 5 5 0 1 3 5 10 6 11 2 5 5 3 8 2 1 11 2 2 9 11 9 8 5 11 5 5 11
split_gain=122.906 12.5488 11.3096 6.44943 4.31977 3.88427 2.91534 2.86208 1.84928 2.07692 1.79354 1.79346 2.06523 1.30645 1.43083 1.2269 1.20733 1.14074 1.05677 0.921528 1.88098 1.80058 1.20033 0.887643 0.709954 0.65747 0.671815 0.565706 0.974593 0.709699
threshold=3.5000000000000004 87.068004459308824 46.563533301842234 65.648320895522403 13.118279569892474 81.557067271353006 90.287087912087927 40.827011432845396 1.0000000180025095e-35 1.0000000180025095e-35 5.5000000000000009 33.520599250936336 79.388422035480872 1.0000000180025095e-35 82.696216575415704 4.5000000000000009 25.22727272727273 69.028213166144226 5.5000000000000009 71.503759398496257 72.318007662835257 1.0000000180025095e-35 2.5000000000000004 1.0000000180025095e-35 2.5000000000000004 49.28556848336396 6.5000000000000009 22.82097649186257 39.513565461669259 5.5000000000000009
decision_type=2 2 2 2 2 2 2 2 2 2 2 2 2 2 2 2 2 2 2 2 2 2 2 2 2 2 2 2 2 2
left_child=1 3 5 6 -5 10 13 8 9 -3 19 12 16 14 -1 -16 -4 -10 -8 22 -21 -22 -2 -6 -19 -15 -27 29 -29 -7
right_child=2 7 11 4 23 27 18 -9 17 -11 -12 -13 -14 25 15 -17 -18 24 -20 20 21 -23 -24 -25 -26 26 -28 28 -30 -31
leaf_value=-0.081202738419247786 0.038552678775316818 -0.07841158913227006 0.061090928262925275 -0.1221745326234433 0.035281500632711946 0.082663709203693911 0.06155642175010255 0.064357454352062249 -0.026443760735999959 0.082422793935686758 -0.082764871665166009 0.079576679753561128 0.08903992822856735 -0.080367836986610708 -0.051385316122533144 0.039831786047585992 -0.047742872384421438 0.0095575547426960047 -0.054307465519205296 0.12565554002267143 -0.099344919824001218 0.066208494322339106 -0.081033848489319396 0.12214618629619638 0.088777479211459259 -0.03196169927497098 -0.086270512119003703 -0.022836030120750785 0.061539213376475645 0.0051229355984835226
leaf_weight=3.286345997825264 0.80599405337124919 3.3692880598828183 0.96447792369872276 0.90133671462535803 1.5513668265193701 3.0947609432041636 1.3570226365700357 4.6130137601867309 2.0415480490773916 0.60632763244211663 3.1905975965783 76.528049495071173 2.248006135225296 76.874558236915618 2.0354926576837902 1.7594061139971016 2.0157502805814147 1.3648829031735661 0.80129459593445052 0.84122979454696212 0.88622390665113904 0.79999516159296036 1.610618903301656 1.4627968743443489 1.5419179052114484 3.7383737927302709 2.3895798879675567 1.7277616616338494 1.777501832693815 0.99937687069177616
leaf_count=251 25 240 28 4 46 132 34 229 14 11 206 4198 78 7110 32 23 37 29 51 10 34 25 73 40 14 178 158 73 85 22
internal_value=-0.000833291 -0.0589212 0.0645263 -0.0690736 0.0314875 0.00241476 -0.0733422 0.0131944 -0.013253 -0.0538825 -0.0360041 0.0764797 0.0311473 -0.0755436 -0.0425595 -0.00909488 -0.0125215 0.0193896 0.0185409 -0.00582752 0.0279451 -0.0208012 -0.0411491 0.0774376 0.0515799 -0.0783576 -0.0531393 0.0435396 0.0199502 0.063736
internal_weight=207.185 109.695 97.4903 96.1576 3.9155 15.7341 92.2421 13.537 8.92396 3.97562 8.13466 81.7563 5.22823 90.0838 7.08124 3.7949 2.98023 4.94835 2.15832 4.94406 2.52745 1.68622 2.41661 3.01416 2.9068 83.0025 6.12795 7.5994 3.50526 4.09414
internal_count=13490 8464 5026 7927 90 685 7837 537 308 251 373 4341 143 7752 306 55 65 57 85 167 69 59 98 86 43 7446 336 312 158 154
is_linear=0
shrinkage=0.08


Tree=45
num_leaves=31
num_cat=0
split_feature=4 0 0 4 8 3 5 9 3 11 12 5 4 6 5 5 6 8 8 1 11 9 4 3 1 4 12 8 3 11
split_gain=133.786 15.825 4.81961 3.61652 3.02978 2.066 3.59967 2.08522 2.05913 1.6687 1.65619 1.3641 4.23081 1.01818 0.889929 1.31249 0.796733 0.758343 0.786244 0.650128 0.684357 0.903789 0.638811 2.45807 0.83039 0.451406 0.444724 0.313825 0.256203 1.46103
threshold=72.281323877068573 89.08730158730161 9.3073593073593077 1.0000000180025095e-35 14.500000000000002 52.7886002886003 49.044430919050527 1.0000000180025095e-35 82.696216575415704 8.5000000000000018 7.5000000000000009 22.82097649186257 46.885775862068975 1.0000000180025095e-35 69.860393956779504 64.56575682382136 1.0000000180025095e-35 7.5000000000000009 3.5000000000000004 68.133462282398469 4.5000000000000009 1.0000000180025095e-35 55.059167663874497 90.287087912087927 65.485893416927908 59.75518734139424 5.5000000000000009 3.5000000000000004 63.514309764309765 4.5000000000000009
decision_type=2 2 2 2 2 2 2 2 2 2 2 2 2 2 2 2 2 2 2 2 2 2 2 2 2 2 2 2 2 2
left_child=1 3 -2 8 9 6 -4 -8 -1 11 14 19 16 25 15 22 -13 18 -10 -3 -21 -22 -5 24 -24 -14 -9 -11 29 -7
right_child=2 4 5 10 -6 28 7 26 17 27 -12 12 13 -15 -16 -17 -18 -19 -20 20 21 -23 23 -25 -26 -27 -28 -29 -30 -31
leaf_value=-0.081109352009788888 -0.10883389342781699 0.00077656523025228241 -0.097297163611448328 -0.080874512267156293 -0.097841909761173643 0.09185600291556531 0.0012154328776026043 0.15143419491623453 -0.013323371423027149 -0.010529600404498336 0.090467807920723828 -0.081448999647962039 -0.028051674959121572 0.097135603213828192 0.09001211265935874 -0.26316513937159636 0.015606016104220287 -0.049327684778496667 0.050719280362629918 0.085427330117223171 0.001111489778404259 0.087236527521404317 -0.082976379128078592 0.11242552951726538 0.0054176244388399533 0.053634192416767749 0.083269186499688244 -0.088608694632867135 0.081426639324584132 -0.014127994659112861
leaf_weight=3.0370308738201839 0.90351872146129508 1.4681898802518896 1.1307270973920811 74.842892160639167 1.5672681038267899 2.8277789019048205 2.0242021540179849 0.99985479749739203 2.905606753192842 0.4940869640558947 0.37060269340872665 2.8017988670617338 0.83899226970970653 2.0780981574207544 0.19881332106888194 0.24812055006623168 0.67095576226711262 1.6125752497464416 2.1235017077997327 3.296545447781682 2.0471463836729527 1.2596350181847813 4.5122099509462705 0.52106484957039345 0.80089476471766818 0.89465931057929993 1.5814004894345997 0.98876324947923422 73.649771925993264 1.1797527372837064
leaf_count=251 6 8 9 7532 96 83 29 7 36 12 5 192 15 79 3 2 4 26 27 124 29 40 275 7 19 26 70 48 4410 20
internal_value=-0.000827639 -0.0591151 0.0749414 -0.0727749 0.00854772 0.0769325 0.0306019 0.0620035 -0.0265414 0.0184499 -0.0782658 0.0262757 0.00117698 0.0593708 -0.0790367 -0.079452 -0.0626974 -0.00158915 0.0137181 0.0489272 0.0596331 0.0339187 -0.078887 -0.0533901 -0.0696519 0.0141027 0.109673 -0.0625927 0.0803548 0.060656
internal_weight=193.876 109.579 84.297 91.1733 18.4061 83.3935 5.73618 4.60546 9.67871 16.8389 81.4946 15.356 7.2845 3.81175 81.124 80.9252 3.47275 6.64168 5.02911 8.07152 6.60333 3.30678 80.6771 5.83417 5.3131 1.73365 2.58126 1.48285 77.6573 4.00753
internal_count=13490 8856 4634 8183 673 4628 115 106 340 577 7843 517 316 120 7838 7835 196 89 63 201 193 69 7833 301 294 41 77 60 4513 103
is_linear=0
shrinkage=0.08


Tree=46
num_leaves=31
num_cat=0
split_feature=4 0 0 4 8 2 5 3 1 4 12 4 4 9 4 5 5 1 4 2 4 4 12 2 9 12 5 12 2 8
split_gain=122.422 14.6746 4.384 3.6423 2.76609 2.21111 2.24826 1.94559 1.91168 2.37243 1.52298 1.43356 3.44002 0.899143 1.2209 0.818429 0.941862 0.81549 0.657586 2.32867 0.645517 1.27379 0.588077 1.34955 0.482455 0.54522 0.286203 0.25167 0.86875 0.206215
threshold=72.281323877068573 89.08730158730161 9.3073593073593077 1.0000000180025095e-35 14.500000000000002 43.288288288288292 49.044430919050527 82.696216575415704 28.86904761904762 89.769754055468354 7.5000000000000009 52.843665768194079 23.670062252405213 1.0000000180025095e-35 46.885775862068975 69.860393956779504 64.56575682382136 68.133462282398469 55.059167663874497 65.648320895522403 34.656167979002632 34.401753304568189 2.5000000000000004 71.503759398496257 1.0000000180025095e-35 2.5000000000000004 71.48070907194996 4.5000000000000009 99.450549450549474 13.500000000000002
decision_type=2 2 2 2 2 2 2 2 2 2 2 2 2 2 2 2 2 2 2 2 2 2 2 2 2 2 2 2 2 2
left_child=1 3 -2 7 11 6 -4 -1 26 -10 15 12 17 -14 20 16 18 -3 -5 29 21 -15 -9 -24 25 -19 -8 28 -27 -20
right_child=2 4 5 10 -6 -7 8 22 9 -11 -12 -13 13 14 -16 -17 -18 24 19 -21 -22 -23 23 -25 -26 27 -28 -29 -30 -31
leaf_value=-0.081023284322024006 -0.10389801622068427 -0.011664727384339863 -0.058918929765741222 -0.080807747334882385 -0.097382800169767803 0.081294223051633044 0.12273106676696138 0.032310301856393664 -0.042506110000497234 0.084816896875680337 0.089599209427155671 0.072337933210908409 -0.085584496788558104 -0.081385810450689711 0.067028570180484665 0.089181922718924389 -0.23151382753520924 0.086771164804175224 -0.089244986793368938 0.038675022809623136 -0.095677458308024196 0.099269845776811527 -0.06042934415571919 0.028289606209386458 0.077335972538711745 0.060336061918334377 0.077390199043645136 0.051642976253301595 -0.039693290673597205 -0.038807926508460648
leaf_weight=2.8063901299610716 0.87203001417219539 1.6900635659694723 1.2913543879985789 69.143469425849617 1.4533230364322651 68.723867596127093 1.5618478152900936 2.1965196812525392 2.0526241175830369 1.7226649550721047 0.34529057517647643 2.5931723928079 2.0978682227432719 0.5915425522252924 0.80265560001134861 0.18516657315194507 0.25898373126983543 0.95564489811658848 3.54660092992708 1.3619317170232532 0.99088104255497444 0.43236405868083239 2.3147572726011276 2.0864061303436756 2.6225263793021441 0.97528798133134897 2.0743658347055316 0.99288130551576603 1.2915228810161352 0.60769470408558834
leaf_count=251 6 9 10 7532 96 4457 14 30 12 70 5 106 152 43 12 3 2 10 234 28 52 4 39 20 98 17 65 31 43 39
internal_value=-0.000819941 -0.0584248 0.0744744 -0.0721779 0.00829995 0.0764833 0.0384931 -0.0252304 0.0554658 0.0155914 -0.0780295 0.0178776 0.00737233 -0.0459323 -0.0164073 -0.0788002 -0.0792154 0.038096 -0.0786871 -0.0521057 -0.0496466 -0.00510052 -0.00149832 -0.0183714 0.0503949 0.0336338 0.0968653 0.0180556 0.00334401 -0.081867
internal_weight=180.642 102.343 78.2988 84.8532 17.4897 77.4267 8.70286 9.40407 7.4115 3.77529 75.4491 16.0364 13.4432 4.91531 2.81744 75.1038 74.9187 8.52793 74.6597 5.51623 2.01479 1.02391 6.59768 4.40116 6.83786 4.21534 3.63621 3.25969 2.26681 4.1543
internal_count=13490 8856 4634 8183 673 4628 171 340 161 82 7843 577 471 263 111 7838 7835 208 7833 301 99 47 89 59 199 101 79 91 60 273
is_linear=0
shrinkage=0.08


Tree=47
num_leaves=31
num_cat=0
split_feature=4 0 3 4 3 4 4 9 0 6 12 11 9 9 0 3 4 2 2 2 12 3 1 4 0 2 4 11 2 0
split_gain=111.943 13.6391 4.35709 3.64859 1.8345 1.80643 3.64338 1.6837 2.88386 1.49456 1.39985 1.13959 1.03647 0.685315 0.612001 0.609168 0.604646 1.42072 0.53856 0.514183 0.490631 0.646644 0.457425 0.248341 0.180548 0.340731 0.154714 0.441408 0.141288 0.0796111
threshold=72.281323877068573 89.08730158730161 52.7886002886003 1.0000000180025095e-35 82.696216575415704 52.419984387197509 23.670062252405213 1.0000000180025095e-35 9.3073593073593077 1.0000000180025095e-35 7.5000000000000009 5.5000000000000009 1.0000000180025095e-35 1.0000000180025095e-35 69.098143236074279 49.911649488855382 55.059167663874497 65.345368916797511 71.503759398496257 30.471628592483423 3.5000000000000004 92.849878586720706 85.053191489361708 88.597091531223285 74.754901960784323 54.692082111436953 75.573686894441622 4.5000000000000009 81.302966101694935 33.084577114427866
decision_type=2 2 2 2 2 2 2 2 2 2 2 2 2 2 2 2 2 2 2 2 2 2 2 2 2 2 2 2 2 2
left_child=1 3 7 4 -1 6 11 -2 -9 -8 16 13 -7 20 -6 23 -5 24 -16 -4 -3 -22 -13 -10 25 -18 27 -21 -14 -28
right_child=2 5 19 10 14 12 9 8 15 -11 -12 22 28 -15 18 -17 17 -19 -20 26 21 -23 -24 -25 -26 -27 29 -29 -30 -31
leaf_value=-0.08094394974291369 -0.034602432460189965 -0.0029904902927142475 0.011870749100106427 -0.080746064073815307 0.039192413788454214 -0.015786200227611121 -0.081323522649632246 -0.10414774391242639 0.14095262477088943 0.027065653040677502 0.08880734136320767 -0.041927999214988382 0.12557976733669457 0.087106371104210004 -0.050664108876291476 0.021802713914551467 -0.083680390495233917 0.0060856512050960071 0.0046324897323763757 0.083621829323686378 -0.015888711021733205 0.082674296064111502 0.019576957989870313 0.083172090146087591 -0.1417292662168223 -0.0023287997605012851 0.10182958883645803 -0.014472745548707054 0.080280270428029363 0.080868342583097774
leaf_weight=2.5930607360787672 2.9096623668447128 1.7424371261149665 0.70243403222411771 63.874245844315737 1.7415257301181553 0.75383765343576614 3.9417937393300226 0.63134701363742385 0.87663327530026469 1.0261342311277983 0.32146959379315276 1.6102697532624008 0.61401962395757448 1.9010689342394469 1.8067672532051799 0.68739027343690384 3.2848675199784338 1.7649001460522411 2.9971910314634442 0.98576283082365879 0.59643111377954494 1.4909001467749476 1.4899636525660751 1.0418465929105876 0.28410556353628624 0.36624078452587117 1.1812699455767859 0.41810331400483847 1.5606827791780233 63.300298470072448
leaf_count=251 36 21 25 7532 21 23 337 4 5 13 5 15 10 81 33 23 249 31 35 57 5 64 28 53 5 21 19 13 76 4399
internal_value=-0.000814825 -0.0576436 0.0740054 -0.0715334 -0.0239964 0.00798284 -0.00412834 0.00956071 0.0492552 -0.0589355 -0.0777486 0.0267035 0.0650496 0.0478407 -0.00143598 0.0864215 -0.0785182 -0.0535529 -0.0161645 0.0799545 0.0283495 0.054511 -0.0123689 0.109574 -0.0803001 -0.0755201 0.0806803 0.054407 0.0930704 0.0812523
internal_weight=168.497 95.7619 72.7347 79.0344 9.13854 16.7275 13.799 6.14688 3.23722 4.96793 69.8958 8.83107 2.92854 5.73084 6.54548 2.60587 69.5744 5.70011 4.80396 66.5879 3.82977 2.08733 3.10023 1.91848 3.93521 3.65111 65.8854 1.40387 2.1747 64.4816
internal_count=13490 8856 4634 8183 340 673 564 121 85 350 7843 214 109 171 89 81 7838 306 68 4513 90 69 43 58 275 270 4488 70 86 4418
is_linear=0
shrinkage=0.08


Tree=48
num_leaves=31
num_cat=0
split_feature=4 0 3 4 8 3 4 9 11 12 9 4 4 11 9 4 4 6 12 4 3 0 11 12 8 3 11 11 1 12
split_gain=102.206 12.675 4.27336 3.4344 2.31446 1.77398 1.64581 1.54394 1.40959 1.28672 1.222 1.61454 1.04056 0.930221 1.39207 0.898199 1.79546 1.12037 0.688273 0.654922 1.03215 2.84293 0.569526 0.954624 0.441456 0.343477 1.39226 0.331367 0.319164 0.165408
threshold=72.281323877068573 87.609649122807028 52.7886002886003 1.0000000180025095e-35 14.500000000000002 82.696216575415704 95.093431159004936 1.0000000180025095e-35 8.5000000000000018 7.5000000000000009 1.0000000180025095e-35 23.670062252405213 66.024884206702396 5.5000000000000009 1.0000000180025095e-35 52.419984387197509 27.344278423415115 1.0000000180025095e-35 2.5000000000000004 55.059167663874497 65.497656177480749 69.309262166405034 5.5000000000000009 3.5000000000000004 8.5000000000000018 63.514309764309765 4.5000000000000009 6.5000000000000009 81.120250685468093 4.5000000000000009
decision_type=2 2 2 2 2 2 2 2 2 2 2 2 2 2 2 2 2 2 2 2 2 2 2 2 2 2 2 2 2 2
left_child=1 3 6 5 8 -1 7 -2 10 19 11 18 -13 -7 -15 16 27 -18 -3 -5 -21 -22 23 -20 -25 26 -4 -12 -10 -6
right_child=2 4 25 9 29 13 -8 -9 28 -11 15 12 -14 14 -16 -17 17 -19 22 20 21 -23 -24 24 -26 -27 -28 -29 -30 -31
leaf_value=-0.08087081337816858 -0.059261778012505817 0.077404003465359528 0.090370252969024345 -0.08068891357660915 -0.082355323478295009 0.030952794333005997 0.083849237636133889 0.033649069211809879 -0.088419472583688624 0.088084712430228918 0.086273699361208864 -0.079787040808490958 0.081432229287085697 -0.084712103811937389 0.0283102199822849 0.090979898897087491 -0.081994563671747525 0.036966435151102379 -0.038552299286108392 -0.08268978341799986 0.091352567364909834 -0.085260196182241191 -0.044777681869336276 0.082466274953522267 -0.00026049332717160495 0.081125536107733626 -0.017570742361119204 0.018995016622943613 -0.0056870591378212409 -0.15236671722479087
leaf_weight=2.3957737041637284 2.3686475139111272 1.1880324799567477 2.3517784886062141 58.875558749772608 1.0057363617233921 3.1000653654336929 1.4335657218471167 2.2151399273425341 0.95101842889562138 0.29908908903598685 2.0465358216315512 1.8957303911447527 0.29626340232789505 1.5132015440613031 1.2937563601881266 2.0416598590090871 1.1332512595690789 0.91641022264957417 0.99128389731049615 3.0403286488726726 0.99121138686314259 1.4174782223999498 0.98411772027611721 1.3796050278469918 0.58912406116724003 58.200834655202925 1.1332891611382363 0.60763779561966647 0.43490272806957364 0.27503403089940537
leaf_count=251 18 11 83 7518 92 28 79 24 48 5 90 142 18 39 16 87 74 8 15 252 25 29 11 64 5 4410 20 9 15 4
internal_value=-0.000807544 -0.0568312 0.0733874 -0.0712405 0.00595581 -0.0228059 0.00903562 -0.0143621 0.0145198 -0.0774634 0.0221025 -0.000523776 -0.0579971 0.000744153 -0.0326189 0.0466697 0.0274372 -0.0288067 0.0240236 -0.0782331 -0.051699 -0.0125814 0.00794463 0.0254733 0.0577111 0.0796648 0.0552695 0.0708711 -0.062458 -0.0973896
internal_weight=157.366 89.6628 67.7033 72.9265 16.7363 8.3028 6.01735 4.58379 15.4556 64.6237 14.0697 7.32416 2.19199 5.90702 2.80696 6.74549 4.70384 2.04966 5.13216 64.3246 5.44902 2.40869 3.94413 2.96001 1.96873 61.6859 3.48507 2.65417 1.38592 1.28077
internal_count=13490 8856 4634 8163 693 334 121 42 597 7829 534 266 160 83 55 268 181 82 106 7824 306 54 95 84 69 4513 103 99 63 96
is_linear=0
shrinkage=0.08


Tree=49
num_leaves=31
num_cat=0
split_feature=4 3 3 6 5 5 0 2 4 4 12 3 3 11 5 8 4 2 0 5 8 2 12 2 3 5 2 4 11 11
split_gain=93.3882 11.952 4.18774 4.03121 5.81782 1.9112 2.43116 1.86106 2.25235 1.77141 2.01276 2.2972 1.87701 1.7615 1.55771 1.55136 1.23244 1.67712 1.01697 0.983919 0.642056 0.931247 1.44559 0.54076 0.511925 0.274879 0.194957 0.168508 0.416464 0.0899908
threshold=72.281323877068573 86.076511723570562 52.7886002886003 1.0000000180025095e-35 20.521541950113384 49.044430919050527 9.3073593073593077 28.831168831168835 86.295149638802897 1.0000000180025095e-35 1.5000000000000002 83.123503752794377 82.696216575415704 5.5000000000000009 31.755368814192344 1.5000000000000002 55.059167663874497 78.629976580796267 89.897959183673478 65.648320895522403 8.5000000000000018 69.309262166405034 3.5000000000000004 30.471628592483423 89.247377622377641 74.527629233511604 86.72955974842769 75.573686894441622 4.5000000000000009 3.5000000000000004
decision_type=2 2 2 2 2 2 2 2 2 2 2 2 2 2 2 2 2 2 2 2 2 2 2 2 2 2 2 2 2 2
left_child=1 9 5 4 13 -2 -7 25 -9 10 -1 12 18 20 -5 -15 -6 -18 -12 26 21 -3 -23 -4 -16 -8 -11 28 -25 -24
right_child=2 3 23 14 16 6 7 8 -10 19 11 -13 -14 15 24 -17 17 -19 -20 -21 -22 22 29 27 -26 -27 -28 -29 -30 -31
leaf_value=-0.08342866311703899 -0.091605072713544108 0.15785685101330851 0.0076592192320542995 -0.072943448748178624 -0.081558490940423653 -0.097094909637260793 0.12691925248960984 -0.10923788722099775 0.082668813541441136 -0.080253666556583364 -0.081131401886419291 -0.068594564220732526 0.16805079453717656 0.02568450011763487 0.17491346305975389 -0.076008234644777087 -0.069259671852810206 0.076877182793775034 0.070569266528283769 0.068472759610896813 0.001453923578425773 -0.013834895690285112 0.059978256116108304 0.083125336735392866 0.086043882723373294 0.073539008859154306 0.009202775148653022 0.080939370849369099 -0.015694748823853372 0.088465156072538048
leaf_weight=2.7988871028646818 1.0099727287888516 0.53456615656614825 0.66392396483570237 0.36080194171518032 7.2326470967382175 0.81163497641682614 1.1180529212579133 0.7871595825999973 0.77853912021964788 54.313399009872228 0.50760495755821489 1.3965054173022506 0.72224103100597847 1.9912694650702181 0.52730886265635502 1.8540085772983728 1.2842975351959469 0.82575674448162306 0.63867244869470596 0.28717588074505229 1.7174035906791685 1.659084854647517 1.0887272143736484 0.84529832843691 1.9449676238000393 1.378726248629391 0.15636628866195579 55.191373844631016 0.40309640951454639 2.0387327196076512
leaf_count=227 9 3 25 6 795 6 11 5 47 7347 44 28 5 36 5 28 17 31 5 6 12 31 53 57 83 43 10 4418 13 84
internal_value=-0.000800299 -0.0560805 0.072816 -0.00703716 -0.0195556 0.00855555 0.02931 0.0545642 -0.0138128 -0.0746748 -0.0336481 0.00902549 0.0670377 0.0201961 0.0823372 -0.0233469 -0.0658645 -0.0120699 0.0033918 -0.0792182 0.0439845 0.0577113 0.046527 0.0794376 0.104999 0.0974426 -0.0799969 0.0802819 0.0512171 0.0785483
internal_weight=146.868 83.8804 62.9878 23.0596 20.2265 5.88409 4.87411 4.06248 1.5657 60.8209 6.06391 3.26502 1.86852 10.8838 2.83308 3.84528 9.3427 2.11005 1.14628 54.7569 7.03851 5.32111 4.78654 57.1037 2.47228 2.49678 54.4698 56.4398 1.24839 3.12746
internal_count=13490 8856 4634 1184 1090 121 112 106 52 7672 309 82 54 247 94 64 843 48 49 7363 183 171 168 4513 88 54 7357 4488 70 137
is_linear=0
shrinkage=0.08


Tree=50
num_leaves=31
num_cat=0
split_feature=4 3 1 6 4 4 4 1 8 11 8 12 1 4 0 4 1 1 12 12 3 4 1 11 4 12 3 1 3 1
split_gain=85.3971 10.5821 4.58034 3.32361 5.53662 1.92517 1.74435 2.32138 1.72145 1.51712 1.37563 0.992786 1.76011 0.926137 1.00754 0.869093 0.797976 0.958621 0.713103 0.625449 0.367605 0.209821 0.16246 0.021 0.0212719 0.00730582 0.00625169 0.00235775 0.00159931 0.00138507
threshold=70.320320320320334 86.076511723570562 43.288288288288292 1.0000000180025095e-35 22.660960902548151 94.559548978153643 1.0000000180025095e-35 69.631093544137045 21.500000000000004 5.5000000000000009 1.5000000000000002 3.5000000000000004 28.86904761904762 55.059167663874497 79.118217054263582 48.404074702886255 59.207094418362026 74.813432835820905 7.5000000000000009 3.5000000000000004 90.773852584197428 66.024884206702396 86.72955974842769 1.5000000000000002 52.419984387197509 5.5000000000000009 79.250841750841758 83.438818565400865 93.578227931488826 53.75234521575986
decision_type=2 2 2 2 2 2 2 2 2 2 2 2 2 2 2 2 2 2 2 2 2 2 2 2 2 2 2 2 2 2
left_child=1 6 5 4 9 11 7 8 26 16 -11 -2 -13 23 -15 -5 -3 -18 21 -19 -17 22 -8 -6 -25 -7 -1 -22 -21 -28
right_child=2 3 -4 15 13 25 18 -9 -10 10 -12 12 -14 14 -16 20 17 19 -20 28 27 -23 -24 24 -26 -27 29 -29 -30 -31
leaf_value=-0.080837947274765509 -0.031377534691052172 0.11982723235414847 0.080968947287214307 0.0008111935568310101 -0.055640859100002819 0.093869421611320142 -0.080564575448125023 0.043784062869830928 0.086020814733200612 0.02390086669366567 -0.07336839502901385 0.094896520698069753 -0.022166180861136371 -0.073830840624109717 0.042620757434550766 0.16472296348011481 -0.0061023963306359756 0.01280669900173669 0.087101089456075656 0.087619918724683568 0.089498667152240183 -0.038776078209708575 0.0063170013386014369 -0.080993991837762763 -0.10093836297525871 0.081289940399285249 -0.089989787901155416 0.082328943035456556 0.081813225439881954 -0.085616307192623642
leaf_weight=1.7038526283577078 3.5245333183556777 0.74057977646589801 50.185575669631362 0.6619237652048463 0.19773631403222491 0.34920441452413831 49.172630469780415 1.7640844117850063 0.42446799715980876 1.9727979986928406 1.7613088716752825 1.4719384387135508 1.8617088645696638 0.99396510096266844 0.91160354763269424 0.52034673560410727 2.5065351985394955 1.2586880140006544 0.16464104689657588 0.35821660887449991 0.45911935809999682 0.79049035115167399 0.13813003152608772 6.1442043106071651 0.36244008783251036 1.920466002076864 0.82233838271349657 0.81396228075027466 1.9898488381877542 1.0619003372266886
leaf_count=213 30 4 4446 9 16 4 7318 39 14 36 27 23 29 14 26 4 17 27 3 6 10 24 8 774 6 142 14 50 128 29
internal_value=-0.000798892 -0.055983 0.0714879 -0.00848524 -0.0196941 0.0193603 -0.0743348 -0.032701 -0.066327 0.0190476 -0.0219792 -0.00177544 0.0295217 -0.0673363 -0.0181216 0.0791549 0.0413997 0.0318988 -0.0791195 0.058308 0.10807 -0.0796657 -0.0803212 -0.0813244 -0.082105 0.0832254 -0.0843496 0.0849146 0.0826991 -0.087525
internal_weight=137.009 77.6958 59.3134 21.6533 19.1979 9.12785 56.0425 5.77664 4.01256 10.588 3.73411 6.85818 3.33365 8.60995 1.90557 2.45535 6.85387 6.11329 50.2659 3.60675 1.79343 50.1013 49.3108 6.70438 6.50664 2.26967 3.58809 1.27308 2.34807 1.88424
internal_count=13490 8816 4674 1154 1081 228 7662 309 270 245 63 82 52 836 40 73 182 178 7353 161 64 7350 7326 796 780 146 256 60 134 43
is_linear=0
shrinkage=0.08


Tree=51
num_leaves=31
num_cat=0
split_feature=4 3 2 6 5 4 12 2 0 5 11 8 8 4 0 5 4 8 2 12 0 0 2 0 2 4 4 11 4 0
split_gain=78.0476 10.6575 4.02372 3.18239 4.8042 1.7432 1.81085 2.2637 2.33554 1.60176 1.34299 1.31655 1.22441 1.16822 1.10441 0.878644 0.79469 0.54732 0.711328 1.31311 0.804205 0.31343 0.298504 0.274383 0.187525 0.0759584 0.0308947 0.0238676 0.016751 0.00370017
threshold=72.281323877068573 86.076511723570562 43.288288288288292 1.0000000180025095e-35 20.521541950113384 1.0000000180025095e-35 1.5000000000000002 51.899951899951908 89.897959183673478 78.815646656090863 5.5000000000000009 10.500000000000002 1.5000000000000002 55.059167663874497 82.097069597069606 65.648320895522403 48.404074702886255 8.5000000000000018 69.309262166405034 3.5000000000000004 81.120250685468093 86.874487284659565 70.320320320320334 20.204081632653068 86.72955974842769 66.024884206702396 88.597091531223285 1.5000000000000002 52.419984387197509 99.450549450549474
decision_type=2 2 2 2 2 2 2 2 2 2 2 2 2 2 2 2 2 2 2 2 2 2 2 2 2 2 2 2 2 2
left_child=1 5 9 4 10 6 29 -8 -9 11 17 -2 -12 27 -15 24 -5 18 -3 -20 -21 -22 -18 -11 25 -7 -25 -6 -29 -1
right_child=2 3 -4 16 13 15 7 8 -10 23 12 -13 -14 14 -16 -17 22 -19 19 20 21 -23 -24 26 -26 -27 -28 28 -30 -31
leaf_value=-0.081602439916641123 -0.03221233208635034 0.14158149606723799 0.080866875064802529 0.00074637499133699411 -0.053198315656244381 -0.080520995962877165 0.14406736958118535 -0.085901440789388425 0.074614381812113106 0.021297540946605822 0.022157853739284538 0.04804145149431039 -0.070763348375387336 -0.065547766429632684 0.053781541404889957 0.065775819247453265 0.15598402978891443 0.00022446699791024488 -0.013823984379731851 -0.019036668789745772 0.15885798287759242 0.081733173696377934 0.083895666400618241 0.10453217132371227 0.0083415872284030197 -0.058490754118310138 0.082058353606942691 -0.080920517568038863 -0.099197066739261722 -0.089956833682797402
leaf_weight=2.0377670736052091 3.6456993427127582 0.51759352162480876 46.394261565059423 0.66185892745852415 0.19057340733706762 45.410607687896118 0.63280761148780618 1.5418596388772132 0.93009648472070683 0.48675878997892175 1.9574033771641555 2.0404296210035682 1.6921436386182902 1.0807296261191366 0.91804455127567042 0.26707887928932805 0.49379014968872059 1.6994003541767595 1.6618649717420337 0.47387622296810183 0.40927526354789745 1.9158751191571355 1.4387648105621336 0.55466056987643231 0.15417106868699093 1.0242448528297234 1.3306779144331811 5.6687187906354666 0.34020700957626093 0.40706821158528317
leaf_count=222 38 3 4457 9 16 7317 16 58 8 16 36 28 28 17 31 6 2 12 31 3 3 131 83 4 10 30 91 773 6 5
internal_value=-0.000792327 -0.0545562 0.0718037 -0.00657845 -0.0181996 -0.0738918 -0.0314956 0.00905626 -0.0255059 0.0196233 0.018098 -0.00341379 -0.0209259 -0.0639241 -0.0107394 -0.0789132 0.076404 0.039425 0.0528061 0.0425055 0.07595 0.0953088 0.102315 0.0748451 -0.0797426 -0.0800351 0.0886701 -0.0810713 -0.0819553 -0.0829935
internal_weight=127.978 73.5258 54.4525 21.1201 18.5257 52.4057 5.5496 3.10476 2.47196 8.05823 10.3274 5.68613 3.64955 8.19827 1.99877 46.8561 2.59441 6.67789 4.97849 4.46089 2.79903 2.32515 1.93255 2.3721 46.589 46.4349 1.88534 6.1995 6.00893 2.44484
internal_count=13490 8856 4634 1184 1090 7672 309 82 66 177 247 66 64 843 48 7363 94 183 171 168 137 134 85 111 7357 7347 95 795 779 227
is_linear=0
shrinkage=0.08


Tree=52
num_leaves=31
num_cat=0
split_feature=4 3 2 6 5 4 1 0 5 1 4 8 1 1 4 0 11 5 4 12 2 1 2 1 3 8 4 3 11 4
split_gain=71.216 10.0836 4.0381 2.82683 4.35993 1.69802 1.94572 1.65166 1.59859 1.63617 1.81428 1.44009 1.31496 1.65748 1.13848 0.956848 0.952589 0.81157 0.750087 0.430519 1.11721 0.249941 0.211885 0.191592 0.165472 0.113595 0.0925314 0.0449283 0.0269653 0.0131856
threshold=72.281323877068573 86.076511723570562 43.288288288288292 1.0000000180025095e-35 20.521541950113384 1.0000000180025095e-35 69.631093544137045 9.3073593073593077 49.044430919050527 28.86904761904762 89.769754055468354 21.500000000000004 59.207094418362026 74.813432835820905 55.059167663874497 82.097069597069606 4.5000000000000009 65.648320895522403 48.404074702886255 4.5000000000000009 99.450549450549474 70.087719298245631 70.320320320320334 86.72955974842769 46.609064501221368 6.5000000000000009 66.024884206702396 92.000732600732604 1.5000000000000002 52.419984387197509
decision_type=2 2 2 2 2 2 2 2 2 2 2 2 2 2 2 2 2 2 2 2 2 2 2 2 2 2 2 2 2 2
left_child=1 5 7 4 12 6 11 -2 -9 24 -11 -1 -3 21 28 -16 27 23 -5 20 -18 -14 -20 26 -10 -26 -7 -15 -6 -30
right_child=2 3 -4 18 14 17 -8 8 9 10 -12 -13 13 16 15 -17 19 -19 22 -21 -22 -23 -24 -25 25 -27 -28 -29 29 -31
leaf_value=-0.083781089172371065 -0.093292510274217533 0.097648335198952246 0.080799596827938733 0.00068673149081342961 -0.050703565204564705 -0.080480751111050103 0.03932385164566448 -0.057345705369244125 0.11007959396965872 -0.042648815507602987 0.083514523749823696 0.068990274923161329 -0.014609850810437875 0.051231483003826857 -0.061138585467414623 0.051350023538429684 0.041504806961796613 0.063011100390530067 0.14523003410001978 0.054442647334949482 -0.073404513351875561 -0.056143813193483424 0.083619324014909874 0.011194582420873069 0.052095112336048043 0.095288865605106923 -0.05573922536301866 0.082148923458646078 -0.0808519726749624 -0.097605617192942556
leaf_weight=3.1109458506107326 0.76375808194279571 1.1495626512914956 42.861516478471458 0.66179918125271742 0.18422394804656406 41.945304138585925 1.7148762606084345 1.1177657134830949 1.3595831096172335 1.8875804636627438 1.188997061923146 0.4523165295831858 1.9883855255320653 0.36217243503779184 1.0665824743919072 0.88595101423561562 1.1674454715102915 0.25692221894860168 0.48812854290008534 0.8825472630560397 1.0099797733128071 1.7376100569963453 1.3323586862534282 0.14824217790737648 0.84775952249765374 0.72114400006830692 0.99026145273819466 1.775461602024734 5.237143593840301 0.31896170321851958
leaf_count=256 6 10 4457 9 16 7318 39 10 29 12 70 14 21 4 17 31 16 6 2 30 30 19 83 9 23 27 30 117 773 6
internal_value=-0.000789208 -0.0537786 0.0711195 -0.00634357 -0.0175167 -0.0735339 -0.0306922 0.0185108 0.0304991 0.0468503 0.00610921 -0.0643885 0.0171167 0.00674241 -0.0628664 -0.0100975 0.0359344 -0.0787513 0.0736242 0.00730913 -0.0117949 -0.0339791 0.100139 -0.0795966 0.0896516 0.0719491 -0.0799101 0.0769107 -0.0808153 -0.0818138
internal_weight=119.615 68.8672 50.7481 20.2483 17.766 48.6189 5.27814 7.88659 7.12283 6.00506 3.07658 3.56326 10.0732 8.9236 7.69286 1.95253 5.19761 43.3407 2.48229 3.05997 2.17743 3.726 1.82049 43.0838 2.92849 1.5689 42.9356 2.13763 5.74033 5.55611
internal_count=13490 8856 4634 1184 1090 7672 309 177 171 161 82 270 247 237 843 48 197 7363 94 76 46 40 85 7357 79 50 7348 121 795 779
is_linear=0
shrinkage=0.08


Tree=53
num_leaves=31
num_cat=0
split_feature=5 0 3 5 8 5 6 11 3 2 0 11 8 3 3 12 11 2 12 5 2 3 5 3 8 6 0 0 5 6
split_gain=54.8946 12.651 3.99389 3.40855 2.07905 2.06187 1.39909 1.28723 1.25295 1.20105 1.0211 1.42504 1.0993 0.82808 0.757214 0.839082 0.784633 1.10948 0.711924 0.882212 0.671594 1.26482 0.650582 0.558373 0.403258 0.371234 0.308818 0.37776 0.300977 0.992924
threshold=53.15824468085107 90.52111410601978 63.666771824666561 1.0000000180025095e-35 14.500000000000002 78.815646656090863 1.5000000000000002 4.5000000000000009 82.696216575415704 65.166835187057657 28.869047619047624 5.5000000000000009 8.5000000000000018 91.726674409601259 88.649431064291761 4.5000000000000009 6.5000000000000009 70.65997130559542 1.5000000000000002 59.611795446061969 58.397435897435898 88.007724301841975 69.860393956779504 95.558813945910728 20.500000000000004 1.0000000180025095e-35 24.440019910403191 54.201977401129945 65.648320895522403 1.0000000180025095e-35
decision_type=2 2 2 2 2 2 2 2 2 2 2 2 2 2 2 2 2 2 2 2 2 2 2 2 2 2 2 2 2 2
left_child=1 3 5 8 7 10 13 9 -1 -3 11 22 -12 -5 16 -16 -9 -18 19 -4 -10 -22 -2 -17 -14 -15 -8 -28 29 -20
right_child=2 4 18 6 -6 -7 26 14 20 -11 12 -13 24 25 15 23 17 -19 28 -21 21 -23 -24 -25 -26 -27 27 -29 -30 -31
leaf_value=-0.074374699124221247 0.015405562524452828 -0.044222451395075274 -0.085199262594330694 -0.078421410132645891 -0.095259357679707807 0.074516130416508106 0.086239153943885274 0.10117101321833198 0.043201892742531348 0.065335238180575891 -0.087766542353897678 -0.05354806634791727 -0.026860866816953356 -0.032769472870758203 -0.037157980357096998 -0.039169576961733524 -0.080521004489146134 0.077568584597346779 0.0098700093316622297 0.078781535965168251 -0.085543437275848386 0.0095073905499237204 0.11350834509119814 0.078773739179514232 0.088687760738337215 0.088053703723498328 -0.080612483931604001 0.076866771621581634 0.080779387180271972 0.083583023615464033
leaf_weight=1.945077832788227 0.88456828519701891 0.7197910952381753 0.38752749236300488 42.046437042299658 0.93520784610882479 2.4142645820975304 0.35985167976468702 0.86107563972473133 1.6362700788304207 5.8066069302149117 1.7135413023643198 1.0849612983874974 0.41498985653743137 0.49142113840207358 3.2013887763023376 0.37541174842044689 0.55827577412128426 0.57854502648115158 1.7052218387834717 0.4582915548235178 1.2364244200289247 3.2539385706186295 0.8467881241813302 0.81375057902187109 0.36184795200824738 0.24334475677460432 0.23671474400907755 0.1657490199431777 32.432151583023369 3.7227642340585589
leaf_count=254 34 23 16 7663 92 146 8 26 23 441 58 25 37 63 148 25 46 11 77 49 33 37 9 48 9 12 38 10 3677 352
internal_value=-0.000779 -0.0479673 0.0657599 -0.0661846 0.0199232 0.013224 -0.0750359 0.028264 -0.0184355 0.0532522 -0.0146607 0.0183386 -0.0519789 -0.0769501 0.00273622 -0.015843 0.0435658 -6.68595e-05 0.0762396 0.00365073 -0.000675994 -0.0166649 0.0633866 0.0415397 0.0269612 0.00724557 0.0323904 -0.0157569 0.0778613 0.0604258
internal_weight=111.892 65.4653 46.4269 51.6152 13.8501 7.72096 43.5435 12.9148 8.07171 6.5264 5.3067 2.81632 2.49038 42.7812 6.38845 4.39055 1.9979 1.13682 38.706 0.845819 6.12663 4.49036 1.73136 1.18916 0.776838 0.734766 0.762315 0.402464 37.8601 5.42799
internal_count=13490 9001 4489 8141 860 318 7794 768 347 464 172 68 104 7738 304 221 83 57 4171 65 93 70 43 73 46 75 56 48 4106 429
is_linear=0
shrinkage=0.08


Tree=54
num_leaves=31
num_cat=0
split_feature=4 3 3 6 5 4 1 5 5 4 8 5 4 1 1 4 9 11 5 1 3 11 1 1 1 4 11 11 5 4
split_gain=59.7855 9.09875 3.73556 2.2965 3.76252 1.67231 1.73241 1.33174 1.82547 2.51358 1.31468 1.28791 1.09602 1.09201 1.39521 0.999412 0.988936 1.18279 0.729299 0.566843 0.404605 1.17817 0.229501 0.216725 0.101101 0.098497 0.0629143 0.0268249 0.0267143 0.0117085
threshold=72.281323877068573 86.076511723570562 52.7886002886003 1.0000000180025095e-35 20.521541950113384 1.0000000180025095e-35 69.631093544137045 49.044430919050527 72.377109317681587 86.295149638802897 21.500000000000004 31.755368814192344 55.059167663874497 59.207094418362026 74.813432835820905 63.686313686313689 1.0000000180025095e-35 4.5000000000000009 65.648320895522403 11.942959001782535 63.514309764309765 4.5000000000000009 89.564428312159734 70.087719298245631 68.356867779204109 66.024884206702396 3.5000000000000004 1.5000000000000002 34.930196978389752 63.686313686313689
decision_type=2 2 2 2 2 2 2 2 2 2 2 2 2 2 2 2 2 2 2 2 2 2 2 2 2 2 2 2 2 2
left_child=1 5 7 4 13 6 10 -2 -9 -10 -1 -5 27 -3 23 -14 17 26 22 -11 21 -4 25 -15 -13 -7 -16 -6 -26 -30
right_child=2 3 20 11 12 18 -8 8 9 19 -12 24 15 14 16 -17 -18 -19 -20 -21 -22 -23 -24 -25 28 -27 -28 -29 29 -31
leaf_value=-0.08361964606560994 -0.085971664938862005 0.088915094967713174 0.088432140253988212 -0.073927893376499215 -0.050030015350480288 -0.080413155494077862 0.037771560112909143 0.10939590510049881 -0.085341110242876342 -0.054850719933975459 0.062225878402357986 0.12621042042020028 0.04940959432597436 -0.013506684943034844 0.0890542448330333 -0.067585766671924924 0.084024559983548977 -0.027306128862353066 0.061019544359864002 0.084529154154172337 0.080713723627612796 -0.020916983767189451 0.03765245330895535 -0.052663035699454935 0.098997603149084429 -0.053926294576238237 0.052110130990358522 -0.081671439488624459 0.06178807834640998 0.081726042648274363
leaf_weight=2.774226129520684 0.86034180968999763 1.1514297272078753 1.7387145706452423 0.34050215594470445 0.1776971579529335 35.944958684034646 1.6566229416057465 1.1404172200709579 1.4347358196973803 0.21968182269483794 0.46134197339415539 0.49025962594896544 0.93746185582131125 1.9466485045850261 0.64833966922014974 0.93171984981745481 1.654238713905215 2.1340663433074951 0.2382029490545382 1.2454281980171797 36.443790735676885 0.9894671719521283 0.10687076393514772 1.6900836788117883 0.50346070341765858 0.92158728325739403 0.54133170191198587 4.8987493929453194 0.26190214231610298 0.67262490419670939
leaf_count=256 9 10 83 6 16 7323 39 19 11 4 14 4 25 21 35 23 95 35 6 78 4410 20 4 19 6 30 32 779 21 57
internal_value=-0.000763758 -0.0520013 0.0702512 -0.00601563 -0.0162686 -0.0727318 -0.0287599 0.00440258 0.0236471 -0.0100752 -0.0628243 0.0695088 -0.0612802 0.0157433 0.00596331 -0.00890839 0.0334814 0.00832592 -0.0785127 0.0636302 0.0784892 0.048773 -0.0794117 -0.0317037 0.0948378 -0.079751 0.0722437 -0.0805639 0.0841417 0.0761384
internal_weight=105.157 61.0843 44.0726 18.9805 16.7118 42.1038 4.89219 4.9006 4.04026 2.89985 3.23557 2.26875 6.94563 9.76614 8.61471 1.86918 4.97798 3.32374 37.2116 1.46511 39.172 2.72818 36.9734 3.63673 1.92825 36.8665 1.18967 5.07645 1.43799 0.934527
internal_count=13490 8856 4634 1184 1090 7672 309 121 112 93 270 94 843 247 237 48 197 102 7363 82 4513 103 7357 40 88 7353 67 795 84 78
is_linear=0
shrinkage=0.08


Tree=55
num_leaves=31
num_cat=0
split_feature=4 3 3 6 5 4 1 5 8 4 5 3 11 8 5 4 1 3 11 9 3 12 1 4 1 11 4 4 1 3
split_gain=54.5521 8.62087 3.53752 2.04282 3.38865 1.6652 1.55699 1.23167 1.20826 1.09276 1.06778 1.04175 1.01958 1.04927 0.6748 0.671066 0.429767 0.692244 0.582277 0.789254 0.42385 1.1073 0.216316 0.116126 0.0887562 0.0825794 0.0209197 0.0107704 0.00674411 0.00255094
threshold=72.281323877068573 86.076511723570562 52.7886002886003 1.0000000180025095e-35 20.521541950113384 1.0000000180025095e-35 69.631093544137045 83.598954380639199 21.500000000000004 52.843665768194079 72.377109317681587 92.849878586720706 5.5000000000000009 1.5000000000000002 65.648320895522403 48.404074702886255 59.207094418362026 90.287087912087927 3.5000000000000004 1.0000000180025095e-35 63.514309764309765 4.5000000000000009 89.564428312159734 66.024884206702396 68.356867779204109 4.5000000000000009 84.725822532402802 52.419984387197509 76.533166458072614 79.250841750841758
decision_type=2 2 2 2 2 2 2 2 2 2 2 2 2 2 2 2 2 2 2 2 2 2 2 2 2 2 2 2 2 2
left_child=1 5 7 4 12 6 8 10 29 27 -2 -11 16 -14 22 -5 -3 -18 28 25 21 -4 23 -7 -17 -20 -23 -6 -19 -1
right_child=2 3 20 15 9 14 -8 -9 -10 11 -12 -13 13 -15 -16 24 17 18 19 -21 -22 26 -24 -25 -26 -27 -28 -29 -30 -31
leaf_value=-0.080563867474526804 0.02460624747582596 0.09390380635641464 -0.016698055414305892 -0.0028698729342564429 -0.080729182293464138 -0.080381288440390566 0.034540842708796905 0.083307480985931201 0.055326178398259387 -0.053279256678896998 -0.061635328739036738 0.066937361608336202 0.019935883803779909 -0.068132771998985833 0.058223924395614406 0.12484392019512852 -0.01266668813597417 0.093376050531231325 0.0030236000521610715 0.084488614153253941 0.080658849636263227 0.10071760772243055 0.035100002240731502 -0.051172840244266347 0.082989366991935945 -0.036949468770032599 0.081941491022227572 -0.10144601038001456 0.082277079640040773 -0.085632361575261079
leaf_weight=1.153517553117126 1.9025928406044834 0.69278743863106296 1.0423411303199821 0.6217221431434149 4.3865493503399184 33.19399961642921 1.6662309328094123 0.99431152315810312 0.47667756397277106 1.3046496347524228 1.7769710728898642 0.71370129566639651 1.9287033621221783 1.5710989683866499 0.23001603968441386 0.46407146472483862 1.8520050123333929 0.60601100325584434 0.66753881797194503 0.78455099975690235 33.663817672990263 0.6509906407445667 0.10552928876131673 0.89462811686098476 1.076302222907543 0.65561954118311405 0.91155433421954513 0.16671188175678242 0.83062830939888954 1.4151796582154927
leaf_count=213 28 4 16 9 788 7323 39 76 14 23 17 31 36 28 6 3 11 6 32 53 4410 6 4 30 82 15 81 1 62 43
internal_value=-0.000752773 -0.0510341 0.0698116 -0.00574627 -0.0155168 -0.072237 -0.027632 0.00430586 -0.061649 -0.059768 -0.0170424 -0.0107699 0.0148099 -0.0195991 -0.0783421 0.0672837 0.0345869 0.0269717 0.0476837 0.0209133 0.0782531 0.0471634 -0.0792607 -0.0796147 0.095599 -0.0167829 0.089764 -0.0814877 0.0869589 -0.0833563
internal_weight=98.401 57.4584 40.9426 18.3227 16.1606 39.1358 4.71161 4.67388 3.04537 6.57161 3.67956 2.01835 9.58894 3.4998 34.4242 2.1621 6.08914 5.39635 3.54435 2.10771 36.2687 2.60489 34.1942 34.0886 1.54037 1.32316 1.56254 4.55326 1.43664 2.5687
internal_count=13490 8856 4634 1184 1090 7672 309 121 270 843 45 54 247 64 7363 94 183 179 168 100 4513 103 7357 7353 85 47 87 789 68 256
is_linear=0
shrinkage=0.08


Tree=56
num_leaves=31
num_cat=0
split_feature=5 0 2 5 12 8 5 11 0 8 8 0 1 11 2 11 1 8 1 12 11 3 12 11 2 3 3 3 2 2
split_gain=41.653 10.0246 3.51619 3.24049 2.2773 1.69318 1.1856 1.11726 1.68353 1.21778 1.2257 1.24848 1.07598 1.0057 1.05983 0.975993 1.25632 0.959055 0.794202 0.753314 0.680059 0.634999 0.697462 0.603944 0.935744 0.569374 0.478819 0.308743 0.290688 0.245236
threshold=53.15824468085107 90.52111410601978 64.075471698113219 1.0000000180025095e-35 6.5000000000000009 14.500000000000002 78.815646656090863 8.5000000000000018 58.123167155425229 7.5000000000000009 3.5000000000000004 81.120250685468093 69.631093544137045 4.5000000000000009 65.166835187057657 6.5000000000000009 28.86904761904762 9.5000000000000018 56.635220125786169 4.5000000000000009 3.5000000000000004 88.649431064291761 4.5000000000000009 6.5000000000000009 70.65997130559542 91.726674409601259 95.558813945910728 45.487891737891751 36.214605067064092 97.100840336134468
decision_type=2 2 2 2 2 2 2 2 2 2 2 2 2 2 2 2 2 2 2 2 2 2 2 2 2 2 2 2 2 2
left_child=1 3 4 7 6 13 15 8 -1 10 11 -10 18 14 -3 16 -2 28 -12 25 -21 23 29 -15 -25 -5 -24 -8 -18 -23
right_child=2 5 -4 19 -6 -7 27 -9 9 -11 12 -13 -14 21 -16 -17 17 -19 -20 20 -22 22 26 24 -26 -27 -28 -29 -30 -31
leaf_value=0.1176110182374116 0.047881568738071367 -0.044468533639531689 0.077973237468607126 -0.078049114562736319 0.08141093417931615 -0.09470085166636244 0.0010837418719661471 -0.084054812493382342 -0.073146720723342065 -0.092686547908888764 0.07058557561655017 0.048339263061252559 0.10184923243140449 0.095572324020328281 0.063320130240883468 -0.087796542706153266 -0.10235850080258291 0.037226967314526287 -0.08638670912159041 0.041891982376276025 -0.070410510752402886 -0.0048350964423967274 -0.03792776539852432 -0.079697316871021204 0.074687346626276685 0.0041005963893754145 0.078523460788482005 0.090892721973591134 -0.036653227890999403 -0.051502520932726122
leaf_weight=0.66948782885447045 1.7840113476850072 0.66283756354823342 28.295297077391297 32.775587861659005 2.8397210314869881 0.79461399931460697 0.33703004801645853 1.2892901652958242 1.7251840229146185 1.0852675153873859 0.36364542879164208 0.78897949866950501 1.096601062454283 0.78152652829885472 4.8963882136158645 1.0997462042141704 0.94789315201342128 0.72162296576425422 0.47669834876433015 0.66452438896521815 0.71794971218332648 1.1665777843445539 0.32943573407828786 0.47554319677874424 0.53275586292147636 0.54900968121364613 0.7195574096404016 0.8970127385109663 0.79014211520552635 1.8853990817442536
leaf_count=40 43 23 3906 7569 325 92 7 113 67 59 18 14 12 26 441 67 19 32 24 49 109 76 25 46 11 67 48 46 44 72
internal_value=-0.000742223 -0.0455032 0.0638808 -0.0639935 0.0215379 0.0182252 -0.00431136 -0.0162904 -0.00221206 -0.0167017 0.0018249 -0.0350227 0.0496533 0.0260621 0.0504683 -0.0206338 -0.00322859 -0.0402992 -0.0184594 -0.0742952 -0.0164292 0.00302964 -0.0143225 0.0427879 0.00187504 -0.0766957 0.041952 0.0663649 -0.0724877 -0.0336645
internal_weight=92.1593 54.4469 37.7125 42.2022 9.41718 12.2446 6.57746 7.49515 6.20586 5.53638 4.45111 2.51416 1.93694 11.45 5.55923 5.34342 4.24367 2.45966 0.840344 34.7071 1.38247 5.8908 4.10097 1.78983 1.0083 33.3246 1.04899 1.23404 1.73804 3.05198
internal_count=13490 9001 4489 8141 583 860 258 347 234 194 135 81 54 768 464 205 138 95 42 7794 158 304 221 83 57 7636 73 53 63 148
is_linear=0
shrinkage=0.08


Tree=57
num_leaves=31
num_cat=0
split_feature=4 3 2 4 11 0 1 12 2 0 0 9 5 9 4 8 2 1 12 8 4 4 5 11 2 1 4 0 5 5
split_gain=46.0118 7.65511 3.43873 1.58954 1.56394 1.75627 1.8968 1.37105 1.47968 1.66231 1.19735 1.43115 1.08588 0.965599 1.29186 0.80974 0.754729 0.975152 0.969208 0.633583 0.610215 1.50006 0.587376 0.560088 0.539827 0.425645 0.739195 0.345249 0.311083 0.260617
threshold=72.281323877068573 86.076511723570562 43.288288288288292 1.0000000180025095e-35 5.5000000000000009 58.123167155425229 87.609649122807028 1.5000000000000002 51.899951899951908 89.897959183673478 9.3073593073593077 1.0000000180025095e-35 74.527629233511604 1.0000000180025095e-35 22.660960902548151 9.5000000000000018 71.897435897435912 74.813432835820905 3.5000000000000004 3.5000000000000004 49.844720496894418 34.656167979002632 65.648320895522403 6.5000000000000009 51.47186147186148 81.892697466467965 59.75518734139424 83.527131782945744 53.907203907203915 64.56575682382136
decision_type=2 2 2 2 2 2 2 2 2 2 2 2 2 2 2 2 2 2 2 2 2 2 2 2 2 2 2 2 2 2
left_child=1 3 10 7 13 -6 24 -1 -9 -10 -2 12 -12 14 16 25 -3 -18 -19 -14 21 27 -5 -8 -7 29 -27 -15 -13 -16
right_child=2 4 -4 22 5 6 23 8 9 -11 11 28 19 20 15 -17 17 18 -20 -21 -22 -23 -24 -25 -26 26 -28 -29 -30 -31
leaf_value=-0.082156835193773134 -0.086742480328918806 0.057972125595844394 0.08055205304787183 -0.079047894740543592 0.16071834915850741 0.023343897048451835 -0.01747070418065334 0.11235546259486066 -0.084920403609582903 0.064754293869948062 -0.038072511906534892 0.023556600391852624 -0.017677032848350521 -0.014996190177316234 -0.083645395725812768 0.04236673179139238 -0.083868694690187345 -0.042205310101773731 0.08198351051293927 0.089783824069379903 0.089647243037234509 -0.085636953969289276 0.055569006646619803 0.075358645831540477 -0.081180152486999974 -0.08696875311312699 0.085092377743011233 0.072963498147592426 0.096355374923240755 -0.1743388613185268
leaf_weight=1.7130676123779256 0.65035434253513713 1.9515777043998257 29.246508007403463 29.403554290067408 0.27516716462559898 0.34258824866265047 0.87021820200607158 0.67084467969834838 1.1886767437681554 0.79084977135062207 2.2077415399253373 0.48618673905730281 0.55735473288223125 0.34835652168840225 1.0275430337060245 0.47223318135365833 0.76059895753860485 0.73342562187463045 0.89053665939718485 0.94907404016703367 1.3002108773216603 0.6228853513021021 0.20891613606363435 0.79690062953159213 4.110028634313494 0.43290296383202065 0.25330042280256748 1.5850835035089403 1.6526798112317918 0.25264087831601489
leaf_count=227 6 12 4457 7357 9 14 29 16 58 8 26 7 13 19 152 40 6 16 65 44 85 46 6 25 515 35 17 97 81 2
internal_value=-0.000737021 -0.0495155 0.0688521 -0.0714559 -0.00573319 -0.0369952 -0.0458852 -0.0263781 0.00967452 -0.0251232 0.016236 0.0276783 -0.00234107 0.0130715 -0.00511914 -0.0517024 0.021079 -0.00911513 0.0258965 0.050025 0.0450268 0.0223317 -0.0780982 0.0269027 -0.073138 -0.0742933 -0.0234553 0.0571154 0.0798075 -0.101544
internal_weight=86.752 51.0021 35.7499 33.9759 17.0262 6.3949 6.11974 4.36344 2.65037 1.97953 6.50339 5.85304 3.71417 10.6313 6.77476 2.43862 4.33614 2.38456 1.62396 1.50643 3.85654 2.55633 29.6125 1.66712 4.45262 1.96639 0.686203 1.93344 2.13887 1.28018
internal_count=13490 8856 4634 7672 1184 592 583 309 82 66 177 171 83 592 345 246 99 87 81 57 247 162 7363 54 529 206 52 116 88 154
is_linear=0
shrinkage=0.08


Tree=58
num_leaves=31
num_cat=0
split_feature=4 3 1 6 4 4 12 3 4 3 4 4 1 1 9 11 9 4 0 12 1 3 4 11 1 11 4 1 12 0
split_gain=41.9556 7.20091 3.24215 1.58207 2.75624 1.53182 1.26908 1.2788 1.13896 1.02666 1.00448 0.799535 0.758079 0.992381 0.856743 0.915494 0.688731 0.577464 0.572404 0.537469 0.273004 0.255606 0.205105 0.0551267 0.0445714 0.0223967 0.00435267 0.00344684 0.0022472 0.000858895
threshold=72.281323877068573 86.076511723570562 43.288288288288292 1.0000000180025095e-35 22.660960902548151 1.0000000180025095e-35 1.5000000000000002 83.123503752794377 94.559548978153643 82.696216575415704 55.059167663874497 63.686313686313689 59.207094418362026 74.813432835820905 1.0000000180025095e-35 4.5000000000000009 1.0000000180025095e-35 48.404074702886255 89.897959183673478 7.5000000000000009 90.070422535211279 52.590404486956224 66.024884206702396 3.5000000000000004 68.356867779204109 1.5000000000000002 52.419984387197509 78.629976580796267 5.5000000000000009 45.512082853855013
decision_type=2 2 2 2 2 2 2 2 2 2 2 2 2 2 2 2 2 2 2 2 2 2 2 2 2 2 2 2 2 2
left_child=1 5 8 4 12 6 -1 9 16 18 25 -12 -3 -14 15 23 21 -5 -8 20 22 -2 -7 -15 -19 -6 -27 -16 -10 -4
right_child=2 3 29 17 10 19 7 -9 28 -11 11 -13 13 14 27 -17 -18 24 -20 -21 -22 -23 -24 -25 -26 26 -28 -29 -30 -31
leaf_value=-0.081999028927296852 -0.045818878059782131 0.07586509282098354 0.08592367590230042 -0.0031725718923724679 -0.049978222669017192 -0.080305749173587751 -0.080872476606611385 -0.065205659642841099 0.089285889818942255 0.12344850273613307 0.049997179870169134 -0.059928574313704658 -0.02847489356185098 0.087693300573596325 0.091931648018650988 -0.023972989589038179 0.03778813101711765 0.11415289916256402 0.048240723099171746 0.084805470015219181 0.068798070454397411 -0.00050093686206393803 -0.041246042483538962 0.049894449753642815 0.082609303625493291 -0.080643865445162707 -0.09145576140706238 0.081267275132241093 0.080920146904749399 0.080506198788464739
leaf_weight=1.5842807199805999 1.5547446766868227 1.092631576582791 0.18862280482426541 0.57794308289885421 0.1512412885203952 26.329787107883032 0.37154069915413879 0.94079817179590453 0.25192490313202132 0.71829640213400126 0.82284505758434512 0.87247220752760768 3.3027460058219731 0.51510265888646278 0.23571711033582676 2.0710754208266735 1.9467221312224863 0.42483043670654275 0.53792449831962585 0.12944360263645549 0.080189443193375065 1.633376457262784 0.88946297043003042 0.47432311251759529 0.8816789616830647 3.5512359032873069 0.25544593948870886 1.0951486914418636 1.1151680154725907 26.605865915771574
leaf_count=227 16 9 11 9 16 7324 44 28 4 5 25 24 39 35 3 35 34 3 5 3 3 25 33 32 82 774 6 92 142 4402
internal_value=-0.000728688 -0.0486692 0.0682471 -0.00552859 -0.0145255 -0.0709684 -0.0256884 0.00904386 0.0175703 0.0519579 -0.0580998 -0.00657463 0.0135095 0.00465441 0.0295709 0.00626932 0.000293702 0.063412 -0.00450545 -0.077824 -0.0785951 -0.022601 -0.0790294 0.0695728 0.0928662 -0.0801699 -0.0813694 0.0831561 0.0824618 0.0805443
internal_weight=81.2026 47.9062 33.2964 16.3244 14.44 31.5817 4.15284 2.56856 6.50194 1.62776 5.65324 1.69532 8.78674 7.69411 4.39137 3.0605 5.13484 1.88445 0.909465 27.4289 27.2994 3.18812 27.2193 0.989426 1.30651 3.95792 3.80668 1.33087 1.36709 26.7945
internal_count=13490 8856 4634 1184 1090 7672 309 82 221 54 845 49 245 236 197 102 75 94 49 7363 7360 41 7357 67 85 796 780 95 146 4413
is_linear=0
shrinkage=0.08


Tree=59
num_leaves=31
num_cat=0
split_feature=4 3 1 4 6 3 3 0 4 9 12 8 9 11 1 0 3 3 4 1 8 12 4 12 1 4 8 3 3 4
split_gain=38.1263 6.83305 3.23389 1.67008 3.46599 1.21438 1.29491 1.1163 1.09241 1.06718 0.865671 1.28745 0.687988 0.729065 0.802136 0.679302 0.677811 1.76667 0.650912 0.637767 0.586201 1.03543 0.575049 0.437966 0.297672 0.21638 0.210051 0.232932 0.209787 0.564102
threshold=72.281323877068573 82.696216575415704 43.288288288288292 1.0000000180025095e-35 1.0000000180025095e-35 83.123503752794377 85.548589341692818 9.3073593073593077 55.059167663874497 1.0000000180025095e-35 3.5000000000000004 4.5000000000000009 1.0000000180025095e-35 5.5000000000000009 88.067796610169509 99.450549450549474 87.261171926539717 90.478467908902715 63.686313686313689 70.678733031674213 8.5000000000000018 3.5000000000000004 46.885775862068975 7.5000000000000009 87.026647966339425 66.024884206702396 3.5000000000000004 95.558813945910728 50.176027676027687 81.165540540540562
decision_type=2 2 2 2 2 2 2 2 2 2 2 2 2 2 2 2 2 2 2 2 2 2 2 2 2 2 2 2 2 2
left_child=1 15 7 5 8 -3 -7 -2 -5 10 -9 -12 13 20 -15 23 -14 -18 -10 -17 21 -8 -6 24 25 -1 27 -23 -11 -30
right_child=2 3 -4 4 22 6 12 9 18 28 11 -13 16 14 -16 19 17 -19 -20 -21 -22 26 -24 -25 -26 -27 -28 -29 29 -31
leaf_value=-0.080372212507554566 -0.085036592216337539 0.10742705748531318 0.08050246762138967 -0.079772013756078466 -0.0061851802089300601 -0.082992757941760018 -0.0066224596902100721 -0.04880155872156533 0.044042272498716541 0.1001036547926764 -0.026402938661133326 0.089453309855381441 0.1321916269770515 -0.08648188293111192 0.010864312419862084 -0.081386141225081948 -0.091413703215405415 0.075096666595271658 -0.054722164319659518 0.063866561759816781 -0.027079581007518332 0.16694849442303078 0.088260203622712405 0.084860539696958934 0.086532940106994347 -0.039648376020132561 0.039454070429782273 0.081784265242472717 -0.0607622497223195 0.084601134926267751
leaf_weight=23.363739589578486 0.62421887926757591 0.74288123846054332 24.746771017555147 5.6083789521362615 0.60359712410718191 1.042030470445751 1.6183934444561585 1.3399378135800364 0.83086089044809319 1.0479423757642505 1.2359065972268584 1.2196598164737222 0.48344925791025195 1.139775588642806 1.032480079680681 0.35366017324849863 0.57589622400701035 1.3971692956984041 0.87877056282013655 0.42709079058840871 1.3503976874053476 0.30070757213979937 1.3038598946295676 0.10556484386324783 0.069796830415724709 0.86597721790894766 0.3971050470136106 0.649449797347188 0.22961734980344761 0.66762720793485641
leaf_count=6917 6 6 4413 1376 15 34 24 15 28 39 35 63 3 27 14 69 10 96 24 13 9 4 88 2 1 32 8 56 6 57
internal_value=-0.000717554 -0.04768 0.0674219 -0.0127127 -0.0376719 0.00874734 0.00140696 0.0165645 -0.0627065 0.0276121 0.00291924 0.0311419 0.0112391 -0.00241262 -0.0402129 -0.0753852 0.047297 0.0264958 -0.0067238 -0.00192919 0.0166121 0.036507 0.0583738 -0.0777351 -0.0784415 -0.0789167 0.088316 0.108737 0.0757936 0.0474006
internal_weight=76.2527 45.141 31.1117 19.9552 9.22547 10.7297 9.98685 6.36491 7.31801 5.74069 3.7955 2.45557 8.94482 6.48831 2.17226 25.1858 2.45651 1.97307 1.70963 0.780751 4.31605 2.96566 1.90746 24.4051 24.2995 24.2297 1.34726 0.950157 1.94519 0.897245
internal_count=13490 8856 4634 1822 1531 291 285 221 1428 215 113 98 251 142 41 7034 109 106 52 82 101 92 103 6952 6950 6949 68 60 102 63
is_linear=0
shrinkage=0.08


Tree=60
num_leaves=31
num_cat=0
split_feature=4 3 2 4 6 4 3 3 4 2 9 0 9 11 1 2 11 12 3 3 1 4 4 1 0 8 4 0 4 4
split_gain=34.7638 6.47843 3.26645 1.50408 3.12163 1.08169 1.01925 1.17857 0.95424 0.896745 0.671372 0.644593 0.625747 0.643448 0.750022 0.619746 0.779432 0.656953 0.593558 1.60561 0.572106 0.54266 0.433118 0.279384 0.0478904 0.0340841 0.0258208 0.00831008 0.00586245 0.00348539
threshold=72.281323877068573 82.696216575415704 43.288288288288292 1.0000000180025095e-35 1.0000000180025095e-35 55.059167663874497 83.123503752794377 85.548589341692818 94.559548978153643 78.629976580796267 1.0000000180025095e-35 99.450549450549474 1.0000000180025095e-35 5.5000000000000009 88.067796610169509 71.897435897435912 3.5000000000000004 3.5000000000000004 87.261171926539717 90.478467908902715 70.678733031674213 46.885775862068975 66.024884206702396 87.026647966339425 87.609649122807028 5.5000000000000009 52.843665768194079 83.527131782945744 23.670062252405213 52.419984387197509
decision_type=2 2 2 2 2 2 2 2 2 2 2 2 2 2 2 2 2 2 2 2 2 2 2 2 2 2 2 2 2 2
left_child=1 11 8 6 5 26 -3 -8 10 -7 -2 22 13 15 -15 -9 -17 -18 -14 -20 -13 -6 23 -1 -21 27 28 -23 -5 -30
right_child=2 3 -4 4 21 9 7 12 -10 -11 -12 20 18 14 -16 16 17 -19 19 24 -22 25 -24 -25 -26 -27 -28 -29 29 -31
leaf_value=-0.080345383619930058 -0.02501898498671179 0.098396694999929993 0.080435611419630404 -0.05825338471252578 -0.005687805489979666 -0.047850721827053917 -0.082310155856540043 0.047739260727387836 0.08277010156510016 0.074329903212259352 0.036070447611046136 -0.081282157097955526 0.12740711247162559 -0.085967857464660749 0.01008795481797368 0.059997316404687764 -0.1002632611659779 0.0030142578580358804 -0.090521660583139027 0.045143155922545468 0.059914188583813734 0.062377973010292576 -0.024613572177333252 0.085991395372627719 0.081889963758804404 0.10488387798973545 -0.046240662657605638 0.081669305222372771 -0.080457288364180923 -0.09347351509273448
leaf_weight=21.57436028320809 2.9621401149779585 0.74602605588734405 23.069794412702322 0.074840927729381224 0.60385784017853428 1.1269499436020849 0.96957334829494257 2.014856353402136 1.0523985140025613 0.58351834211498488 1.8834365950897334 0.32687020883895357 0.46234533190727267 1.0581805990077557 1.0233762748539446 0.6563795008696619 0.71854313835501649 0.87324177101254463 0.53664462082087983 0.29186630621552456 0.41918407520279288 0.18830853188410379 0.94844033825211127 0.064819827675818398 1.0209966641850767 0.43872724520042539 0.14503555465489615 0.59276509704068303 4.8376701099332422 0.13534566550515581
leaf_count=6917 31 6 4457 22 15 20 34 13 116 32 30 69 3 27 14 37 13 38 10 4 13 7 34 1 92 9 10 72 1341 3
internal_value=-0.000708537 -0.0468308 0.0668525 -0.0122798 -0.0367546 -0.0613463 0.0083133 0.00133173 0.0137223 -0.00616937 -0.00127402 -0.0751114 0.0107001 -0.00228357 -0.038743 0.0155189 -0.0133577 -0.043606 0.0463322 0.0260649 -0.00194844 0.0563361 -0.0775279 -0.0798471 0.0737207 0.0870408 -0.0795209 0.0770184 -0.0804771 -0.0808115
internal_weight=71.4005 42.4327 28.9678 19.099 8.72702 6.90336 10.372 9.626 5.89798 1.71047 4.84558 23.3337 8.65643 6.34458 2.08156 4.26302 2.24816 1.59178 2.31185 1.84951 0.746054 1.82366 22.5876 21.6392 1.31286 1.2198 5.19289 0.781074 5.04786 4.97302
internal_count=13490 8856 4634 1822 1531 1428 291 285 177 52 61 7034 251 142 41 101 88 51 109 106 82 103 6952 6918 96 88 1376 79 1366 1344
is_linear=0
shrinkage=0.08


Tree=61
num_leaves=31
num_cat=0
split_feature=4 3 2 4 6 4 0 9 5 3 3 5 2 5 0 1 9 4 1 5 1 5 2 12 2 1 4 8 3 4
split_gain=31.5971 6.12557 3.24519 1.3617 2.82589 1.04203 0.973845 1.04203 0.945577 0.857862 1.08268 0.85708 0.634158 0.613133 0.611838 0.607302 0.71725 0.566753 0.513337 0.464191 0.428585 0.329524 0.285224 0.32787 0.397419 0.253135 0.186548 0.0445437 0.0321431 0.0291005
threshold=72.281323877068573 82.696216575415704 43.288288288288292 1.0000000180025095e-35 1.0000000180025095e-35 55.059167663874497 9.3073593073593077 1.0000000180025095e-35 31.755368814192344 83.123503752794377 86.076511723570562 74.527629233511604 59.207094418362026 58.079877112135172 99.450549450549474 74.813432835820905 1.0000000180025095e-35 86.295149638802897 70.678733031674213 65.648320895522403 68.801229508196727 53.907203907203915 77.485187623436488 4.5000000000000009 99.450549450549474 87.026647966339425 66.024884206702396 4.5000000000000009 87.646581359816665 52.843665768194079
decision_type=2 2 2 2 2 2 2 2 2 2 2 2 2 2 2 2 2 2 2 2 2 2 2 2 2 2 2 2 2 2
left_child=1 14 6 9 5 29 -2 11 -6 -3 27 -8 -12 -7 19 20 22 -13 -16 25 -14 -9 -17 24 -24 26 -1 -11 -10 -5
right_child=2 3 -4 4 8 13 7 21 28 10 12 17 15 -15 18 16 -18 -19 -20 -21 -22 -23 23 -25 -26 -27 -28 -29 -30 -31
leaf_value=-0.080320401988155599 -0.083567658842783971 0.090324392335744921 0.080401982731434618 -0.080367903257863471 -0.074596610270319108 0.043027243524942548 -0.033932212488220807 0.014294353243299319 0.057188410167452845 -0.053111772886815151 0.089614619724946498 -0.024075460057451054 0.0092389709778381429 -0.054167670792158271 -0.081185789349724355 0.060509278084465504 0.083067740723006891 0.085701250652909067 0.056093765801382249 0.051977647605558168 -0.046491190754174488 0.093649048005144633 0.027851102566512742 0.048821646300500343 -0.049376163889079436 0.085497717869787257 -0.040065055481564714 -0.084214269077215104 0.087077979864000024 -0.043573006485889555
leaf_weight=19.921587766380995 0.60046395473182457 0.74760504998266952 21.304650052450597 4.6658562264638004 0.30158816650509823 0.82697962364181854 2.0801609642803673 0.44744052924215783 0.28740724548697461 0.54068073350936063 0.61756139993667414 0.45745305716991402 1.7521140361204746 0.8345823329873383 0.30208288435824115 0.51064831204712424 1.060537404380739 0.88001724984496832 0.41221600864082575 0.17637884989380737 1.7807294633239505 1.3315813362132756 0.66759003326296817 0.55111555801704515 1.180757406167686 0.060167677700518563 0.76504730735905369 0.64775422215461731 1.1581641247030345 0.14174328511580814
leaf_count=6917 6 6 4457 1366 6 33 26 7 13 18 4 3 18 19 69 7 93 54 13 4 25 81 19 31 45 1 30 25 84 10
internal_value=-0.000701026 -0.0459687 0.0659616 -0.0118643 -0.0360254 -0.0604075 0.0128924 0.0240381 0.0542535 0.00787464 0.00125345 -0.00180806 0.0116901 -0.00579258 -0.0747708 0.00527663 0.0267447 0.0481545 -0.00196289 -0.0772564 -0.0188518 0.0736906 0.00621872 -0.00533527 -0.0214831 -0.0783551 -0.0788317 -0.0700641 0.0811354 -0.0792831
internal_weight=67.0127 39.9109 27.1018 18.2734 8.21632 6.46916 5.79712 5.19665 1.74716 10.0571 9.30949 3.41763 8.12105 1.66156 21.6375 7.50349 3.97065 1.33747 0.714299 20.9232 3.53284 1.77902 2.91011 2.39946 1.84835 20.7468 20.6866 1.18843 1.44557 4.8076
internal_count=13490 8856 4634 1822 1531 1428 177 171 103 291 285 83 242 52 7034 238 195 57 82 6952 43 88 102 95 64 6948 6947 43 97 1376
is_linear=0
shrinkage=0.08


Tree=62
num_leaves=31
num_cat=0
split_feature=4 3 2 1 11 2 1 5 5 11 4 4 11 6 0 4 2 5 3 2 3 8 1 1 6 5 4 4 4 4
split_gain=28.707 5.8541 3.1525 1.25853 1.24759 1.16028 1.76964 0.883229 0.807653 0.800728 0.709448 0.803462 0.705704 0.686685 0.582427 0.46752 0.462626 0.406161 0.353913 0.327501 0.283863 0.265117 0.237741 0.173937 0.166994 0.496966 0.659064 0.011384 0.00843001 0.00688871
threshold=72.281323877068573 82.696216575415704 43.288288288288292 81.892697466467965 5.5000000000000009 58.123167155425222 57.93287566742945 78.815646656090863 70.632463511720488 4.5000000000000009 1.0000000180025095e-35 55.059167663874497 6.5000000000000009 1.0000000180025095e-35 99.450549450549474 66.024884206702396 70.65997130559542 56.461100569259962 38.787878787878789 97.100840336134468 93.694500180068971 8.5000000000000018 87.026647966339425 88.067796610169509 1.0000000180025095e-35 22.82097649186257 52.843665768194079 66.024884206702396 88.11541565778856 38.485427615862406
decision_type=2 2 2 2 2 2 2 2 2 2 2 2 2 2 2 2 2 2 2 2 2 2 2 2 2 2 2 2 2 2
left_child=1 14 7 4 10 6 13 8 17 24 21 -12 19 -6 15 22 29 -2 -9 -11 27 -3 -1 -14 25 -5 -27 -7 -20 -16
right_child=2 3 -4 9 5 20 -8 18 -10 12 11 -13 23 -15 16 -17 -18 -19 28 -21 -22 -23 -24 -25 -26 26 -28 -29 -30 -31
leaf_value=-0.080297153118085579 -0.0082643499222052816 0.037190907711121199 0.080370957845889907 0.08098454032168291 -0.083491373194428647 -0.082830455574930642 0.11362259322896888 -0.030996669155463979 -0.047279127970059447 0.026684631993330314 -0.080530979675184328 0.010655493970602859 0.010607382042610587 0.095479631459743308 -0.08128092735555624 -0.021439827364897541 0.057440730952547953 0.055646772245995686 0.097045785484677793 -0.046006437564547635 0.029295155942339487 -0.0032177798500305456 0.085047207764011021 0.076544387153280616 0.087971819217280353 -0.080783365290186315 0.081465690517046954 -0.10368310836586719 0.082075212784143758 -0.052971924764970341
leaf_weight=18.395052114268776 1.2825871906243294 2.1411379138007778 19.673954562284052 0.87683260533958607 0.96928879758343078 3.3978291278472179 0.58146519376896311 0.19124382617883373 1.7393871713429687 0.5103008861187851 1.2807648209854963 1.1958343782462177 0.43700784072279908 0.15983007079921663 0.23643093020655115 0.92253441177308459 0.37714851228520274 1.2631310434080658 0.34857713803648926 1.781421673251316 0.14775491808541108 2.0189537368714809 0.055824000388382866 0.61831701034680009 0.73678002250380803 0.37338390620425344 0.28067591786384583 0.17624330520629872 0.77807987132109702 0.071695879101753235
leaf_count=6917 18 27 4457 113 206 708 18 6 26 36 398 25 29 2 51 34 10 22 4 73 16 19 1 22 61 49 19 1 101 21
internal_value=-0.000684309 -0.0448712 0.0652938 -0.0113154 -0.0258721 -0.0543015 0.000234333 0.012353 -0.00526178 0.0199747 -0.00260141 -0.0365013 -0.00489251 -0.0581575 -0.0744542 -0.077018 -0.00197221 0.023447 0.0696267 -0.0298202 -0.0793666 0.01758 -0.0797969 0.04924 0.0566784 0.0416176 -0.0111576 -0.0838587 0.086707 -0.0746939
internal_weight=63.0195 37.7425 25.277 17.6838 12.0691 5.43241 1.71058 5.60301 4.28511 5.61472 6.63669 2.4766 3.34705 1.12912 20.0587 19.3734 0.685275 2.54572 1.3179 2.29172 3.72183 4.16009 18.4509 1.05532 2.26767 1.53089 0.65406 3.57407 1.12666 0.308127
internal_count=13490 8856 4634 1822 1420 951 226 177 66 402 469 423 160 208 7034 6952 82 40 111 109 725 46 6918 51 242 181 68 709 105 72
is_linear=0
shrinkage=0.08


Tree=63
num_leaves=31
num_cat=0
split_feature=4 3 1 4 6 4 4 5 0 3 8 12 8 0 4 11 12 0 1 12 1 0 0 3 4 1 5 5 4 1
split_gain=26.0274 5.56682 3.01632 1.13427 2.35858 0.990995 0.928846 0.790775 0.773376 0.755353 0.615205 0.604403 1.21079 0.554862 0.488189 0.485169 0.777271 0.576934 0.548579 0.419775 0.21933 0.204628 0.0582077 0.0375486 0.00763592 0.00639879 0.0127779 0.0105816 0.00192112 0.00175761
threshold=72.281323877068573 82.696216575415704 43.288288288288292 1.0000000180025095e-35 1.0000000180025095e-35 52.843665768194079 94.559548978153643 31.755368814192344 59.175084175084187 90.287087912087927 8.5000000000000018 3.5000000000000004 4.5000000000000009 99.450549450549474 66.024884206702396 5.5000000000000009 3.5000000000000004 81.120250685468093 83.438818565400865 1.5000000000000002 87.026647966339425 83.527131782945744 78.346121057118509 87.646581359816665 23.670062252405213 70.320320320320334 35.14332514332515 51.649148242116709 52.419984387197509 85.053191489361708
decision_type=2 2 2 2 2 2 2 2 2 2 2 2 2 2 2 2 2 2 2 2 2 2 2 2 2 2 2 2 2 2
left_child=1 13 6 8 5 24 11 -6 -3 -7 15 -2 -13 14 20 16 22 -18 -17 -15 29 -19 -10 -9 -5 -25 -27 -28 -26 -1
right_child=2 3 -4 4 7 9 -8 23 10 -11 -12 12 -14 19 -16 18 17 21 -20 -21 -22 -23 -24 25 28 26 27 -29 -30 -31
leaf_value=-0.080208975152331399 -0.029049670479478235 0.096410570466881076 0.08037806190100108 -0.052640368851232175 -0.066526197300470921 -0.07792090785984046 0.082436446139681804 0.051504960692131445 0.013108511370612051 0.03157781460440625 -0.034523354975865873 -0.029769317154970106 0.090007231660079068 -0.08102397257473723 -0.01985052928517704 -0.046314960894584756 -0.011058016546821162 0.16165221311626332 0.021947149425484293 0.049613196895378769 0.0846357008707075 0.081542112966089125 -0.013909002906184654 0.096932507480231786 -0.080365263841889564 0.092988691697002968 0.054244486544262963 0.080946540492087757 -0.090866020067121508 -0.090226366882535797
leaf_weight=16.872316042194157 2.45829117484391 0.58348100259900348 18.019626372959465 0.063195397378875806 0.2963531264103948 0.63180316588841368 1.0198946129530666 0.26710300869308401 0.95853358134627242 1.1142854550853369 2.2860663665924221 1.1019057170487943 1.0594807378947733 0.26011717622168262 0.9169278631452461 1.4388945926912131 0.41943345218896855 0.24997387826442707 1.581693487241864 0.39873013889882714 0.051772404462098076 1.111152665922418 1.0914990250021217 0.22944156546145655 3.8398809402715419 0.36069923592731357 0.13712708535604179 0.30904780351556838 0.11483979295007873 0.11284664832055469
leaf_count=6913 24 5 4413 22 6 26 146 13 11 36 38 25 26 67 34 39 3 1 33 15 1 131 30 5 1341 6 20 53 3 4
internal_value=-0.000673225 -0.0438007 0.064398 -0.0108261 -0.0345096 -0.058362 0.0133382 0.051431 0.00711491 -0.00804311 0.00141272 -0.00191671 0.0289434 -0.074068 -0.076714 0.0134037 0.0323083 0.0709757 -0.0105704 -0.0019632 -0.0797744 0.0962545 -0.00127643 0.0782505 -0.0802293 0.085144 0.0817918 0.0727399 -0.0806702 -0.0802755
internal_weight=59.3564 35.6972 23.6592 17.0845 7.36378 5.764 5.63957 1.59977 9.72073 1.74609 9.13725 4.61968 2.16139 18.6127 17.9539 6.85118 3.83059 1.78056 3.02059 0.658847 17.0369 1.36113 2.05003 1.30342 4.01792 1.03632 0.806874 0.446175 3.95472 16.9852
internal_count=13490 8856 4634 1822 1531 1428 221 103 291 62 286 75 51 7034 6952 248 176 135 72 82 6918 132 41 97 1366 84 79 73 1344 6917
is_linear=0
shrinkage=0.08


Tree=64
num_leaves=31
num_cat=0
split_feature=4 4 2 4 1 11 8 5 4 8 2 9 1 0 0 6 0 0 1 2 2 2 1 11 9 2 1 2 0 1
split_gain=23.6178 4.80503 3.03542 2.42191 1.29255 0.946872 0.793596 0.975847 0.842777 0.661174 1.29078 0.706893 0.613301 0.825968 0.58252 0.899672 0.552311 0.496491 0.622846 0.562247 0.59526 0.840518 1.41642 0.685519 0.65705 0.362918 0.109756 0.107524 0.0946862 0.0539154
threshold=72.281323877068573 1.0000000180025095e-35 43.288288288288292 55.059167663874497 78.629976580796267 8.5000000000000018 16.500000000000004 49.044430919050527 92.120047309284459 9.5000000000000018 55.646630236794174 1.0000000180025095e-35 46.986201888162675 58.397435897435905 99.450549450549474 1.0000000180025095e-35 60.49571603427173 72.902097902097907 56.635220125786169 58.123167155425222 70.65997130559542 72.850122850122872 73.765182186234838 4.5000000000000009 1.0000000180025095e-35 85.912698412698433 77.058029689608645 22.431865828092246 83.527131782945744 87.609649122807028
decision_type=2 2 2 2 2 2 2 2 2 2 2 2 2 2 2 2 2 2 2 2 2 2 2 2 2 2 2 2 2 2
left_child=1 5 6 14 9 12 7 -2 -9 11 27 26 -1 -14 -3 -16 -13 18 -15 -19 -21 -22 -23 28 -25 -7 -5 -11 -24 -26
right_child=2 3 -4 4 -6 25 -8 8 -10 10 -12 16 13 17 15 -17 -18 19 -20 20 21 22 23 24 29 -27 -28 -29 -30 -31
leaf_value=-0.083858279812336109 -0.091349245679237023 -0.080213518873087197 0.080316819876127432 -0.085711324803187688 0.07914483068400649 -0.084373224612267636 0.087288771974486271 -0.0060769243743661796 0.083450973217467903 0.0015102506929854189 0.10141672769615513 -0.081273744646227025 0.11245734853060026 0.039801721539031672 -0.075920178753749665 0.033669157850152037 0.059874087867136154 0.089769443161355336 -0.084705561751649838 -0.038168839663436663 0.086090538105457193 -0.098236417405146381 0.025558212096913269 -0.025918955760515231 0.039237890796336897 0.03205234119486472 -0.14466256659590301 -0.085073310600213128 0.082186199530823192 0.081535159974008647
leaf_weight=0.43011248600669105 0.66189593449235218 16.936093398951932 16.786085749277845 0.89720371412113287 0.87936378340236832 1.0270363406743843 0.74959850730374444 3.0487761041149501 0.86354533093981434 0.11455466528423108 0.57647558604367077 0.30267577874474216 0.51360785122960706 0.39457641518674591 1.2860409246059128 0.76439838856458653 0.42875816160812974 0.59984160400927056 0.73825070029124618 1.3719692861195651 1.0253513953648505 0.70612270920537401 0.22933663427829776 1.7771798241883519 0.35445330291986454 0.20566720142960537 0.26090453192591667 0.46200908883474767 1.0737671316601334 0.42309182789176702
leaf_count=52 8 7585 4457 133 104 116 47 30 92 17 9 69 15 26 294 10 16 15 50 36 17 19 2 36 5 4 3 65 120 38
internal_value=-0.000656615 -0.0427311 0.0636235 -0.0635156 -0.00628311 0.00107068 0.0109892 -0.0015144 0.0136841 -0.0309734 0.0167667 -0.0601054 0.00951485 0.0138766 -0.0753378 -0.0350656 0.00146549 0.00805278 -0.0413383 0.0154527 0.00904894 0.0206392 0.00593467 0.0250018 0.000916817 -0.0649485 -0.0989922 -0.0678704 0.0722201 0.0622534
internal_weight=55.8887 33.7788 22.1099 22.9085 3.92195 10.8704 5.32382 4.57422 3.91232 3.04258 1.15304 1.88954 9.63766 9.20755 18.9865 2.05044 0.731434 8.69394 1.13283 7.56111 6.96127 5.5893 4.56395 3.85783 2.55472 1.2327 1.15811 0.576564 1.3031 0.777545
internal_count=13490 8856 4634 8305 416 551 177 130 122 312 91 221 431 379 7889 304 85 364 76 288 273 237 220 201 79 120 136 82 122 43
is_linear=0
shrinkage=0.08


Tree=65
num_leaves=31
num_cat=0
split_feature=4 3 2 11 9 10 0 9 1 5 3 4 4 1 0 0 4 1 4 2 1 11 1 2 2 3 5 0 1 5
split_gain=21.4758 5.0395 2.94886 0.988336 1.11255 1.1591 0.78884 0.958324 0.650067 0.669329 0.825831 0.596145 1.06245 0.55994 0.876934 0.496263 0.482274 0.448692 0.399324 0.36057 0.648238 0.624642 0.349756 0.32995 0.299989 0.486295 0.292889 0.271642 0.9695 0.212473
threshold=72.281323877068573 82.696216575415704 43.288288288288292 8.5000000000000018 1.0000000180025095e-35 1.0000000180025095e-35 9.3073593073593077 1.0000000180025095e-35 26.794871794871803 73.735309146653051 53.050602697780128 49.844720496894418 34.656167979002632 69.631093544137045 59.611795446061969 99.450549450549474 66.024884206702396 86.72955974842769 69.183285849952526 71.897435897435912 74.813432835820905 4.5000000000000009 70.678733031674213 48.331479421579537 58.578637510513055 90.773852584197428 53.907203907203915 68.857758620689665 68.614072494669514 46.763720150816937
decision_type=2 2 2 2 2 2 2 2 2 2 2 2 2 2 2 2 2 2 2 2 2 2 2 2 2 2 2 2 2 2
left_child=1 15 6 4 5 18 -2 8 -8 -10 -11 12 13 14 -6 16 -1 -5 27 -7 -21 -22 -17 -16 -15 -26 -9 28 -3 -14
right_child=2 3 -4 17 11 19 7 26 9 10 -12 -13 29 24 23 22 -18 -19 -20 20 21 -23 -24 -25 25 -27 -28 -29 -30 -31
leaf_value=-0.079734235918292026 -0.08123851497147154 -0.080233323116759986 0.080292391974129795 -0.081633417444985187 0.11958122508209719 0.021977431206313156 0.045368364941056019 0.013973449578510362 -0.071350009980846937 -0.069628013497597646 0.090368144309785084 0.075651201181885716 -0.091994951200986844 0.1413547511830979 0.075394911585892954 -0.080856394753682434 -0.017857027816877393 0.057657980946502187 0.081561663304139817 -0.076763758785334577 0.06393715011811317 -0.022538725656217357 0.046003468493371641 -0.076611883685248877 -0.037303690944812333 0.069062744595253744 0.093199256676593803 -0.080616167830786636 0.11632988514053265 0.032300087840930976
leaf_weight=14.558435028651731 0.53767263516783792 0.5821423182496791 15.500033316435292 1.509641873766667 0.23807547474279978 2.7796646975912154 1.0783026081044229 0.40427555516362179 1.152873439248651 0.35902740829624225 0.48589133564382792 1.2463315352797506 0.62949388625565905 0.24565033614635456 0.10579794843215495 0.22294959379360157 0.85339861246757287 0.16409416147507716 0.12295116111636151 0.86294966423884067 0.76475991075858507 1.7762265540659425 0.36978853074833751 0.67111554252915084 0.34873075177893031 1.3026501415297387 1.1429301092866806 2.1216460398864001 0.22177010937593877 0.10232671070843935
leaf_count=6918 6 266 4457 384 4 39 27 7 16 6 34 101 143 1 5 69 34 10 16 13 67 32 13 85 28 123 81 498 2 5
internal_value=-0.000649171 -0.0419066 0.0628526 -0.00985025 -0.0029612 -0.0193033 0.0104755 0.0211415 -0.0046897 -0.0317084 0.0223817 0.0278909 0.0115551 0.0332106 -0.0147484 -0.0735452 -0.0763079 -0.0679772 -0.0596749 0.000599863 -0.0168571 0.00348789 -0.00171297 -0.055912 0.0588707 0.0466008 0.072498 -0.0656106 -0.0260087 -0.0746154
internal_weight=52.4616 31.8006 20.661 15.796 14.1223 9.23211 5.16097 4.6233 3.07609 1.99779 0.844919 4.89017 3.64384 2.91202 1.01499 16.0046 15.4118 1.67374 3.04851 6.1836 3.40394 2.54099 0.592738 0.776913 1.89703 1.65138 1.54721 2.92556 0.803912 0.731821
internal_count=13490 8856 4634 1822 1428 933 177 171 83 56 40 495 394 246 94 7034 6952 394 782 151 112 99 82 90 152 151 88 766 268 148
is_linear=0
shrinkage=0.08


Tree=66
num_leaves=31
num_cat=0
split_feature=4 3 2 11 9 10 4 4 5 11 12 4 0 1 4 3 4 3 12 2 1 11 0 1 1 1 0 5 5 5
split_gain=19.5029 4.75355 2.83921 0.911847 0.981523 1.0681 0.708436 0.539807 0.965902 0.514213 0.511365 0.500526 0.462338 0.413782 0.394849 0.382679 0.362677 0.313537 0.745521 0.463551 0.521573 0.850039 0.24024 0.877782 0.201693 0.165407 0.181089 0.144878 0.0953919 0.0903007
threshold=72.281323877068573 82.696216575415704 43.288288288288292 8.5000000000000018 1.0000000180025095e-35 1.0000000180025095e-35 94.559548978153643 49.844720496894418 20.521541950113384 4.5000000000000009 5.5000000000000009 66.024884206702396 99.450549450549474 86.72955974842769 23.670062252405213 90.478467908902715 69.183285849952526 87.877122877122886 2.5000000000000004 72.850122850122872 75.615615615615624 4.5000000000000009 68.857758620689665 68.614072494669514 87.026647966339425 82.446311858076569 91.73497267759565 32.278100581045898 64.56575682382136 42.635004821600781
decision_type=2 2 2 2 2 2 2 2 2 2 2 2 2 2 2 2 2 2 2 2 2 2 2 2 2 2 2 2 2 2
left_child=1 11 6 4 5 16 10 8 15 27 -2 12 24 -5 -14 -6 22 -7 -19 -20 -21 -22 23 -3 -1 28 -27 -10 -24 -29
right_child=2 3 -4 13 7 17 -8 -9 9 -11 -12 -13 14 -15 -16 -17 -18 18 19 20 21 -23 25 -25 -26 26 -28 29 -30 -31
leaf_value=-0.080219438733467027 -0.028221635957737405 -0.080215447317966287 0.080269852432432481 -0.081370074889991567 0.015055268651101156 -0.039488513987406326 0.082488188815785443 0.073774090687925384 0.048736784855874009 -0.089252907010023808 0.027587558917419121 -0.014172201115122185 0.055410718391762974 0.054707045687014413 -0.081001793235116221 0.082667960828496215 0.081443087014697005 0.070863542426055789 0.025693133531628019 -0.098307727910521323 0.081101687790834223 -0.04117503690355967 -0.082069794600063833 0.1117846075606197 0.084249069318554012 0.033062517834697831 -0.077098217092010715 -0.080502371221518362 -0.13652198834005497 0.017920887186789948
leaf_weight=13.407481582486067 2.2834340967237976 0.53749998728744586 14.312189275166018 1.3979050357593212 1.2898528578225521 1.0396749093197284 0.73628196399658907 1.1786092096008358 0.31719438766594954 0.71549021557439119 1.9464189368300138 0.87042934494093138 0.30743047501891929 0.15931386430747796 0.24325223150663078 0.9163557537831365 0.11365677462890733 0.99451128020882595 1.6980833280831573 0.53791074268519889 0.49411752237938356 1.3802257217466829 1.3609619898488747 0.21269662003032863 0.047890968620777907 0.16019331209827203 0.23649732279591262 0.12551551219075918 0.24260637164115895 0.11370358255226165
leaf_count=6917 22 266 4457 384 21 32 116 101 21 216 39 37 5 10 74 96 16 11 14 6 64 24 442 2 1 20 35 33 1 7
internal_value=-0.000637634 -0.0408754 0.0621852 -0.00944653 -0.002837 -0.0182519 0.010066 0.0269838 0.0111282 -0.0443958 -0.00254035 -0.0730354 -0.0766936 -0.0674485 -0.00484657 0.0431384 -0.0585994 0.000555062 0.00871051 -0.00632765 -0.0288684 -0.00894024 -0.0643863 -0.0257794 -0.0796341 -0.0788658 -0.0326126 0.0132858 -0.090308 -0.0337207
internal_weight=49.3774 30.0991 19.2783 15.2226 13.6654 9.00864 4.96613 4.65672 3.47811 1.2719 4.22985 14.8765 14.0061 1.55722 0.550683 2.20621 2.86411 6.14452 5.10485 4.11034 2.41225 1.87434 2.75046 0.750197 13.4554 2.00026 0.396691 0.556413 1.60357 0.239219
internal_count=13490 8856 4634 1822 1428 933 177 495 394 277 61 7034 6997 394 79 117 782 151 119 108 94 88 766 268 6918 498 55 61 443 40
is_linear=0
shrinkage=0.08


Tree=67
num_leaves=31
num_cat=0
split_feature=4 4 2 4 2 6 8 2 11 8 1 1 0 8 0 8 2 2 11 11 1 11 1 2 12 4 12 2 1 12
split_gain=17.6549 4.04523 2.7884 2.09541 1.15472 1.01143 0.722108 0.90132 0.715651 0.694266 0.584757 0.545263 0.533295 0.740367 0.561661 0.600226 0.518997 0.644082 0.396773 0.555696 0.546465 0.513575 1.40717 1.29869 1.22856 0.381304 0.359797 0.308095 0.228446 0.130844
threshold=72.281323877068573 1.0000000180025095e-35 43.288288288288292 52.419984387197509 48.714568226763355 1.0000000180025095e-35 9.5000000000000018 78.629976580796267 8.5000000000000018 16.500000000000004 32.071428571428577 92.185592185592199 58.123167155425229 14.500000000000002 72.902097902097907 6.5000000000000009 15.587044534412959 22.431865828092246 7.5000000000000009 5.5000000000000009 87.609649122807028 3.5000000000000004 71.503759398496257 77.058029689608645 3.5000000000000004 87.308380670764933 3.5000000000000004 85.912698412698433 80.35087719298248 5.5000000000000009
decision_type=2 2 2 2 2 2 2 2 2 2 2 2 2 2 2 2 2 2 2 2 2 2 2 2 2 2 2 2 2 2
left_child=1 8 9 11 -5 6 7 -6 12 10 16 -3 -1 14 15 -14 -2 -18 19 21 -21 22 -16 -23 -25 -12 -13 -10 -26 -19
right_child=2 3 -4 4 5 -7 -8 -9 27 -11 25 26 13 -15 18 -17 17 29 -20 20 -22 23 -24 24 28 -27 -28 -29 -30 -31
leaf_value=0.084568207808731088 -0.044911619482193722 -0.080171860127858319 0.080249055299128416 -0.07431575983017101 -0.095652704149554527 0.081078916278310501 0.081051527029691553 0.038170620836441391 -0.08347780151826753 0.08649426206975451 -0.09579454406538504 0.045893956383933558 -0.084693382639746864 -0.095685814003052677 -0.083344507906754531 0.039528327082352238 0.10075740102921943 -0.013401749587082035 0.070378401059872392 -0.086470105826290153 0.0077684579711203294 0.10506804966540506 0.064137038626789961 -0.090804153694101664 -0.022006215089642445 -0.0069046434228957976 -0.058448330759112141 0.031513640668078144 0.081726434942201887 0.03189026150520962
leaf_weight=0.55162202147767203 0.67485357238911392 13.599363218992949 13.21510104020126 1.2650106651708473 0.8620238481089475 1.0233593890443442 0.36404255498200644 0.51426248648203909 0.82623070396948495 0.64921873016282905 0.58088466338813283 0.3634868061635651 0.74897154746576944 0.45669053052552033 0.82705018389970042 0.37288106104824692 0.67251559556461904 0.87257116474211194 0.80622856435365964 0.64359743613749731 1.0146727897226808 1.291847453452647 0.82914527854882181 0.61587682273238875 0.17320611793547869 0.65949255484156311 0.50583540019579232 0.18195943348109722 0.6303692392539233 0.76708622137084603
leaf_count=40 14 7648 4457 376 75 93 16 38 116 47 6 19 67 22 13 23 22 10 17 33 26 23 69 15 4 38 40 4 79 40
internal_value=-0.00062495 -0.0398968 0.0611702 -0.0620372 -0.0110101 0.0179665 -0.0191452 -0.0456483 0.00117889 0.00946871 -0.00236041 -0.0762453 0.00836759 0.00336982 0.00905735 -0.0434046 0.016813 0.0348285 0.0176719 0.0106199 -0.0288068 0.0255897 -0.00951045 0.0470306 -0.00578953 -0.0485329 -0.01482 -0.062724 0.0593674 0.00778736
internal_weight=46.5595 28.4677 18.0917 18.4974 4.0287 2.76369 1.74033 1.37629 9.97035 4.87662 4.2274 14.4687 8.96216 8.41054 7.95385 1.12185 2.98703 2.31217 6.83199 6.02577 1.65827 4.3675 1.6562 2.7113 1.41945 1.24038 0.869322 1.00819 0.803575 1.63966
internal_count=13490 8856 4634 8305 598 222 129 113 551 177 130 7707 431 391 369 90 86 72 279 262 59 203 82 121 98 44 59 120 83 50
is_linear=0
shrinkage=0.08


Tree=68
num_leaves=31
num_cat=0
split_feature=4 4 2 4 2 6 5 5 11 8 2 2 0 0 9 5 5 8 0 2 2 2 12 2 11 11 11 2 12 12
split_gain=16.0296 3.78153 2.70061 1.9723 1.04613 0.912972 0.679729 0.709297 0.647505 0.640352 0.820233 0.544361 0.452628 0.540171 0.421951 0.407456 0.396607 0.371379 0.327618 0.288527 0.281899 0.759287 0.258371 0.240721 1.00253 0.364652 0.463437 0.912217 0.127004 0.120681
threshold=72.281323877068573 1.0000000180025095e-35 43.288288288288292 52.419984387197509 48.714568226763355 1.0000000180025095e-35 78.815646656090863 70.632463511720488 8.5000000000000018 9.5000000000000018 78.629976580796267 92.031746031746039 58.123167155425229 72.902097902097907 1.0000000180025095e-35 54.623154623154626 31.608682723758552 6.5000000000000009 9.3073593073593077 85.912698412698433 65.345368916797511 72.06557377049181 8.5000000000000018 72.850122850122872 3.5000000000000004 6.5000000000000009 4.5000000000000009 73.765182186234838 2.5000000000000004 3.5000000000000004
decision_type=2 2 2 2 2 2 2 2 2 2 2 2 2 2 2 2 2 2 2 2 2 2 2 2 2 2 2 2 2 2
left_child=1 8 6 11 22 9 7 15 12 10 -6 -3 -1 17 23 -2 -13 -14 -8 -10 -16 -22 -5 24 -15 26 27 -25 -23 -18
right_child=2 3 -4 4 5 -7 18 -9 19 -11 -12 16 13 14 20 -17 29 -19 -20 -21 21 28 -24 25 -26 -27 -28 -29 -30 -31
leaf_value=0.078340029382254872 -0.013815273620759516 -0.080159087531289863 0.080229864472563361 -0.081890159947774446 -0.094193402252636727 0.079289558655275358 -0.04525771171106447 -0.049109711909089991 -0.083214996431777238 0.077461543230061922 0.035800956436006122 -0.092368704067911533 -0.084332420042291911 -0.045231017329402566 0.11356647972594505 0.054895812306466951 0.055905646010709534 0.0061112163851916954 0.085719220409108246 0.029250365758773982 -0.069906568179299605 0.014017986506180878 0.08570402260597508 -0.099953119253826717 0.066285812577455291 0.044706460459324172 -0.054916813361088099 0.062795087268919553 0.082244522995194649 -0.017765201493571799
leaf_weight=0.54799324856139797 1.0583088283892754 12.550604165531695 12.201875670813022 1.1240785004338243 0.80757984088268153 0.96514334133826185 0.14228556491434552 1.5069524527061728 0.76501808140892613 0.35099166142754246 0.50484352186322212 0.28044359222985882 0.69422699208371141 0.86474959831684861 0.3259793291799723 1.1553068263456223 0.32429018174298108 0.49971695651765913 0.86688239709474146 0.1804227102547884 0.35401908494532086 0.22648158296942711 0.062125369906425365 0.31397864781320162 1.2790768806589765 0.5639160033315419 1.5011564112501217 0.73968904768116772 0.76255132746882737 0.25359058217145503
leaf_count=40 17 7644 4457 375 75 93 3 26 116 16 38 16 67 15 3 23 16 32 108 4 11 4 1 4 42 16 34 69 94 31
internal_value=-0.000616521 -0.0390649 0.0603379 -0.0615043 -0.0107496 0.0173933 0.0090203 -0.00677459 0.00111505 -0.01852 -0.0441891 -0.0759438 0.00796782 0.00322186 0.0117825 0.0220457 -0.0143065 -0.0464779 0.0672524 -0.0617527 0.0468311 0.0306334 -0.0731127 0.000666747 0.0213036 -0.013519 -0.0263709 0.0142983 0.0666211 0.0235768
internal_weight=43.7743 26.8427 16.9316 17.2237 3.81476 2.62856 4.72974 3.72057 9.61898 1.66342 1.31242 13.4089 8.67354 8.12554 6.9316 2.21362 0.858324 1.19394 1.00917 0.945441 1.66903 1.34305 1.1862 5.26257 2.14383 3.11874 2.55482 1.05367 0.989033 0.577881
internal_count=13490 8856 4634 8305 598 222 177 66 551 129 113 7707 431 391 292 40 63 99 111 120 112 109 376 180 57 123 107 73 98 47
is_linear=0
shrinkage=0.08


Tree=69
num_leaves=31
num_cat=0
split_feature=4 3 2 11 8 5 1 2 2 3 0 0 0 4 5 4 4 0 3 3 10 0 1 3 1 11 2 4 2 8
split_gain=14.5026 4.08189 2.63466 0.726289 0.653601 0.816126 0.726845 0.936014 0.652349 1.02483 0.784804 1.10217 0.543764 0.477119 0.470816 0.456928 0.615313 0.455571 0.434663 0.417086 0.692099 0.396192 0.358529 0.339234 0.304453 0.437544 0.535769 0.304169 0.225842 0.20512
threshold=72.281323877068573 82.696216575415704 43.288288288288292 8.5000000000000018 16.500000000000004 49.044430919050527 28.86904761904762 15.587044534412959 51.31670131670132 86.478835978835988 69.098143236074279 81.120250685468093 81.365740740740748 66.024884206702396 73.735309146653051 55.059167663874497 34.656167979002632 99.450549450549474 83.123503752794377 90.002828054298661 1.0000000180025095e-35 99.450549450549474 86.72955974842769 86.076511723570562 75.615615615615624 4.5000000000000009 97.100840336134468 23.670062252405213 69.309262166405034 5.5000000000000009
decision_type=2 2 2 2 2 2 2 2 2 2 2 2 2 2 2 2 2 2 2 2 2 2 2 2 2 2 2 2 2 2
left_child=1 13 4 8 5 -2 7 -7 18 17 29 19 -13 21 -8 16 24 -10 -3 -12 -21 -1 -5 -20 28 -26 -27 -23 -14 -11
right_child=2 3 -4 22 -6 6 14 -9 9 10 11 12 15 -15 -16 -17 -18 -19 23 20 -22 27 -24 -25 25 26 -28 -29 -30 -31
leaf_value=-0.079568204708929363 -0.090138092442551193 0.12043085150016059 0.080212150970957519 -0.080883360272392985 0.08620219523863891 -0.040409259052212168 -0.076216191202938252 0.078421169954990128 -0.082348737851527701 0.024896240940767315 -0.085319695179188956 0.12837116759863293 0.0073533773523009405 -0.011269652142134582 0.015956160732557349 0.063879261080278735 -0.063128749002595713 0.067793335721301681 -0.08305493732153188 -0.087958890855601282 0.058077475467197916 0.05059429832058731 0.052240620267453977 0.070336930139142745 0.069542035090822255 0.067125627077978339 -0.020837812975416887 -0.080797613244668845 -0.050212749118757748 0.09822865312681564
leaf_weight=10.680473376240114 0.5887281633913507 0.44469046592712302 11.266137385275213 1.124128415249287 0.60302022262476374 0.60676336474716741 0.73973168432712533 1.4102520612068472 1.3731130824889977 0.40623590804170706 1.2505954738007843 0.24117781477980305 1.0359809200745074 0.7689529452472933 0.68136239238083363 0.77181078470312048 0.88297201192472119 0.14278938702773292 0.16348288697190583 0.40048599068541069 0.43144655227661133 0.27105036191642362 0.14633120107464481 0.21183905587531626 0.95715595642104778 0.62300350051373254 1.5350772817619145 0.19308815058320761 0.75333114399109025 0.61169820663053542
leaf_count=6918 8 2 4457 384 47 13 14 57 432 87 212 3 25 37 38 106 155 8 35 55 5 5 10 14 133 33 65 74 35 23
internal_value=-0.000604458 -0.0380843 0.0593334 -0.00797774 0.00852769 -0.00310409 0.0117993 0.0426743 -0.00200044 -0.00695074 0.00242787 -0.00519662 0.0103974 -0.0722185 -0.0320229 0.00605966 -0.00165103 -0.0682062 0.0669215 -0.056119 -0.0122233 -0.0764238 -0.0655502 0.00352244 0.00941688 0.0245228 0.00455583 -0.00406659 -0.016883 0.0689632
internal_weight=41.3169 25.4209 15.896 13.5073 4.62986 4.02684 3.43811 2.01702 12.2369 11.4169 9.90097 8.88304 6.80051 11.9136 1.42109 6.55933 5.78752 1.5159 0.820012 2.08253 0.831933 11.1446 1.27046 0.375322 4.90455 3.11524 2.15808 0.464139 1.78931 1.01793
internal_count=13490 8856 4634 1822 177 130 122 70 1428 1377 937 827 555 7034 52 552 446 440 51 272 60 6997 394 49 291 231 98 79 60 110
is_linear=0
shrinkage=0.08


Tree=70
num_leaves=31
num_cat=0
split_feature=4 4 2 4 2 6 5 5 1 8 2 1 0 0 8 8 12 12 9 12 5 5 1 1 0 12 12 8 2 1
split_gain=13.1544 3.3796 2.52601 1.76823 0.916846 0.791241 0.615763 0.610913 0.534243 0.52107 0.70261 0.498391 0.373968 0.434108 0.656207 0.745885 0.405017 0.369746 0.569034 0.394284 0.348132 0.318969 0.303695 0.614658 0.291717 0.239883 0.0935153 0.0353652 0.0821042 0.0312063
threshold=72.281323877068573 1.0000000180025095e-35 43.288288288288292 52.419984387197509 48.714568226763355 1.0000000180025095e-35 78.815646656090863 70.632463511720488 92.185592185592199 9.5000000000000018 78.629976580796267 46.986201888162675 58.397435897435905 90.52111410601978 7.5000000000000009 3.5000000000000004 2.5000000000000004 2.5000000000000004 1.0000000180025095e-35 3.5000000000000004 31.608682723758552 54.623154623154626 69.631093544137045 56.635220125786169 9.3073593073593077 8.5000000000000018 3.5000000000000004 3.5000000000000004 82.446311858076569 77.058029689608645
decision_type=2 2 2 2 2 2 2 2 2 2 2 2 2 2 2 2 2 2 2 2 2 2 2 2 2 2 2 2 2 2
left_child=1 11 6 8 25 9 7 21 -3 10 29 -1 -13 14 15 16 -14 -15 19 -19 -10 -2 23 -17 -8 -5 -22 28 -7 -6
right_child=2 3 -4 4 5 27 24 -9 20 -11 -12 12 13 17 -16 22 -18 18 -20 -21 26 -23 -24 -25 -26 -27 -28 -29 -30 -31
leaf_value=-0.082418236517299279 -0.012177097452076681 -0.08013644842965395 0.08019581446661285 -0.081797241290567549 -0.080606285434137781 -0.0073568650090701784 -0.041259909520940677 -0.046844169278303691 -0.088950241328399626 0.072930972070041719 0.033933368753304854 0.070901595048939101 -0.08394603449493529 0.058646129802114366 -0.092615537129961428 0.087744092456563491 -0.0053142216763435038 -0.050056436090372969 0.081236158408970652 0.012784036816888496 0.053977704414561282 0.050517582066097709 0.072227706375985579 -0.083667388814562621 0.085368107851614999 0.085294865714896292 -0.012336308175723058 0.090229714931577956 0.081258292361126069 -0.11667991575841175
leaf_weight=0.43248197983484971 0.98810612852685142 10.750419003132262 10.401988362427799 0.98947999841766365 0.50248927174834557 0.09174443338997651 0.13679426349699486 1.4505855366587637 0.25978931691497642 0.31928674702066917 0.47090112138539553 0.5267975740134706 0.72347535844892152 1.0928771162871269 0.63878981920424838 0.24659461469855137 0.9969261335209012 0.98613001219928342 0.52754559996537853 1.815388726769015 0.29601815133355558 1.0947946910746393 0.80603085202164948 0.29292661813087761 0.78230948012787849 0.058223620057106018 0.25192300695925951 0.54114286974072456 0.24726235261186957 0.22096715169027448
leaf_count=78 17 7648 4457 375 73 11 3 26 16 16 38 27 82 17 74 17 21 15 88 79 12 23 18 35 108 1 31 17 65 2
internal_value=-0.00059506 -0.0371106 0.0586121 -0.0604338 -0.0100966 0.0172209 0.00818912 -0.00698386 -0.0754219 -0.0178517 -0.0421205 0.0013928 0.00558149 0.00134724 -0.0188531 -0.00348479 -0.038381 0.0182713 0.00501691 -0.00933571 -0.0126747 0.0207759 0.041133 -0.00532173 0.0665215 -0.0725115 0.023489 0.0775372 0.0572766 -0.0916243
internal_weight=38.9402 24.0856 14.8546 14.9996 3.4415 2.39379 4.45259 3.53349 11.5581 1.51364 1.19436 9.08596 8.65348 8.12668 3.70474 3.06595 1.7204 4.42194 3.32906 2.80152 0.80773 2.0829 1.34555 0.539521 0.919104 1.0477 0.547941 0.88015 0.339007 0.723456
internal_count=13490 8856 4634 8305 598 222 177 66 7707 129 113 551 473 446 247 173 103 199 182 94 59 40 70 52 111 376 43 93 76 75
is_linear=0
shrinkage=0.08


Tree=71
num_leaves=31
num_cat=0
split_feature=12 12 3 5 5 8 9 3 3 2 9 2 9 0 12 2 3 8 1 3 12 0 1 5 0 2 2 9 8 6
split_gain=10.5418 2.65592 2.1351 1.45498 0.901558 0.771829 0.737105 0.659915 0.846914 0.594214 0.675189 0.518909 0.636525 0.500985 0.534676 0.660274 0.497569 0.451232 0.430504 0.853768 0.529895 0.430491 0.399248 0.387932 0.325283 0.391486 0.323828 0.319895 0.311745 0.293703
threshold=3.5000000000000004 6.5000000000000009 82.696216575415704 49.753479221820136 78.815646656090863 1.5000000000000002 1.0000000180025095e-35 90.002828054298661 83.123503752794377 99.450549450549474 1.0000000180025095e-35 18.808962264150946 1.0000000180025095e-35 23.669467787114851 4.5000000000000009 72.850122850122872 90.002828054298661 9.5000000000000018 59.35935935935936 86.076511723570562 2.5000000000000004 99.450549450549474 56.294014084507047 52.206359506813762 80.901722391084107 79.205974842767304 70.65997130559542 1.0000000180025095e-35 1.0000000180025095e-35 1.5000000000000002
decision_type=2 2 2 2 2 2 2 2 2 2 2 2 2 2 2 2 2 2 2 2 2 2 2 2 2 2 2 2 2 2
left_child=2 4 3 21 5 23 13 8 -4 -9 -11 -5 17 -7 15 16 -15 28 19 -10 22 -1 27 24 -2 -26 -23 -21 -13 -27
right_child=1 -3 7 11 -6 6 -8 9 18 10 -12 12 -14 14 -16 -17 -18 -19 -20 20 -22 26 -24 -25 25 29 -28 -29 -30 -31
leaf_value=-0.078980070442334974 -0.079682282768973683 0.080322698246925117 0.060701804520189653 -0.089558338300561632 0.082301959403823968 0.076965125316532601 0.036551193371723197 0.053824281937036797 -0.079464841007292716 -0.077206405350036575 0.063176627559758003 0.053478911636797667 0.055915297680477462 -0.061784057556598757 -0.081469787892785611 -0.075984716196266233 0.086548096547702971 0.037956976121565032 -0.062397112438332764 -0.062024654961934066 -0.02978612874074902 -0.077642600243019291 0.10360707349606296 0.083688911133464008 0.12048169866011293 0.025402138115906955 0.067791302537017331 0.078466013842156457 -0.078185362441540618 -0.078371352256370902
leaf_weight=9.0252879282343201 0.19638250244315969 7.902465251623652 0.67215290991589238 0.43755238864105139 1.1424777697538955 0.21999930241145227 1.1513235114980487 1.6966064939042556 0.8527610574383292 0.59437775961123396 0.34744110610336065 0.13377088296692841 0.94883607758674759 0.20666804641950898 1.453035141341388 0.54073576151859015 0.48293411883059889 0.4414389532757923 2.0878246772917919 0.23606906807981409 0.80775887332856655 0.1708420693175875 0.5404951311647892 0.77662193367723364 0.25827589910477433 2.0001079814974223 0.22976827435195446 0.18502617161720991 0.82422550342744216 0.19123718980699767
leaf_count=6544 51 3532 59 22 404 14 229 256 340 42 43 13 87 105 105 55 17 70 544 44 138 72 13 214 10 279 10 12 155 11
internal_value=-0.000587111 0.0468238 -0.0393043 -0.0603658 0.0161127 0.00599949 -0.017615 -0.00723689 -0.0233037 0.0255376 -0.0254185 -0.00957159 0.0053323 -0.0390944 -0.0486097 -0.00980171 0.0420942 -0.0289637 -0.0352921 -0.01371 0.0179813 -0.0753781 0.0581072 0.0339749 0.0193835 0.0273255 0.00577037 -0.000294082 -0.0598003 0.0163459
internal_weight=36.7545 16.5223 20.2322 12.2117 8.6198 7.47732 4.0547 8.02051 5.38209 2.63843 0.941819 2.78582 2.34827 2.90337 2.68337 1.23034 0.689602 1.39944 4.70993 2.62211 1.76935 9.4259 0.96159 3.42263 2.646 2.44962 0.40061 0.421095 0.957996 2.19135
internal_count=13490 5026 8464 6973 1494 1090 525 1491 1150 341 85 347 325 296 282 177 122 238 1091 547 207 6626 69 565 351 300 82 56 168 290
is_linear=0
shrinkage=0.08


Tree=72
num_leaves=31
num_cat=0
split_feature=4 4 2 4 2 8 5 4 11 0 6 6 8 2 2 0 0 9 8 2 11 12 12 2 11 2 2 5 0 0
split_gain=11.0498 3.00961 2.28617 1.58121 0.757195 0.571383 0.674845 0.644803 0.485164 0.47263 0.625903 0.454393 0.424671 0.760713 0.336858 0.311345 0.397229 0.321552 0.305463 0.209886 0.77259 0.288415 0.239666 0.400469 0.685993 0.186125 0.626499 0.133953 0.0992446 0.0742954
threshold=72.281323877068573 1.0000000180025095e-35 43.288288288288292 55.059167663874497 48.714568226763355 16.500000000000004 49.044430919050527 92.120047309284459 8.5000000000000018 99.450549450549474 1.0000000180025095e-35 1.0000000180025095e-35 9.5000000000000018 82.097069597069606 86.72955974842769 58.123167155425229 72.902097902097907 1.0000000180025095e-35 6.5000000000000009 72.850122850122872 3.5000000000000004 2.5000000000000004 3.5000000000000004 81.892697466467965 5.5000000000000009 65.345368916797511 72.06557377049181 65.648320895522403 87.609649122807028 99.450549450549474
decision_type=2 2 2 2 2 2 2 2 2 2 2 2 2 2 2 2 2 2 2 2 2 2 2 2 2 2 2 2 2 2
left_child=1 8 5 9 27 6 -2 -8 15 -3 -11 12 13 -6 -10 -1 18 19 -17 20 -18 -21 -23 -24 -25 -19 -27 -5 -28 -22
right_child=2 3 -4 4 11 -7 7 -9 14 10 -12 -13 -14 -15 -16 16 17 25 -20 21 29 22 23 24 -26 26 28 -29 -30 -31
leaf_value=0.069454310623671037 -0.088563444480454487 -0.080129323429422264 0.080170924301621385 -0.08190295390581831 -0.082601252805365066 0.085553957172514836 -0.0076073440128761769 0.083272400895042606 -0.082649767892514853 -0.073962995356883582 0.0336260711747716 0.075180601206893335 0.078237886921306052 0.080846786854547062 0.059841324105025649 -0.083584052170227019 -0.03887929059513158 0.10283683791033359 0.0071515080817993962 0.032250011186028459 0.041592973757656242 -0.066490494212730303 -0.082448037758905524 0.081869970362353786 -0.040551980850509643 -0.067774431272519822 0.016644121708818758 0.031543552185073181 0.081833453993877023 0.082186486217315877
leaf_weight=0.48558131686877626 0.50911809504032079 9.1072508118813822 8.9598445493029413 0.68920811364659984 0.61744373297551625 0.53267048904672254 2.4608754338696603 0.62695584341417987 0.6432686555199324 0.86293471994577042 0.57775365840643644 0.69008121779188503 0.28383782645687461 0.25855029048398137 0.12717424891889095 0.55020805739331979 0.80812481883913267 0.2789381812326609 0.41774476948194206 0.69787612510845098 0.54602595744654514 0.67492902558296952 0.36718131066299942 0.52168112783692777 0.66810648143291473 0.30641843681223668 0.19639397040009499 0.073738656938076019 0.62546501401811838 0.61194762587547302
leaf_count=40 8 7585 4457 240 44 47 30 92 117 294 10 91 10 29 3 67 15 3 32 29 36 15 7 63 9 11 4 2 94 6
internal_value=-0.000572241 -0.0356047 0.0574729 -0.0595928 -0.00387823 0.00822599 -0.00322547 0.010845 0.00141884 -0.073394 -0.030817 0.0237789 -0.00680426 -0.0343594 -0.0591293 0.00743291 0.00329094 0.0106185 -0.0444248 0.000931212 0.0211512 -0.0126379 -0.0266736 -0.00941342 0.0131259 0.044322 0.0298556 -0.0709384 0.0662556 0.0630452
internal_weight=34.7773 21.6879 13.0895 13.1608 2.61286 4.12962 3.59695 3.08783 8.52707 10.5479 1.44069 1.84991 1.15983 0.875994 0.770443 7.75662 7.27104 6.30309 0.967953 4.89587 1.9661 2.92977 2.2319 1.55697 1.18979 1.40722 1.12828 0.762947 0.821859 1.15797
internal_count=13490 8856 4634 8305 416 177 130 122 551 7889 304 174 83 73 120 431 391 292 99 180 57 123 94 79 72 112 109 242 98 42
is_linear=0
shrinkage=0.08


Tree=73
num_leaves=31
num_cat=0
split_feature=12 12 3 5 5 8 9 6 2 8 8 3 3 2 0 12 2 3 1 3 12 1 5 0 6 6 0 2 5 12
split_gain=8.68089 2.39598 1.88463 1.33697 0.795044 0.615326 0.600093 0.593262 0.54998 0.571316 0.671615 0.498178 0.659851 0.835876 0.414872 0.503076 0.570347 0.439329 0.37591 0.665687 0.417616 0.461352 0.366457 0.34012 0.298523 0.292867 0.260796 0.300237 0.256542 0.199214
threshold=3.5000000000000004 6.5000000000000009 82.696216575415704 53.907203907203915 78.815646656090863 1.5000000000000002 1.0000000180025095e-35 1.0000000180025095e-35 18.808962264150946 9.5000000000000018 2.5000000000000004 83.123503752794377 90.002828054298661 99.450549450549474 23.669467787114851 4.5000000000000009 72.850122850122872 90.002828054298661 59.35935935935936 86.076511723570562 2.5000000000000004 56.294014084507047 44.009569377990431 89.897959183673478 1.5000000000000002 1.5000000000000002 81.120250685468093 79.205974842767304 60.391288298265046 4.5000000000000009
decision_type=2 2 2 2 2 2 2 2 2 2 2 2 2 2 2 2 2 2 2 2 2 2 2 2 2 2 2 2 2 2
left_child=2 4 3 23 5 22 14 11 -5 10 -10 -4 18 -14 -7 16 17 -16 19 -13 21 -21 24 25 26 -1 -2 -28 -20 -29
right_child=1 -3 7 8 -6 6 -8 -9 9 -11 -12 12 13 -15 15 -17 -18 -19 28 20 -22 -23 -24 -25 -26 -27 27 29 -30 -31
leaf_value=-0.07960509507392613 -0.078872398133483554 0.080282357237344129 0.055463707938051339 -0.088983066919325962 0.082285116948906847 0.074377717190463474 0.034581316922839417 0.072393361598459771 0.058047578080077072 0.069927430561797579 -0.072762131943664321 -0.080032038878735057 0.04991932728308849 -0.054857891003209175 -0.060151382112574363 -0.078629149321461964 -0.070912032992668336 0.085512292016172997 -0.07279297648047757 -0.027634263906497036 -0.029365163138462016 0.10002646238812092 0.0746361547776839 -0.012585514208427948 -0.084999854990812695 0.030441111497473639 0.11704990053132949 2.048480870583829e-05 0.080182243823919766 0.057911773676216277
leaf_weight=7.8323308103135805 0.14946667273761627 6.7467678094981238 0.61846250761300225 0.39140382048208211 0.99412330449558783 0.20013050618581507 1.0651200781576338 0.56255080364644516 0.41079245059518121 0.73390371957793821 0.64659301610663533 0.73922421288443763 1.4809388308785858 0.72626026079524297 0.18653899984201439 1.3380284697050226 0.4943795456783846 0.45756883069407195 1.7041157054482026 0.28530669130850561 0.77778536535333842 0.49639474332798272 0.90757582848891605 0.5535415329504757 0.17790345475077618 0.15789498668164004 0.22793674573767919 1.1415111669339237 0.073173875454813131 0.57058674574363988
leaf_count=6643 34 3532 55 12 404 14 229 82 34 54 66 336 226 68 105 105 55 17 487 55 137 12 305 126 7 38 5 130 33 84
internal_value=-0.000556532 0.0452585 -0.0374733 -0.0589536 0.0153885 0.00577362 -0.0162062 -0.00660484 -0.00307432 0.0156971 -0.0219428 -0.0130439 -0.0197872 0.0154433 -0.0364161 -0.0453695 -0.00628051 0.0433269 -0.0388649 -0.0175024 0.0121377 0.0534326 0.0316772 -0.0732292 0.014482 -0.0774305 0.022952 0.0307969 -0.0664947 0.0193138
internal_weight=32.8483 14.6576 18.1907 10.7265 7.91087 6.91675 3.74177 7.46421 2.18269 1.79129 1.05739 6.90166 6.2832 2.2072 2.67665 2.47652 1.13849 0.644108 4.076 2.29871 1.55949 0.781701 3.17498 8.54377 2.2674 7.99023 2.0895 1.94003 1.77729 1.7121
internal_count=13490 5026 8464 6973 1494 1090 525 1491 166 154 100 1409 1354 294 296 282 177 122 1060 540 204 67 565 6807 260 6681 253 219 520 214
is_linear=0
shrinkage=0.08


Tree=74
num_leaves=31
num_cat=0
split_feature=4 3 2 11 1 2 1 4 9 11 4 0 6 1 0 0 3 0 0 3 2 3 4 12 6 2 11 3 4 4
split_gain=9.24896 3.04683 2.05551 0.549641 0.582511 0.674174 0.764088 0.478442 0.442377 0.406044 0.374132 0.342562 0.320911 0.308414 0.294893 0.527818 0.379543 0.32843 0.302595 0.275702 0.540277 0.267561 0.23141 0.214199 0.416737 0.393328 0.776701 0.136055 0.0935983 0.461334
threshold=72.281323877068573 82.696216575415704 43.288288288288292 5.5000000000000009 83.438818565400865 58.123167155425222 57.93287566742945 94.559548978153643 1.0000000180025095e-35 6.5000000000000009 66.024884206702396 89.897959183673478 1.0000000180025095e-35 46.986201888162675 68.857758620689665 81.120250685468093 90.002828054298661 81.365740740740748 89.08730158730161 87.646581359816665 50.301204819277118 91.726674409601259 1.0000000180025095e-35 3.5000000000000004 1.5000000000000002 99.450549450549474 4.5000000000000009 93.694500180068971 49.844720496894418 28.996570417081539
decision_type=2 2 2 2 2 2 2 2 2 2 2 2 2 2 2 2 2 2 2 2 2 2 2 2 2 2 2 2 2 2
left_child=1 10 7 13 5 6 12 8 -2 -6 11 -1 -5 -3 19 16 -16 -17 21 20 -15 -19 -13 25 28 26 -20 -7 29 -25
right_child=2 3 -4 4 9 27 -8 -9 -10 -11 -12 22 -14 14 15 17 -18 18 23 -21 -22 -23 -24 24 -26 -27 -28 -29 -30 -31
leaf_value=-0.080096308583522749 -0.025444566171679832 -0.082229665338884081 0.080149285987872812 -0.082361971184612109 -0.030239052222276821 -0.082481971119933453 0.086361900569756789 0.082061207530795544 0.035014467941201548 0.051543545835527373 -0.010836559166470368 0.027363335405661108 0.083851700437547166 0.10441788631314902 -0.083840106713556489 0.11424429538282022 0.0054478858011403706 -0.096861957352181727 -0.032482321788865967 0.091949290822294513 -0.081635604724425437 0.033749521995282611 -0.080551676999324334 0.058922908983373989 -0.083043876898143451 -0.046307391827080345 0.10320544943934085 0.021468320336926545 0.081310310994639354 -0.062580591372577252
leaf_weight=7.1660253266454728 2.0620094789192072 0.23748207441530933 7.7067341088550165 0.47902802802855182 0.77655982959549852 1.8173097206163218 0.41426588769536465 0.48889836692251254 1.2405303479172287 0.77758469490800053 0.61919409781694401 0.33237196062691499 0.087998229311779141 0.18387645424809296 0.66116864071227588 0.20989844202995289 0.56510604394134134 0.28606226271949697 0.59026379080023639 0.50885685451794416 0.21869395195972174 0.15464179881382734 0.20599238551221788 1.1762421833118426 0.16943093750160176 0.7306421052198856 0.49760070571210235 0.084321642527356633 0.41880948981270183 0.24096563400235016
leaf_count=6876 31 70 4457 206 32 716 18 116 30 45 37 9 2 2 142 1 24 38 36 21 103 25 112 137 8 26 15 17 84 54
internal_value=-0.000542773 -0.0339444 0.0564245 -0.00686491 -0.0287997 -0.0500822 0.00377247 0.00819983 -0.00273439 0.0106792 -0.0706643 -0.0754726 -0.0565669 0.0073438 0.0105609 0.00380566 -0.0426934 0.016549 0.0117406 0.0528137 0.00334545 -0.0510308 -0.0139278 0.0189749 0.0370048 -0.000908528 0.0295827 -0.0778726 0.0480831 0.0382639
internal_weight=31.1086 19.6104 11.4982 11.2868 4.43707 2.88292 0.981292 3.79144 3.30254 1.55414 8.32358 7.70439 0.567026 6.84974 6.61226 5.70083 1.22627 4.47456 4.26466 0.911427 0.40257 0.440704 0.538364 3.82395 2.00545 1.81851 1.08786 1.90163 1.83602 1.41721
internal_count=13490 8856 4634 1822 1036 959 226 177 61 77 7034 6997 208 786 716 590 166 424 423 126 105 63 121 360 283 77 51 733 275 191
is_linear=0
shrinkage=0.08


Tree=75
num_leaves=31
num_cat=0
split_feature=4 3 2 11 1 2 1 0 9 1 4 11 0 3 1 0 0 3 0 9 4 3 2 0 12 1 12 1 10 5
split_gain=8.33792 2.84061 2.00849 0.489961 0.542697 0.624127 0.681072 0.464894 0.661481 0.426321 0.378101 0.348893 0.336218 0.312979 0.281823 0.267913 0.467032 0.359998 0.294336 0.292378 0.260639 0.245207 0.490743 0.218002 0.366985 0.494921 0.212096 0.363571 0.211298 0.178092
threshold=72.281323877068573 82.696216575415704 43.288288288288292 5.5000000000000009 83.438818565400865 58.123167155425222 57.93287566742945 9.3073593073593077 1.0000000180025095e-35 26.794871794871803 66.024884206702396 6.5000000000000009 89.897959183673478 53.050602697780128 46.986201888162675 68.857758620689665 81.120250685468093 90.002828054298661 81.365740740740748 1.0000000180025095e-35 52.419984387197509 87.646581359816665 50.301204819277118 89.08730158730161 3.5000000000000004 99.450549450549474 4.5000000000000009 77.485187623436488 1.0000000180025095e-35 53.907203907203915
decision_type=2 2 2 2 2 2 2 2 2 2 2 2 2 2 2 2 2 2 2 2 2 2 2 2 2 2 2 2 2 2
left_child=1 10 7 14 5 6 20 -2 9 -9 12 -6 -1 -11 -3 21 17 -17 -18 23 -5 22 -16 -20 25 -25 -26 -28 -14 -10
right_child=2 3 -4 4 11 -7 -8 8 29 13 -12 -13 28 -15 15 16 18 -19 19 -21 -22 -23 -24 24 26 -27 27 -29 -30 -31
leaf_value=-0.080088906823412104 -0.075750610359785975 -0.082060212977359173 0.080137798681004499 -0.082231196829024647 -0.027229880794102365 -0.077445427006785236 0.082010134999101272 0.040252508665461893 0.017048950041235609 -0.072949426195370426 -0.009989375940594368 0.048672754586074014 -0.080510189929735854 0.00086288983340353687 0.10174589783548735 -0.083543960229872122 0.11054729020360822 0.0050169105546080976 -0.062741111087005863 0.041364153352456946 0.066215970456209861 0.089423133479719766 -0.081514633595062863 0.016307844074674876 0.068370019450630801 -0.081760295747020373 -0.095834941149286465 0.061196229430276951 0.025307340661855946 0.089312992788254511
leaf_weight=6.6156615875661435 0.38344515115022515 0.219657916808499 7.1151906362501904 0.43391947372583706 0.79267436114605494 1.7650218989583661 0.40187119413167238 0.79029557551257346 0.30420784372836374 0.67061758902855195 0.61802164372056712 0.75839428813196719 0.19024895300390188 0.81380337674636394 0.17401296854950477 0.6124112508841788 0.19997073709964741 0.56458205950912088 0.3506168975727636 1.3727989243925547 0.091691889218054712 0.4824639696162194 0.20216742117190734 0.83696799300378211 0.65452484483830609 0.54304264357779175 0.16581886773929 0.21897180960513651 0.33069778955541551 0.77256298263091594
leaf_count=6876 6 70 4457 202 32 733 18 27 7 12 37 45 112 44 2 142 1 24 48 209 6 21 103 34 68 16 2 46 9 81
internal_value=-0.000531028 -0.0330479 0.0552001 -0.00660443 -0.0278107 -0.0495248 0.00360897 0.00769293 0.0172397 -0.00721302 -0.0700179 0.00988268 -0.0752163 -0.0324833 0.00703462 0.0101029 0.00363619 -0.0410629 0.0157509 0.011175 -0.0563349 0.0516732 0.00325775 -0.00378686 0.00475699 -0.0222826 0.0406603 -0.00647363 -0.0133371 0.0688971
internal_weight=29.4463 18.5962 10.8501 10.8416 4.24357 2.6925 0.927483 3.73493 3.35149 2.27472 7.75463 1.55107 7.13661 1.48442 6.59801 6.37835 5.51971 1.17699 4.34271 4.14274 0.525611 0.858644 0.37618 2.76994 2.41933 1.38001 1.03932 0.384791 0.520947 1.07677
internal_count=13490 8856 4634 1822 1036 959 226 177 171 83 7034 77 6997 56 786 716 590 166 424 423 208 126 105 214 166 50 116 48 121 88
is_linear=0
shrinkage=0.08


Tree=76
num_leaves=31
num_cat=0
split_feature=4 3 3 5 6 5 4 5 1 0 3 8 4 0 0 12 8 11 1 3 11 12 12 12 1 0 12 11 4 1
split_gain=7.56052 2.46986 1.47698 0.974672 0.533049 1.03438 0.633899 0.578463 0.470699 0.32682 0.477873 0.373777 0.334032 0.305392 0.288277 0.259883 0.293355 0.230646 0.539198 0.370145 0.317388 0.213899 0.437452 0.425988 0.785222 0.232316 0.205741 0.191971 0.385758 0.160588
threshold=78.142959770114956 82.696216575415704 52.7886002886003 64.56575682382136 1.0000000180025095e-35 20.521541950113384 52.843665768194079 28.310235431624651 78.629976580796267 9.3073593073593077 45.023809523809533 4.5000000000000009 92.120047309284459 94.392033542976961 59.175084175084187 1.5000000000000002 4.5000000000000009 5.5000000000000009 69.631093544137045 87.877122877122886 6.5000000000000009 2.5000000000000004 3.5000000000000004 4.5000000000000009 77.485187623436488 81.120250685468093 1.5000000000000002 3.5000000000000004 66.024884206702396 87.026647966339425
decision_type=2 2 2 2 2 2 2 2 2 2 2 2 2 2 2 2 2 2 2 2 2 2 2 2 2 2 2 2 2 2
left_child=1 3 9 13 5 14 -7 -6 -8 -2 -11 -12 -13 27 -3 16 -4 19 -19 -16 -20 -21 -23 25 -25 -24 -15 28 -1 -29
right_child=2 4 15 -5 7 6 8 -9 -10 10 11 12 -14 26 17 -17 -18 18 20 21 -22 22 23 24 -26 -27 -28 29 -30 -31
leaf_value=-0.08008933633522812 -0.073440358804069503 0.0744069948724633 0.084672204993189698 0.038604955474523715 -0.095479433145102419 -0.080450758864690761 -0.037113924880379429 0.072567883081107246 0.080965654984345312 0.087540983200227504 -0.067319729604238529 0.088316142915391568 -0.033736564397973255 -0.080918835704173436 -0.057589584473143218 0.078177786548598013 -0.059311216252134522 -0.08396799718607191 -0.034532645275454701 0.066919887738091197 0.031653747728446743 -0.022325752298566644 -0.00028001261683673772 -0.10017293564464293 0.081090518280231047 0.088561438250786606 0.045507513406702539 -0.080474418721478855 0.031897084157830137 0.083346007075238815
leaf_weight=0.53472404915374294 0.36464987136423399 0.37522296642418762 0.17183336021844287 0.55856773443520058 0.15273060440085717 1.7738022572593766 0.71442623902112223 0.92552152636926621 0.30972897633910179 0.38607670483179379 0.49408828560262896 0.28845704987179488 0.28558517072815448 0.12736620975192625 0.41122021764749694 7.0190408137859777 0.1914785677799955 0.58523771422915194 0.79985550744459022 0.58224524231627617 1.1033108006231485 1.2417873651720586 0.24015545099973656 0.32034598290920246 0.29270368930883706 0.87371810700278729 0.23324357718229294 6.2039912542677484 0.31157064624130726 0.038534250110387691
leaf_count=563 6 6 40 14 2 1351 38 198 57 41 22 8 35 67 20 4314 17 47 21 8 32 27 3 2 54 87 15 6385 9 1
internal_value=-0.000519901 -0.0297185 0.0588534 -0.0633201 -0.00457543 -0.0105517 -0.0515167 0.0487646 -0.00140384 -0.00571987 0.0112614 -0.0163099 0.0275951 -0.0709625 0.00624025 0.0747629 0.00878772 0.00227506 -0.0168134 0.0142634 0.00383718 0.0225843 0.0138889 0.03993 -0.0136278 0.0694069 0.000854136 -0.0746159 -0.0388606 -0.0794632
internal_weight=27.9112 18.71 9.20121 8.008 10.702 9.62376 2.79796 1.07825 1.02416 1.81886 1.45421 1.06813 0.574042 7.44943 6.8258 7.38235 0.363312 6.45058 2.4884 3.96218 1.90317 3.55096 2.96871 1.72692 0.61305 1.11387 0.36061 7.08882 0.846295 6.24253
internal_count=13490 9007 4483 7054 1953 1753 1446 200 95 112 106 65 43 7040 307 4371 57 301 100 201 53 181 173 146 56 90 82 6958 572 6386
is_linear=0
shrinkage=0.08


Tree=77
num_leaves=31
num_cat=0
split_feature=4 3 3 5 6 5 4 5 3 0 9 0 3 3 9 1 12 8 12 12 11 12 11 4 12 1 12 4 9 3
split_gain=6.85568 2.30064 1.3772 0.90675 0.476979 0.939032 0.605249 0.520656 0.42913 0.291913 0.48577 0.2906 0.272979 0.496722 0.252359 0.299794 0.246915 0.263622 0.217669 0.22567 0.520029 0.586394 0.19042 0.357246 0.18513 0.148152 0.0708162 0.246321 0.0526316 0.101611
threshold=78.142959770114956 82.696216575415704 52.7886002886003 64.56575682382136 1.0000000180025095e-35 20.521541950113384 52.843665768194079 28.310235431624651 93.3511586452763 9.3073593073593077 1.0000000180025095e-35 94.392033542976961 83.123503752794377 85.548589341692818 1.0000000180025095e-35 76.277056277056303 1.5000000000000002 4.5000000000000009 2.5000000000000004 3.5000000000000004 5.5000000000000009 4.5000000000000009 3.5000000000000004 66.024884206702396 1.5000000000000002 87.026647966339425 3.5000000000000004 84.725822532402802 1.0000000180025095e-35 90.478467908902715
decision_type=2 2 2 2 2 2 2 2 2 2 2 2 2 2 2 2 2 2 2 2 2 2 2 2 2 2 2 2 2 2
left_child=1 3 9 11 5 12 -7 -6 -8 -2 -11 22 -3 -14 18 -16 17 -4 -15 -20 21 -21 23 -1 -13 -24 27 -18 29 -9
right_child=2 4 16 -5 7 6 8 28 -10 10 -12 24 13 14 15 -17 26 -19 19 20 -22 -23 25 -25 -26 -27 -28 -29 -30 -31
leaf_value=-0.080082463574816812 -0.071048092368687241 0.064234588329990197 0.08432370383695359 0.035911790349586602 -0.093421580017835154 -0.080418259713425005 -0.034925824657399691 -0.043184128138591842 0.080892365226764684 -0.019372375865364309 0.084651950450534766 -0.080848929187616991 -0.078851516775808608 0.03182678913157088 -5.9333184928010103e-05 0.082144508003320266 -0.027443168259658743 -0.055496460961120722 -0.034876107037208753 0.077159498593166301 -0.043178850227189425 -0.034300701520690015 -0.080441564786933303 0.029573785936193142 0.042556618744982545 0.08307842970617807 0.080593437955583713 0.082048536437617059 0.080536824719280864 0.081369427717624371
leaf_weight=0.49365314556053519 0.34749051649123242 0.47680558473802914 0.15925114660058159 0.55267646221909661 0.14396684267558046 1.6380608030594888 0.704485568916425 0.069965726463124156 0.28863166098017246 0.98664842080324866 0.4053327264264226 0.11767136998241756 0.45698502345476288 1.0308101760456336 0.56056542770238571 0.57536872650962323 0.17832282406743605 0.18840229627676308 1.4039028804400007 0.85093430988490604 0.83184101874940086 0.46835303877014667 5.7292500749754254 0.30926455138251185 0.22962047712644562 0.035681508481502422 5.8347182718571275 0.50078143528662622 0.70091875863727182 0.10457005200441927
leaf_count=563 6 7 40 14 2 1351 37 16 58 30 76 67 42 26 16 96 32 17 27 44 19 30 6385 9 15 1 4078 204 141 41
internal_value=-0.000508998 -0.0288817 0.0581235 -0.0626939 -0.00438145 -0.0100836 -0.0505426 0.0475638 -0.00126535 -0.00545571 0.0109186 -0.0705747 0.00591132 0.0014106 0.00782095 0.0415782 0.0742417 0.00855158 -0.000540882 -0.00992615 0.00635708 0.0375906 -0.0743458 -0.0378455 0.000743659 -0.0794295 0.0777477 0.0532976 0.0707486 0.03144
internal_weight=26.3749 17.774 8.60095 7.46782 10.3062 9.28674 2.63118 1.01942 0.993117 1.73947 1.39198 6.91514 6.65557 6.17876 5.72178 1.13593 6.86148 0.347653 4.58584 3.55503 2.15113 1.31929 6.56785 0.802918 0.347292 5.76493 6.51382 0.679104 0.875455 0.174536
internal_count=13490 9007 4483 7054 1953 1753 1446 200 95 112 106 7040 307 300 258 112 4371 57 146 120 93 74 6958 572 82 6386 4314 236 198 57
is_linear=0
shrinkage=0.08


Tree=78
num_leaves=31
num_cat=0
split_feature=4 3 3 5 11 5 9 10 5 4 4 4 0 3 3 8 4 11 4 10 0 3 8 11 12 12 5 4 6 3
split_gain=6.20166 2.14664 1.33089 0.844811 0.433757 0.433448 0.419305 0.449379 0.357521 0.3372 0.323705 0.44743 0.276966 0.246444 0.417586 0.239673 0.36908 0.189257 0.331199 0.173325 0.166598 0.153722 0.364122 0.140024 0.212107 0.525392 0.125381 0.112204 0.092348 0.0847279
threshold=78.142959770114956 82.696216575415704 63.514309764309765 64.56575682382136 8.5000000000000018 78.815646656090863 1.0000000180025095e-35 1.0000000180025095e-35 70.632463511720488 69.183285849952526 49.844720496894418 34.656167979002632 94.392033542976961 90.478467908902715 86.855217151269798 9.5000000000000018 55.059167663874497 3.5000000000000004 66.024884206702396 1.0000000180025095e-35 9.3073593073593077 86.076511723570562 3.5000000000000004 5.5000000000000009 3.5000000000000004 4.5000000000000009 46.763720150816937 24.67444613563335 1.0000000180025095e-35 98.509259259259281
decision_type=2 2 2 2 2 2 2 2 2 2 2 2 2 2 2 2 2 2 2 2 2 2 2 2 2 2 2 2 2 2
left_child=1 3 5 12 6 8 7 9 -2 15 11 13 17 14 21 28 -17 18 -1 -14 -7 22 -8 24 -9 -26 -13 -15 -3 -6
right_child=2 4 -4 -5 29 20 10 23 -10 -11 -12 26 19 27 -16 16 -18 -19 -20 -21 -22 -23 -24 -25 25 -27 -28 -29 -30 -31
leaf_value=-0.080076124683865046 0.024076119746721265 -0.082603724682205212 0.080129137139674289 0.033362106201413035 -0.067094062621718756 -0.026826914364603237 -0.086257249443627657 -0.0055693779378760723 -0.043835560532975631 0.08055329649285678 0.070365159753833326 -0.086112747614312951 -0.072108708694650109 0.081707188045263168 -0.08453329181289794 -0.080095198421404196 0.096037160785169925 -0.079397891667657386 0.027389479361851758 0.046128195719464013 0.08387453128016821 0.089962710989906325 0.061802028366716374 -0.020131359351033096 0.074943254136249401 -0.031612881672378246 0.028456215614100222 0.017155390790585114 0.0039373364600982057 0.049425546158922064
leaf_weight=0.455733904906089 1.0603108045179381 1.0417815258842855 5.3960208505159244 0.54754469147883345 0.7514627845957883 0.10286799818277348 0.1676260685198947 2.0770106501877312 0.93240362918004382 0.1200674969004466 0.76951627997914318 0.33555059175705526 0.12896732665831212 0.53089133137837052 0.26727915171068162 0.15972853000857856 0.14550119079649448 5.3237405436229892 0.30730009404942393 0.2062361529096961 0.56419247318990529 0.21248280256986618 0.29059736704220995 1.373171128099784 0.80780415679328121 0.46755606296937913 0.074752356857061386 0.25516419281484559 0.085383462836034485 0.042182007804512978
leaf_count=563 39 580 4274 14 391 3 26 37 25 56 191 143 77 96 51 173 2 6386 9 5 142 8 30 40 44 30 5 35 11 4
internal_value=-0.000487617 -0.0279602 0.0572999 -0.0620257 -0.00415992 0.0109849 0.000744568 -0.0108824 -0.00770018 -0.0482247 0.0258815 0.00984338 -0.0701586 0.0277123 2.35457e-05 -0.0590192 0.00386605 -0.0740573 -0.036796 0.000637327 0.0668032 0.0337198 0.00763938 0.0013855 0.0101991 0.035879 -0.0652396 0.0607528 -0.0760482 -0.0609011
internal_weight=25.0008 16.945 8.0558 6.96952 9.97551 2.65977 9.18186 6.278 1.99271 1.55246 2.90386 2.13434 6.42198 1.72404 0.937985 1.43239 0.30523 6.08677 0.763034 0.335203 0.66706 0.670706 0.458223 4.72554 3.35237 1.27536 0.410303 0.786056 1.12716 0.793645
internal_count=13490 9007 4483 7054 1953 209 1558 973 64 822 585 394 7040 246 115 766 175 6958 572 82 145 64 56 151 111 74 148 131 591 395
is_linear=0
shrinkage=0.08


Tree=79
num_leaves=31
num_cat=0
split_feature=4 0 2 11 12 12 8 8 4 4 9 12 0 4 4 4 2 1 11 4 5 0 1 9 12 2 12 11 12 11
split_gain=5.58943 1.76014 1.43226 0.872162 0.635485 0.476622 0.504015 0.407666 0.301018 0.559742 0.339334 0.468171 0.460334 0.282982 0.32495 0.275949 0.41448 0.583173 0.254702 0.240271 0.193954 0.330414 0.184251 0.137622 0.268231 0.246819 0.893224 0.546179 0.401255 0.199727
threshold=78.142959770114956 86.874487284659565 38.757823784304293 5.5000000000000009 1.5000000000000002 5.5000000000000009 4.5000000000000009 14.500000000000002 22.660960902548151 55.059167663874497 1.0000000180025095e-35 3.5000000000000004 46.73758865248228 52.843665768194079 34.656167979002632 1.0000000180025095e-35 58.123167155425222 57.93287566742945 1.5000000000000002 46.885775862068975 65.648320895522403 45.11585642889596 69.309262166405034 1.0000000180025095e-35 2.5000000000000004 97.100840336134468 3.5000000000000004 3.5000000000000004 4.5000000000000009 6.5000000000000009
decision_type=2 2 2 2 2 2 2 2 2 2 2 2 2 2 2 2 2 2 2 2 2 2 2 2 2 2 2 2 2 2
left_child=1 3 5 4 18 -2 -7 13 -6 -10 11 12 -11 14 23 16 17 -5 -1 -16 21 -12 -15 24 -3 27 -27 -26 -28 -25
right_child=2 7 -4 15 8 6 -8 -9 9 10 20 -13 -14 22 19 -17 -18 -19 -20 -21 -22 -23 -24 29 25 26 28 -29 -30 -31
leaf_value=0.041258443644091827 -0.035206994051824578 0.048174362798363957 0.080197503006129572 -0.082086112551678761 0.032073230755908247 -0.011563572365475401 0.084171025509592948 -0.08737664617417823 -0.08014165781239814 -0.0837431502595892 -0.076495443510696759 -0.091612040286215224 0.08194603463558868 -0.065813791315510198 -0.084330162818623211 -0.078878465256549277 -0.08222522232565567 0.079296430655201505 -0.08059499276101105 0.011077897444166721 0.090482418131914669 0.074594708205426394 0.077493500937809628 0.064683257875162908 -0.035976234032543582 -0.14167897116188041 -0.025804956529029477 0.065119230865041469 0.083272547527950602 -0.0096381600504847446
leaf_weight=0.12096798879793436 1.0407704324461513 0.74492547445697654 5.1352737463312224 0.24504205118864752 1.0437787621049213 0.70557537471177034 0.70224872231483459 0.28030478541040782 0.68727743154158849 0.1621090193511916 0.16715664742514491 0.39571342652197927 0.31750345416367054 0.064070192980579921 0.41411021107342083 4.2462605113105383 0.59753023396478966 0.34516704321140423 1.1873747045756315 0.28532734129112214 0.34294569701887667 0.20777621946763247 0.55308351630810648 0.66948956984560914 0.64133379724808037 0.34344625798985373 0.7060375402215866 0.73283905169228092 0.31087553664110601 0.35365725756855682
leaf_count=51 14 46 4342 102 24 41 86 100 853 51 43 10 7 6 167 5534 124 19 1316 22 8 14 231 112 16 12 37 35 27 40
internal_value=-0.000472175 -0.027054 0.0561908 -0.0476019 -0.0220987 0.0058432 0.0361906 0.00685811 -0.00351021 -0.0197968 0.00623483 -0.0272007 0.0259431 0.0113973 0.00532089 -0.0693439 -0.035257 0.0122939 -0.0693286 -0.0454096 0.0470035 0.00723405 0.062616 0.0132014 0.0056171 -0.0059761 -0.0301325 0.0179374 0.0075406 0.0389936
internal_weight=23.75 16.1661 7.58387 10.0666 4.6326 2.44859 1.40782 6.0995 3.32426 2.28048 1.5932 0.875326 0.479612 5.8192 5.20204 5.434 1.18774 0.590209 1.30834 0.699438 0.717879 0.374933 0.617154 4.5026 3.47946 2.73453 1.36036 1.37417 1.01691 1.02315
internal_count=13490 9007 4483 8156 2377 141 127 851 1010 986 133 68 58 751 514 5779 245 121 1367 189 65 57 237 325 173 127 76 51 64 152
is_linear=0
shrinkage=0.08


Tree=80
num_leaves=31
num_cat=0
split_feature=12 0 5 5 5 11 8 0 8 5 6 5 3 8 3 11 2 8 12 12 3 1 3 5 6 2 3 6 3 1
split_gain=4.90091 1.80981 1.05285 1.16087 0.586688 0.404952 0.359332 0.312361 0.534865 0.630587 0.274572 0.257778 0.247996 0.221944 0.209873 0.194115 0.693793 0.337578 0.288665 0.499251 0.405883 0.309075 0.20813 0.191411 0.249353 0.176027 0.21536 0.138675 0.134691 0.125963
threshold=6.5000000000000009 88.675213675213698 49.753479221820136 1.0000000180025095e-35 52.206359506813762 6.5000000000000009 14.500000000000002 28.869047619047624 9.5000000000000018 79.388422035480872 1.5000000000000002 59.611795446061969 82.696216575415704 7.5000000000000009 46.080151358789131 4.5000000000000009 65.648320895522403 10.500000000000002 4.5000000000000009 2.5000000000000004 97.370370370370395 86.72955974842769 86.478835978835988 22.82097649186257 1.0000000180025095e-35 69.309262166405034 90.002828054298661 1.0000000180025095e-35 91.726674409601259 64.56575682382136
decision_type=2 2 2 2 2 2 2 2 2 2 2 2 2 2 2 2 2 2 2 2 2 2 2 2 2 2 2 2 2 2
left_child=1 2 3 12 6 7 15 13 9 11 28 27 -1 -4 -15 16 -3 18 19 21 -21 22 -17 -18 -25 -14 -27 -9 -5 -6
right_child=-2 4 5 10 29 -7 -8 8 -10 -11 -12 -13 25 14 -16 17 23 -19 -20 20 -22 -23 -24 24 -26 26 -28 -29 -30 -31
leaf_value=-0.080140293431296986 0.080228760251267059 -0.064852686302308435 0.083278733137109179 -0.077904529692401164 -0.0195437701713575 -0.063038650358338305 -0.08528069758578935 -0.063429301466296981 0.059192716809334515 0.085199372576277424 0.043675314200868787 -0.075868721496859387 0.023265516769500422 -0.044022808345938989 0.048095138653538018 0.024563897856487393 0.082507420612071156 0.065274303479199228 0.052349025359345686 0.042832325702584467 -0.068277428623844269 0.076113547634925893 -0.081591551684954342 -0.021997847451374307 0.083925803099796553 -0.047501622679941298 0.011399375496535857 0.046529991672710262 9.5687740161758632e-05 0.080312037852748444
leaf_weight=0.29461166862166122 3.9699103147722772 0.37325689964927633 0.50233621086226754 5.2374389977194369 0.088330456521361844 0.56991822976851825 0.26120973614160892 0.11448082962306239 0.54850448365323234 0.24327433144208033 0.12599958624923591 0.96551399806048721 1.0182983747217806 0.25589458498870954 0.41498450556537136 0.29955305613111805 0.82845150539651491 0.43041476147482161 0.39772733073914412 0.25304345961194474 1.2490318996133283 0.41793201689142734 0.19524770457064733 0.33720871049445122 0.24599823041353375 0.83048170979600378 0.76162943802773952 0.20456943323370069 0.14562587975524355 0.95460895472206175
leaf_count=251 3532 21 36 7426 21 175 98 43 60 76 46 76 43 21 33 53 126 46 51 46 69 20 33 124 61 29 17 67 64 726
internal_value=-0.000449902 -0.0177016 -0.0356715 -0.0514838 0.0170167 -0.000837879 0.00620328 0.0100711 -0.00857317 -0.0329016 -0.073062 -0.0552679 -0.0105631 0.0430675 0.0129584 0.0109561 0.0321441 -0.000705737 -0.010803 -0.0212043 -0.0495596 0.0254597 -0.0173249 0.057791 0.022681 -0.00271064 -0.0193247 0.00707467 -0.0757944 0.0718549
internal_weight=22.5355 18.5656 12.2336 8.41409 6.33201 3.81948 5.28908 3.24956 2.07634 1.52784 5.50906 1.28456 2.90502 1.17322 0.670879 5.02787 1.78492 3.24295 2.81254 2.41481 1.50208 0.912733 0.494801 1.41166 0.583207 2.61041 1.59211 0.31905 5.38306 1.04294
internal_count=13490 9958 8463 7876 1495 587 748 412 322 262 7536 186 340 90 54 650 332 318 272 221 115 106 86 311 185 89 46 110 7490 747
is_linear=0
shrinkage=0.08


Tree=81
num_leaves=31
num_cat=0
split_feature=4 3 2 5 12 1 6 5 4 5 3 0 0 3 9 12 9 1 2 11 1 11 4 4 4 5 3 11 12 8
split_gain=4.66036 1.78825 1.29225 0.692064 0.378671 0.456906 0.365459 0.720496 0.491251 0.382751 0.316756 0.255842 0.242536 0.196603 0.470425 0.239873 0.184554 0.315997 0.206418 0.258934 0.545318 0.175742 0.264964 0.145854 0.144627 0.219594 0.0471019 0.017436 0.011474 0.00594415
threshold=78.142959770114956 82.696216575415704 38.757823784304293 64.56575682382136 5.5000000000000009 28.86904761904762 1.0000000180025095e-35 20.521541950113384 55.059167663874497 28.310235431624651 92.269880656977449 58.722109533468561 89.897959183673478 87.877122877122886 1.0000000180025095e-35 2.5000000000000004 1.0000000180025095e-35 72.111111111111128 72.850122850122872 4.5000000000000009 75.615615615615624 3.5000000000000004 66.024884206702396 1.0000000180025095e-35 86.295149638802897 54.623154623154626 86.478835978835988 1.5000000000000002 1.5000000000000002 4.5000000000000009
decision_type=2 2 2 2 2 2 2 2 2 2 2 2 2 2 2 2 2 2 2 2 2 2 2 2 2 2 2 2 2 2
left_child=1 3 4 12 -2 -6 7 11 27 -8 -10 -3 21 14 -13 -15 18 -18 -17 20 -20 22 -1 -14 -7 -26 -11 -9 -28 -19
right_child=2 6 -4 -5 5 24 9 8 10 26 -12 13 23 15 -16 16 17 29 19 -21 -22 -23 -24 -25 25 -27 28 -29 -30 -31
leaf_value=-0.080061773976185191 -0.031370952520703134 0.075287431614315642 0.080171509933137472 0.031002889387791943 0.085101235360994315 -0.042395931504997243 -0.088041166875881441 -0.035385969754268005 -0.031853814928140191 0.008587740589841136 0.080683574703860325 -0.082123636470370201 0.025032459999158072 0.047000042708271128 0.025155444659948692 0.01860399668391987 -0.054618961481503914 0.081558985957215724 -0.090619770307796554 -0.038476509836395785 0.081295159416249305 -0.080320119147604424 0.023725897777976464 -0.073453047530076601 -0.06733845221611541 0.081604745271132109 0.047806945086138114 -0.080410131876229848 0.080725129771409332 0.059663496202864652
leaf_weight=0.36531501641730102 0.98642537416890208 0.31604797340696311 4.4213642031536438 0.4821143717272206 0.6046499293297527 0.38905245438218117 0.11455693584866899 0.057535868603736495 0.52861238119658072 0.072476663335692137 0.22959505539620295 0.53865789604606085 0.26568125397898246 0.84244518872583274 0.50861101120244712 1.2506371447816498 0.16154578048735846 0.33258362777996808 0.17463949322700534 1.5992609821259973 0.36466548824682832 4.1435711313970387 0.2766364966519177 0.15090101162786596 0.094518215395510197 0.19212707114638761 0.077237485209479928 1.2725908135180359 0.55273793888045475 0.10421842825599015
leaf_count=561 14 5 4342 14 74 4 2 23 25 16 60 49 9 19 19 14 8 85 2 31 64 6346 9 115 3 46 5 1338 177 11
internal_value=-0.000418938 -0.0254885 0.0549926 -0.0606914 0.005881 0.0345812 -0.00349616 -0.00853204 -0.0491679 0.0475503 0.00222397 0.00517002 -0.0691893 0.00139948 -0.0300231 0.0082127 1.81498e-05 0.0409791 -0.00721331 -0.0223113 0.0256251 -0.0742858 -0.0353365 -0.0106425 -0.0106267 0.0324923 0.0696627 -0.0784626 0.0766892 0.0763348
internal_weight=21.471 14.7829 6.68814 5.68422 2.26677 1.28035 9.09866 8.28165 2.08833 0.817009 0.758207 6.19331 5.2021 5.87727 1.04727 4.83 3.98755 0.598348 3.3892 2.13857 0.539305 4.78552 0.641952 0.416582 0.675698 0.286645 0.702452 1.33013 0.629975 0.436802
internal_count=13490 9007 4483 7054 141 127 1953 1753 1446 200 85 307 7040 302 68 234 215 104 111 97 66 6916 570 124 53 49 198 1361 182 96
is_linear=0
shrinkage=0.08


Tree=82
num_leaves=31
num_cat=0
split_feature=4 3 12 2 4 5 1 11 12 1 4 8 8 8 3 1 1 11 6 5 12 11 2 8 1 1 4 4 8 1
split_gain=4.22831 1.46832 0.955631 0.611771 0.574815 0.410841 0.330098 0.328227 0.304188 0.281001 0.563002 0.39735 0.272257 0.264955 0.239524 0.711879 0.232589 0.205211 0.198995 0.494494 0.171665 0.246564 0.337828 0.236268 0.132254 0.129532 0.12766 0.120208 0.11555 0.109605
threshold=85.867895545314909 86.076511723570562 1.5000000000000002 36.491677336747763 69.183285849952526 49.044430919050527 42.17939214232765 8.5000000000000018 2.5000000000000004 69.631093544137045 66.024884206702396 21.500000000000004 10.500000000000002 2.5000000000000004 90.287087912087927 58.578637510513055 28.348214285714288 2.5000000000000004 1.0000000180025095e-35 21.886405109489051 3.5000000000000004 5.5000000000000009 71.503759398496257 10.500000000000002 71.039426523297507 86.72955974842769 48.404074702886255 84.016806722689083 4.5000000000000009 15.192307692307695
decision_type=2 2 2 2 2 2 2 2 2 2 2 2 2 2 2 2 2 2 2 2 2 2 2 2 2 2 2 2 2 2
left_child=1 2 -1 5 7 -2 29 8 14 10 11 -4 16 -11 15 -3 -12 -13 19 20 -10 22 -22 -24 -15 28 -20 -18 -26 -7
right_child=3 4 9 -5 -6 6 -8 -9 18 13 12 17 -14 24 -16 -17 27 -19 26 -21 21 -23 23 -25 25 -27 -28 -29 -30 -31
leaf_value=-0.079876022711228803 -0.075211225922714842 0.06525086279790468 -0.080538349147352015 0.080222186206130711 0.080194636124741273 -0.0035311149409477578 -0.069144066590932904 -0.071869859402726041 -0.018878298382344522 -0.062521369135127028 0.01125931501761889 0.091912176426090578 0.032363950802589699 0.087512210649410532 0.078177700575236805 -0.084068882823575122 -0.024903673479632515 -0.08011607934652766 0.00039342615184074852 -0.060686683386200813 -0.038374833886784303 -0.016764527622228992 0.073810861972240127 -0.025860228966239848 -0.077790146352124223 0.07724083377248897 0.083048312264333471 -0.086952236262420796 0.024226566297500713 0.082939450115415203
leaf_weight=3.0573842578451167 0.26583796180784591 0.54968578211264663 1.5084135736105966 3.7719611977227032 0.58784692402696226 0.11608190083643422 0.14208787539973855 0.40695664021768596 1.5465770802693444 0.20407374994829286 0.60241056443192087 0.14135372469900165 0.79234063043259073 0.25142055423930287 0.52297557156998664 0.3252454534813296 0.41835623560473323 0.064689073042245582 0.23376830061897624 1.0277500793454235 0.30137465894222293 0.91419243486598123 0.91569932282436617 0.18255605176091194 0.11549574171658605 0.14414085831958801 0.24485166789963841 0.3825433001620695 0.18467875581700355 0.48908840556396171
leaf_count=5208 5 40 2141 3987 512 9 4 198 40 117 16 5 22 20 34 85 33 80 6 510 4 27 138 4 38 17 42 10 41 97
internal_value=-0.000402015 -0.0205504 -0.0449044 0.0653976 0.00414192 0.0102027 0.0405888 -0.002092 0.00210578 -0.0226749 -0.0319508 -0.0663042 -0.00512632 0.0176334 0.0353453 0.00974299 -0.0262942 0.0379023 -0.00655228 -0.0113726 0.00175621 0.0155485 0.0366543 0.0572432 0.0411444 0.0149067 0.0426779 -0.0545407 -0.0150256 0.0663529
internal_weight=20.4118 15.6268 7.8673 4.78506 7.75948 1.0131 0.747258 7.17163 6.76468 4.80992 3.91011 1.71446 2.19565 0.89981 1.39791 0.874931 1.40331 0.206043 5.36677 4.88815 3.8604 2.31382 1.39963 1.09826 0.695736 0.444315 0.47862 0.8009 0.300174 0.60517
internal_count=13490 9388 7748 4102 1640 115 110 1128 930 2540 2307 2226 81 233 159 125 59 85 771 723 213 173 146 142 116 96 48 43 79 106
is_linear=0
shrinkage=0.08


Tree=83
num_leaves=31
num_cat=0
split_feature=12 3 12 5 5 5 5 3 11 11 9 12 3 8 9 3 11 2 2 5 11 2 6 6 6 3 2 5 5 2
split_gain=3.80118 1.34846 1.00251 0.519233 0.356513 0.316787 0.517775 0.35259 0.340083 0.294308 0.259513 0.329903 0.263288 0.34514 0.242147 0.261161 0.219141 0.193733 0.314372 0.189125 0.183916 0.635803 0.173796 0.149041 0.162606 0.151824 0.430714 0.187619 0.193832 0.132588
threshold=6.5000000000000009 86.076511723570562 1.5000000000000002 65.648320895522403 75.075757575757578 49.753479221820136 1.0000000180025095e-35 83.123503752794377 6.5000000000000009 8.5000000000000018 1.0000000180025095e-35 2.5000000000000004 90.287087912087927 5.5000000000000009 1.0000000180025095e-35 44.459298871063588 1.5000000000000002 25.22727272727273 43.288288288288292 1.0000000180025095e-35 3.5000000000000004 72.850122850122872 1.5000000000000002 1.5000000000000002 1.0000000180025095e-35 90.478467908902715 58.578637510513055 22.82097649186257 39.089102065508605 53.694939934473986
decision_type=2 2 2 2 2 2 2 2 2 2 2 2 2 2 2 2 2 2 2 2 2 2 2 2 2 2 2 2 2 2
left_child=1 2 4 9 -1 6 7 29 14 10 11 12 13 -3 17 -16 -13 -7 -19 20 -18 -22 -8 24 25 26 -12 -27 -29 -4
right_child=-2 3 5 -5 -6 8 22 -9 -10 -11 23 16 -14 -15 15 -17 19 18 -20 -21 21 -23 -24 -25 -26 27 -28 28 -30 -31
leaf_value=-0.079751178823085814 0.080193417794422628 -0.079289942440239999 0.083346810325981444 0.080085116534024087 0.083618011751213348 0.046939659627788934 -0.070606358114109563 -0.054367678020586521 -0.06936508652131157 -0.065068110912495036 0.082989320220377069 0.071599405216720424 0.080498776057907465 0.050560593249358521 -0.051515901803551367 0.067354469360740063 -0.049650786878011388 -0.04365741925831329 0.070070072291234131 -0.056647859620755289 0.066419112257342552 -0.024488986958459451 0.034988876808086461 -0.04899235292211368 0.080260302196991443 0.081458436710848139 -0.077973865170934117 -0.058681089453349322 0.046605276685785409 0.011000493744000799
leaf_weight=2.9510257045039965 3.1405257362639523 0.21725687419529893 0.29408419225364946 0.58729500969639037 0.08804045699071128 0.33061695267679247 1.5732587493548633 0.36825202673207968 0.36258019323577162 0.39714301581261668 0.17528838760335907 0.18199956888565783 0.47314737783744931 0.32998449914157391 0.1418149170349351 0.71301044145366177 0.60457078786566931 0.86627530487021409 0.18960600724676624 0.67575223094900128 0.66835862258449208 1.8699831118574366 0.10650721850106482 0.13888128800317634 0.42434805748052884 0.41994046076433733 0.27069740736624226 0.17570015700766817 0.30822508712299168 0.36131210278836079
leaf_count=5211 3532 62 15 660 9 31 2145 28 109 205 11 33 27 33 13 110 32 71 61 410 10 59 43 30 110 97 120 73 101 39
internal_value=-0.000383808 -0.0159421 -0.0383787 0.00770666 -0.0750184 -0.0173981 -0.03658 0.00826903 0.00251688 0.00190855 0.00574455 -0.00380852 0.0367955 -0.000990556 0.0141453 0.047634 -0.0141648 -0.0065017 -0.0232352 -0.0182523 -0.00999698 -0.00055241 -0.063911 0.0308174 0.0370648 0.0234856 -0.0147096 0.0423319 0.00837865 0.0434632
internal_weight=19.4055 16.265 8.34638 7.91857 3.03907 5.30732 2.70341 1.02365 2.6039 7.33128 6.93413 5.02105 1.02039 0.547241 2.24132 0.854825 4.00066 1.3865 1.05588 3.81866 3.14291 2.53834 1.67977 1.91308 1.7742 1.34985 0.445986 0.903866 0.483925 0.655396
internal_count=13490 9958 7885 2073 5220 2665 2270 82 395 1413 1208 666 122 95 286 123 544 163 132 511 101 69 2188 542 512 402 131 271 174 54
is_linear=0
shrinkage=0.08


Tree=84
num_leaves=31
num_cat=0
split_feature=4 0 12 2 4 11 1 5 4 8 4 6 4 5 5 4 4 2 1 11 5 12 2 12 2 1 1 1 12 11
split_gain=3.55479 1.21734 0.72068 0.548983 0.438339 0.411442 0.412061 0.33384 0.272075 0.269195 0.258038 0.387344 0.244975 0.551611 0.274249 0.320246 0.506882 0.247069 0.193164 0.190043 0.185832 0.181626 0.259035 0.178784 0.380947 0.371058 0.147538 0.134579 0.119245 0.349845
threshold=85.867895545314909 88.675213675213698 1.5000000000000002 36.491677336747763 52.843665768194079 6.5000000000000009 87.026647966339425 49.044430919050527 91.922957440198829 14.500000000000002 23.670062252405213 1.0000000180025095e-35 85.215543412264751 65.648320895522403 59.611795446061969 55.059167663874497 1.0000000180025095e-35 28.09758771929825 68.801229508196727 1.5000000000000002 73.735309146653051 2.5000000000000004 55.351882160392812 4.5000000000000009 99.450549450549474 68.133462282398469 59.675307672165495 65.485893416927908 3.5000000000000004 5.5000000000000009
decision_type=2 2 2 2 2 2 2 2 2 2 2 2 2 2 2 2 2 2 2 2 2 2 2 2 2 2 2 2 2 2
left_child=1 2 19 7 9 12 21 -2 -9 10 23 -12 13 14 15 16 18 -17 -4 -1 -15 22 26 24 25 -3 -7 -6 -26 -30
right_child=3 4 5 -5 27 6 -8 8 -10 -11 11 -13 -14 20 -16 17 -18 -19 -20 -21 -22 -23 -24 -25 28 -27 -28 -29 29 -31
leaf_value=0.040940156381548062 -0.070870852472242105 -0.0068747126425113885 0.035824303716290584 0.08020437404908444 -0.044378372636395422 -0.080086996423613915 0.089324462944160507 -0.020288641313639003 0.082434563690689203 -0.086220958443568668 -0.080676600255225758 0.030093961723136546 -0.08310444220166785 0.087860694181169235 -0.076863161826728699 -0.081250315184546007 -0.080183402479855323 0.047624549919426766 -0.028147438707503265 -0.073024697567032226 0.0085094197612071813 -0.07928961009598863 -0.078015410639694138 0.06538657258875856 -0.051140552909417603 0.067785177053615656 0.080633646391158609 0.080334726947257962 0.081439182645242539 -0.03398470384208295
leaf_weight=0.096796758181883269 0.24049102887511153 0.768847761675715 0.62377873589866861 3.2433904439676553 0.060531178431119659 0.047092013817746081 0.12088215141557146 0.28646823181770742 0.38923388544935733 0.21026136027649034 0.47700821512262326 0.35048091114731506 0.25958061433630053 0.48333739629015315 0.43274244054919098 0.10868071170989413 0.7133550218422896 0.76785507157910615 0.58575690246652812 2.877005817979807 0.31004524964373559 1.2396449634979942 0.23107250238535926 0.4122073768521658 0.54013269394636154 0.95550164947053418 0.16336345305899158 0.65042365260887891 0.22928235289873555 0.6293973233550787
leaf_count=52 5 9 22 3987 14 78 3 10 100 96 254 13 10 19 21 44 1241 112 20 5170 35 1182 246 63 15 43 26 522 69 9
internal_value=-0.000357719 -0.019239 -0.0370357 0.0647576 0.0112785 -0.0212661 -0.0533387 0.0100748 0.0388844 0.00219349 0.00645449 -0.03376 -0.00777841 -0.00292115 -0.0175931 -0.00843099 -0.0266996 0.0316455 0.00484391 -0.0693152 0.0568511 -0.0635967 -0.0195369 0.0158671 0.00933133 0.034496 0.0446704 0.0697166 -0.0216898 -0.00316453
internal_weight=18.5046 14.3451 9.06099 4.15958 5.28407 6.08719 1.80206 0.916193 0.675702 4.57312 4.36286 0.827489 4.28513 4.02555 3.23217 2.79943 1.92289 0.876536 1.20954 2.9738 0.793383 1.68117 0.441528 3.53537 3.12316 1.72435 0.210455 0.710955 1.39881 0.85868
internal_count=13490 9388 8281 4102 1107 3059 1535 115 110 571 475 267 1524 1514 1460 1439 1283 156 42 5222 54 1532 350 208 145 52 104 536 93 78
is_linear=0
shrinkage=0.08


Tree=85
num_leaves=31
num_cat=0
split_feature=4 4 4 2 9 12 8 2 2 8 11 11 2 2 0 0 8 9 5 5 12 0 0 12 11 12 5 0 2 12
split_gain=3.24375 1.17698 1.0959 1.02015 0.503086 0.326591 0.362247 0.27872 0.276376 0.369754 0.235685 0.230884 0.231174 0.194345 0.165807 0.209091 0.190147 0.162613 0.155622 0.161545 0.121658 0.322997 0.159459 0.149834 0.219044 0.373519 0.0992083 0.373294 0.0749304 0.0731962
threshold=78.142959770114956 1.0000000180025095e-35 52.419984387197509 38.757823784304293 1.0000000180025095e-35 5.5000000000000009 4.5000000000000009 92.031746031746039 49.253065774804917 9.5000000000000018 6.5000000000000009 8.5000000000000018 86.72955974842769 81.120250685468093 58.123167155425229 72.902097902097907 6.5000000000000009 1.0000000180025095e-35 31.608682723758552 32.449982449982457 2.5000000000000004 91.476997578692519 75.931034482758633 3.5000000000000004 5.5000000000000009 4.5000000000000009 64.56575682382136 45.11585642889596 72.06557377049181 2.5000000000000004
decision_type=2 2 2 2 2 2 2 2 2 2 2 2 2 2 2 2 2 2 2 2 2 2 2 2 2 2 2 2 2 2
left_child=1 11 7 5 8 -2 -7 -3 -4 13 26 14 -13 -10 -1 16 -16 20 -9 -20 21 22 -17 -22 25 -25 27 -6 -19 -30
right_child=3 2 4 -5 10 6 -8 18 9 -11 -12 12 -14 -15 15 17 -18 28 19 -21 23 -23 -24 24 -26 -27 -28 -29 29 -31
leaf_value=0.066688857870412163 -0.029815315820229053 -0.080065530748126182 -0.083104027402538277 0.080129644502198852 -0.07585324779031978 -0.0092473909129220534 0.083620326835319253 -0.081158288006923138 -0.076425011695071945 0.078544374627615071 -0.05873533263383518 -0.08190843991917561 0.060801027225649812 0.034518438942371832 -0.082526191371300378 0.05064193093543877 0.0090779011543788424 0.013366281562264624 0.08025802742373625 -0.035329959806565246 -0.025398206534901623 0.071471889989245391 -0.081607034441398288 0.069185294102558609 -0.020502628015547288 -0.029113786565222483 0.085788668967349296 0.066292250347733297 0.011167537626052644 0.081337585699957166
leaf_weight=0.28251180716324764 0.86360009387135406 3.5077147309784782 0.51847610887489282 3.2531783845624886 0.15642445089179091 0.54881242534611352 0.52689943113364279 0.1486334498040377 0.35702657999354415 0.22501195193035528 0.14735067731817253 0.35579509209492233 0.091284740716218948 0.14094724354799837 0.32219286778126832 0.086390720913187002 0.26373511023120955 0.34825737681239832 0.14448706433176994 0.16662222961895168 1.2787700891494753 0.47331962338648736 0.17977485505980439 0.68931769486516692 0.84631763817742456 0.38589485478587449 0.32623009954113513 0.48437821478000842 0.13097543828189373 0.34773423336446285
leaf_count=40 14 7644 243 4342 74 41 86 16 74 14 83 117 3 57 67 16 32 14 4 43 24 11 41 44 14 30 80 124 4 94
internal_value=-0.000337118 -0.022558 -0.0467252 0.0527516 -0.00350496 0.00682505 0.0362406 -0.072389 -0.0385308 -0.00656591 0.035515 0.00256696 -0.05277 -0.0450234 0.00695724 0.00380463 -0.0412938 0.00934812 -0.0138194 0.018352 0.0025785 0.0318237 -0.0386823 -0.00417911 0.0099421 0.0339057 0.0498764 0.0315935 0.0415995 0.062139
internal_weight=17.5981 12.4056 6.3233 5.19249 2.35585 1.93931 1.07571 3.96746 1.24146 0.722986 1.11438 6.08227 0.44708 0.497974 5.63519 5.35268 0.585928 4.76675 0.459743 0.311109 3.93979 0.739485 0.266166 3.2003 1.92153 1.07521 0.967033 0.640803 0.826967 0.47871
internal_count=13490 9007 8456 4483 749 141 127 7707 388 145 361 551 120 131 431 391 99 292 63 47 180 68 57 112 88 74 278 198 112 98
is_linear=0
shrinkage=0.08


Tree=86
num_leaves=31
num_cat=0
split_feature=12 0 4 3 4 2 3 0 1 0 2 3 11 5 2 2 5 11 4 6 4 12 12 11 12 2 1 12 4 5
split_gain=2.9585 1.07625 0.765375 0.798962 0.552179 0.335324 0.417037 0.497204 0.368656 0.315004 0.321838 0.382094 0.325121 0.283276 0.184218 0.62693 0.162047 0.138252 0.120445 0.20447 0.244465 0.17506 0.166704 0.278868 0.114835 0.281646 0.100577 0.0982225 0.131134 0.0813178
threshold=6.5000000000000009 90.52111410601978 72.281323877068573 82.696216575415704 66.024884206702396 51.31670131670132 86.478835978835988 69.098143236074279 82.446311858076569 9.3073593073593077 22.431865828092246 53.050602697780128 4.5000000000000009 71.48070907194996 71.503759398496257 71.897435897435912 71.48070907194996 2.5000000000000004 23.670062252405213 1.0000000180025095e-35 52.843665768194079 2.5000000000000004 3.5000000000000004 5.5000000000000009 4.5000000000000009 73.765182186234838 87.026647966339425 2.5000000000000004 63.686313686313689 57.247899159663866
decision_type=2 2 2 2 2 2 2 2 2 2 2 2 2 2 2 2 2 2 2 2 2 2 2 2 2 2 2 2 2 2
left_child=1 2 3 16 18 -5 -7 27 14 -4 -11 -12 -13 -14 -9 -16 26 -17 21 20 -20 -3 -23 24 -24 -26 29 -8 -29 -1
right_child=-2 4 9 5 -6 6 7 8 -10 10 11 12 13 -15 15 17 -18 -19 19 -21 -22 22 23 -25 25 -27 -28 28 -30 -31
leaf_value=-0.080110626302910826 0.080160080567028599 0.045722901430528679 -0.078580692913841108 0.065287593923998979 0.08008426068609209 -0.081383489063221279 0.077257998176714707 -0.085920418060286899 0.058023917448867625 0.082313295799083017 -0.035415834875032796 0.082803455754261235 -0.049546218530852504 0.085237629941915791 0.09133772166743391 0.021100462390621952 0.081981776832977152 -0.068964824463731353 -0.080620643485772678 0.028493374755564738 0.036899937551821436 -0.021866463791053465 0.082298467143187837 -0.010687084874974913 -0.090198865687874566 0.080764394632718381 0.082184362044515888 -0.080355630311801041 0.08499745925617018 -0.035247064016375722
leaf_weight=2.9499728360387993 2.4885308475058983 0.74149381811730508 0.24821023643016848 0.2867239065235484 0.71867232461227093 0.66238349521881934 0.41009026943356763 0.4670454974984749 0.26626847259467457 0.39144944830331985 0.88842732785269596 0.49269527691649273 0.33784644992556423 0.14163295412436128 0.23115690637496278 0.12690924748312682 0.042678438127040752 0.77632539765909314 0.43212980328826223 0.33576542703667656 0.15353289316408336 1.1157076829113068 0.42827955086249836 0.90762353618629277 0.1002858579158783 0.16016134637175128 0.025872355327010044 0.066573583433637396 0.056955787586048245 0.28341133618960146
leaf_count=6889 3532 22 5 24 888 617 38 221 41 15 22 161 40 59 8 9 2 222 306 18 14 23 86 22 1 49 1 103 2 50
internal_value=-0.000321086 -0.0143795 -0.030783 -0.0449657 0.0150955 -0.0174425 -0.025185 -0.00968318 -0.029141 0.00695242 0.0163795 0.00250775 0.0371644 -0.00973255 -0.0436337 -0.0262237 -0.0728931 -0.0563102 0.00441993 -0.021278 -0.0498123 0.0112763 0.00185836 0.0184399 0.0568243 0.0149346 -0.0749212 0.0584204 -0.00411615 -0.0761783
internal_weight=16.7348 14.2463 9.15263 6.65237 5.09365 3.35043 3.06371 2.40133 1.86771 2.50026 2.25205 1.8606 0.972175 0.479479 1.60144 1.13439 3.30193 0.903235 4.37498 0.921428 0.585663 3.45355 2.71206 1.59635 0.688727 0.260447 3.25926 0.53362 0.123529 3.23338
internal_count=13490 9958 8529 8227 1429 1285 1261 644 501 302 297 282 260 99 460 239 6942 231 541 338 320 203 181 158 136 50 6940 143 105 6939
is_linear=0
shrinkage=0.08


Tree=87
num_leaves=31
num_cat=0
split_feature=12 0 4 10 4 1 1 0 9 4 1 4 0 0 0 12 12 11 3 0 1 12 9 6 12 1 11 12 12 1
split_gain=2.71691 0.971502 0.71502 0.846189 0.517261 0.343844 0.254954 0.260631 0.211571 0.20544 0.202315 0.182449 0.148722 0.145946 0.171451 0.211041 0.24896 0.20483 0.134862 0.123189 0.122026 0.16872 0.185762 0.256854 0.232535 0.259459 0.187574 0.0993572 0.0943184 0.0912967
threshold=6.5000000000000009 90.52111410601978 66.024884206702396 1.0000000180025095e-35 66.024884206702396 44.281045751633989 87.026647966339425 81.365740740740748 1.0000000180025095e-35 55.059167663874497 49.657534246575345 55.763589301121662 33.084577114427866 58.397435897435905 81.120250685468093 2.5000000000000004 1.5000000000000002 1.5000000000000002 45.023809523809533 97.014260249554383 46.986201888162675 2.5000000000000004 1.0000000180025095e-35 1.5000000000000002 3.5000000000000004 75.931034482758633 5.5000000000000009 4.5000000000000009 1.5000000000000002 70.678733031674213
decision_type=2 2 2 2 2 2 2 2 2 2 2 2 2 2 2 2 2 2 2 2 2 2 2 2 2 2 2 2 2 2
left_child=1 2 3 9 19 8 7 10 12 -1 -5 -11 -4 -12 15 16 17 -15 -10 -3 -21 29 24 -24 25 -23 27 -26 -7 -22
right_child=-2 4 5 6 -6 28 -8 -9 18 11 13 -13 -14 14 -16 -17 -18 -19 -20 20 21 22 23 -25 26 -27 -28 -29 -30 -31
leaf_value=-0.080061125049706611 0.080148011788082688 0.063315280570033924 -0.0061395517715901009 -0.08162665283555233 0.080077784720707132 -0.012586180830481693 0.085943700982499788 -0.071169084609361319 -0.01600012243397772 0.060131939979174383 0.061287866237501154 -0.051219307955814697 -0.05640990601866179 0.085884451534000275 0.075723714814580539 -0.046535465392280491 0.073725874729794791 -0.081221028332449499 0.04969424084178093 -0.081074306282650541 0.0041244117428239297 -0.0082031183032428168 0.050050169392903354 -0.087491712223857709 0.067508408263165495 -0.087829708434549791 -0.017572124118823865 -0.00048174776223350974 0.082116451651946559 0.061928018260516735
leaf_weight=2.8906133829150336 2.2975353925139652 0.21409221268549927 0.90610368741909109 0.18510100233834315 0.66346965200500552 0.081583710969425627 0.16718821437098075 0.44526592423790123 0.33667400100966904 0.12094777391757805 0.26204816671088327 0.4254214152606437 0.6445790960569866 0.0638214051723478 0.15161617286503304 0.616527751670219 0.2812066662881989 0.17753582113073207 0.49262395576806739 0.1125770236540119 0.29569627632736262 0.59670726806507512 0.62969574035378162 0.10080626956187189 0.3568072799243962 0.46676268836017698 0.85863299215270672 0.22386356425704435 0.38458190823439509 0.42797995411092415
leaf_count=7569 3532 30 29 92 888 28 7 45 11 38 18 230 36 1 2 38 31 113 33 82 59 29 170 2 60 17 27 37 208 28
internal_value=-0.000307483 -0.0139188 -0.0301159 -0.0462613 0.0143476 0.00271374 -0.00926891 -0.0165605 -0.0095925 -0.0715577 -0.00256893 -0.0265699 -0.0270356 0.00685538 -0.00419586 -0.0148334 0.0225692 -0.0370338 0.023024 0.00416693 0.00105522 0.00339184 -0.00442344 0.03107 -0.0147831 -0.0431517 0.00617774 0.0412965 0.0655425 0.0383093
internal_weight=15.8781 13.5805 8.63344 5.78729 4.94709 2.84615 2.35031 2.18312 2.37998 3.43698 1.73786 0.546369 1.55068 1.55276 1.29071 1.13909 0.522564 0.241357 0.829298 4.28362 4.06953 3.95695 3.23328 0.730502 2.50277 1.06347 1.4393 0.580671 0.466166 0.723676
internal_count=13490 9958 8529 8184 1429 345 347 340 109 7837 295 268 65 203 185 183 145 114 44 541 511 429 342 172 170 46 124 97 236 87
is_linear=0
shrinkage=0.08


Tree=88
num_leaves=31
num_cat=0
split_feature=12 3 4 4 10 2 1 0 0 0 3 0 1 12 0 1 2 12 0 10 4 9 4 2 12 4 12 1 12 1
split_gain=2.49105 0.882216 0.882925 0.654401 0.497015 0.331568 0.268961 0.249849 0.227988 0.347585 0.224097 0.282516 0.211977 0.198501 0.109885 0.091243 0.264713 0.37227 0.24612 0.167801 0.174426 0.120498 0.11731 0.0886548 0.0723791 0.123823 0.0653136 0.0640567 0.0854434 0.0330879
threshold=6.5000000000000009 86.076511723570562 66.024884206702396 69.183285849952526 1.0000000180025095e-35 43.288288288288292 69.631093544137045 55.470085470085479 69.098143236074279 81.120250685468093 90.002828054298661 77.097902097902121 32.071428571428577 5.5000000000000009 81.365740740740748 81.120250685468093 97.100840336134468 4.5000000000000009 99.450549450549474 1.0000000180025095e-35 55.059167663874497 1.0000000180025095e-35 34.656167979002632 92.031746031746039 2.5000000000000004 63.686313686313689 3.5000000000000004 72.850122850122872 4.5000000000000009 58.578637510513055
decision_type=2 2 2 2 2 2 2 2 2 2 2 2 2 2 2 2 2 2 2 2 2 2 2 2 2 2 2 2 2 2
left_child=1 2 4 8 23 12 7 -6 24 10 -10 -12 13 -4 -11 18 19 21 -16 20 -17 26 -23 -1 -3 -26 -18 29 -29 -20
right_child=-2 3 5 -5 6 -7 -8 -9 9 14 11 -13 -14 -15 15 16 17 -19 27 -21 -22 22 -24 -25 25 -27 -28 28 -30 -31
leaf_value=-0.080056108802138357 0.080136839917343258 0.069320416213812686 -0.017147420499488027 0.080114314063720396 0.038608315931733035 0.078339429218062112 0.028131269773978548 -0.081267189254369626 -0.082498036239771561 0.071112734520699855 0.044202623588889781 -0.089376511651159452 -0.04723451185263642 0.039499149913886034 -0.078458868071449889 -0.080216247512926553 -0.050009163005285621 0.071508316681877279 0.038030567672277825 0.084422624510749653 0.081354496956230093 0.058111026294741096 -0.02516295718128763 0.081827323012290898 -0.080296842662525569 0.084905450999905929 -0.014611832187693852 0.011295580568392097 -0.074572972142712773 0.0028322354105250053
leaf_weight=2.6005961250484675 2.1211762413731785 0.35890579820261326 0.97160307376179911 0.69934873364400107 0.14847211126470961 0.31103731447365124 0.50714235595660284 0.44414691790007055 0.5600248081027529 0.14732340240152542 0.2705005032767076 0.162029131926829 0.67844381200848136 0.66818090621381998 0.30800394472316805 0.097123763320269396 0.58085228060372196 0.35629397578304622 0.21408166116452754 0.42056873056571931 0.076401492406148463 0.22878096596105013 0.20553088915767148 0.021832743659615406 0.062230569048551843 0.054437488317489624 0.78377199603710324 0.1466906502027997 0.15000032115494832 0.84787927259458229
leaf_count=7325 3532 42 31 973 50 154 39 220 306 4 41 32 32 33 94 66 16 64 42 34 11 60 25 1 117 1 46 37 10 52
internal_value=-0.000283049 -0.0133225 -0.0347086 0.00685843 -0.0597774 0.00078068 -0.0146357 -0.0512341 -0.00163565 -0.00618625 -0.0490912 -0.00583721 -0.0096254 0.00593498 0.00314592 0.000878454 0.00983182 -0.00320122 -0.0138911 0.0571125 -0.00907821 -0.0179981 0.018703 -0.0787084 0.0515264 -0.00321321 -0.0296787 0.000746348 -0.0321176 0.0099279
internal_weight=15.2034 13.0822 6.35146 6.73078 3.72219 2.62927 1.09976 0.592619 6.03143 5.55586 0.992554 0.43253 2.31823 1.63978 4.5633 4.41598 2.74932 2.15523 1.66666 0.594094 0.173525 1.79894 0.434312 2.62243 0.475574 0.116668 1.36462 1.35865 0.296691 1.06196
internal_count=13490 9958 7885 2073 7635 250 309 270 1100 940 379 73 96 64 561 557 322 211 235 111 77 147 85 7326 160 118 62 141 47 94
is_linear=0
shrinkage=0.08


Tree=89
num_leaves=31
num_cat=0
split_feature=12 3 4 4 10 4 9 0 1 8 11 12 4 0 3 1 0 3 9 5 5 5 0 0 4 12 1 1 4 5
split_gain=2.28582 0.789755 0.827939 0.605896 0.409001 0.267588 0.330596 0.392874 0.241019 0.239985 0.219388 0.207584 0.196678 0.193755 0.149952 0.506772 0.130399 0.138612 0.137466 0.129773 0.128463 0.234924 0.125512 0.281302 0.202788 0.0800882 0.0996867 0.0735053 0.0708412 0.147511
threshold=6.5000000000000009 86.076511723570562 72.281323877068573 69.183285849952526 1.0000000180025095e-35 94.559548978153643 1.0000000180025095e-35 13.118279569892474 69.631093544137045 21.500000000000004 8.5000000000000018 2.5000000000000004 85.215543412264751 81.120250685468093 90.287087912087927 58.578637510513055 88.303693570451443 92.269880656977449 1.0000000180025095e-35 71.48070907194996 22.82097649186257 31.608682723758552 77.097902097902121 76.5331664580726 63.686313686313689 3.5000000000000004 96.609195402298866 90.070422535211279 49.844720496894418 32.449982449982457
decision_type=2 2 2 2 2 2 2 2 2 2 2 2 2 2 2 2 2 2 2 2 2 2 2 2 2 2 2 2 2 2
left_child=1 2 4 10 19 6 12 -8 9 -6 11 14 -4 22 15 -3 17 -15 25 27 -20 -22 23 24 -13 26 -18 -1 29 -23
right_child=-2 3 5 -5 8 -7 7 -9 -10 -11 -12 13 -14 16 -16 -17 18 -19 20 -21 21 28 -24 -25 -26 -27 -28 -29 -30 -31
leaf_value=-0.075740868465460354 0.080126488925494815 0.06303918156306422 0.0043426474837988654 0.080105591143946817 -0.081110647080909731 0.082270504364435934 -0.067040662937920784 0.067190215414228233 0.026044232474758146 0.039056529253948952 -0.069838233655533918 -0.081562299036623709 -0.060442620535264349 0.078697246950506769 0.073780841738690525 -0.083409094283698623 -0.0045072091674948841 -0.021591502391718032 0.080622465438328558 0.081604024004386336 -0.086452602976316337 0.082193485039578268 -0.086931402332154711 0.077098871690903709 0.084111674953957424 0.0010430844200897357 -0.050879136263291359 0.058176724422568729 0.081054326927009659 -0.057758583610908659
leaf_weight=2.6957243355573146 1.9583350605098537 0.42522661108523585 0.54906161437975265 0.64564768300624553 0.41461694435565755 0.25433217186946411 0.18217161623761047 0.59644902325817384 0.50409297237638384 0.14306454116012901 0.2863553111674263 0.30673655329155725 0.66089528723387048 0.26527793207787942 0.38502504891948774 0.2346884009311907 0.61815320496680282 0.13213460150291212 0.21204623038647685 0.034542957320809253 0.12888178130378947 0.090961463283747435 0.26278067103703506 0.14112482970813289 0.05590107711032033 1.4985568074916953 0.5705264110583812 0.026489279931411036 0.15169508423423395 0.10252902607317083
leaf_count=7355 3532 40 21 973 256 92 5 72 39 14 198 239 26 42 34 85 28 34 90 2 15 3 75 7 2 127 16 3 27 38
internal_value=-0.000270697 -0.0127905 -0.0335738 0.00654818 -0.0562337 0.00500457 -0.00487747 0.0357846 -0.0140459 -0.0502836 -0.00154441 0.0019589 -0.031044 -0.00544447 0.0341056 0.0109572 0.00200923 0.0453525 -0.00309702 -0.0724825 0.0288634 0.00571203 -0.0421105 -0.0187303 -0.0560234 -0.0112573 -0.0267642 -0.0744377 0.0401235 0.00803403
internal_weight=14.534 12.5757 6.06144 6.51425 3.81853 2.24291 1.98858 0.778621 1.06177 0.557681 5.8686 5.58225 1.20996 4.53731 1.04494 0.659915 3.77076 0.397413 3.37335 2.75676 0.686114 0.474067 0.766543 0.503762 0.362638 2.68724 1.18868 2.72221 0.345186 0.19349
internal_count=13490 9958 7885 2073 7669 216 124 77 309 270 1100 902 47 743 159 125 420 76 344 7360 173 83 323 248 241 171 44 7358 68 41
is_linear=0
shrinkage=0.08


Tree=90
num_leaves=31
num_cat=0
split_feature=12 3 4 4 10 2 12 3 5 6 4 9 12 9 3 12 2 11 11 3 2 2 11 11 8 2 4 2 11 2
split_gain=2.0984 0.709654 0.776801 0.560809 0.468021 0.314327 0.220821 0.2344 0.20252 0.295571 0.177936 0.171935 0.11906 0.113024 0.238245 0.11104 0.0943157 0.27329 0.454845 0.341055 0.0888846 0.0772744 0.0650052 0.00887296 0.000338821 6.67126e-05 3.14599e-05 1.1398e-05 6.24093e-06 5.97669e-06
threshold=6.5000000000000009 86.076511723570562 66.024884206702396 69.183285849952526 1.0000000180025095e-35 44.300144300144304 1.5000000000000002 83.123503752794377 20.521541950113384 1.0000000180025095e-35 52.843665768194079 1.0000000180025095e-35 2.5000000000000004 1.0000000180025095e-35 90.478467908902715 5.5000000000000009 72.850122850122872 6.5000000000000009 4.5000000000000009 92.000732600732604 53.694939934473986 92.031746031746039 4.5000000000000009 5.5000000000000009 13.500000000000002 76.533166458072614 52.419984387197509 37.416666666666671 3.5000000000000004 43.534002229654412
decision_type=2 2 2 2 2 2 2 2 2 2 2 2 2 2 2 2 2 2 2 2 2 2 2 2 2 2 2 2 2 2
left_child=1 2 4 8 21 11 29 20 12 10 26 15 -3 16 -15 -4 -14 18 19 -18 -8 -1 -13 25 -7 -16 -10 -2 -21 -6
right_child=27 3 5 -5 6 24 7 -9 9 -11 -12 22 13 14 23 -17 17 -19 -20 28 -22 -23 -24 -25 -26 -27 -28 -29 -30 -31
leaf_value=-0.080048243041429337 0.080738426614704595 0.034394854421652112 -0.048884123796166516 0.08009753447827947 -0.081048055162648555 0.080405979143581524 0.076674124413548275 -0.051967269664974503 -0.080153301794623655 0.034402935234149473 -0.013018482922119911 0.046471174463576632 0.014695312753880269 -0.081805284049054433 0.08330006147356088 -0.004429428878423034 -0.066577845002898803 0.043984399635942729 -0.056274144836731016 0.081286335046065458 0.0093401148581442571 0.081588589919900548 9.6919620227091438e-06 0.052472854476175952 0.086542315110935422 0.080435037930324374 -0.082736865006993787 0.080051997924208501 0.082001507082335917 -0.080220638808566294
leaf_weight=2.2263669754320277 0.17098770447773937 0.82445775577798475 0.67445970751578055 0.59606546294526186 0.088218610908370687 0.18893004380515765 0.22670043946709484 0.27809453447116539 0.53005666087847181 0.35718698892742384 0.45539417868712917 0.35889499750919629 1.0717000534059486 0.080430889967828878 0.087379341712221503 0.77031949255615473 0.14212878048419986 0.40725123113952566 1.1568584083579478 0.12756155070383102 0.28098008455708623 0.019091635942458995 0.41625631344504654 0.097063052235171199 0.082837867579655722 0.12852228112751618 0.031984902918338776 1.6369907244516069 0.20136911934241652 0.15237720373261254
leaf_count=7325 85 27 32 973 43 140 15 28 788 27 39 28 18 8 4 25 3 9 22 32 39 1 14 15 11 77 1 3447 30 184
internal_value=-0.00025465 -0.0123046 -0.0325874 0.00626447 -0.0582176 0.00106752 -0.0134641 0.00706898 -0.00145736 -0.0282058 -0.0501856 -0.00887422 0.00704471 0.000602614 0.0410017 -0.025182 -0.00451277 -0.0146276 -0.0292903 0.0369783 0.0394075 -0.078674 0.0215214 0.0725627 0.0822764 0.0815946 -0.0803003 0.0801169 0.0817242 -0.080524
internal_weight=13.8669 12.0589 5.76353 6.29541 3.27183 2.4917 1.02637 0.785775 5.69935 1.37462 1.01744 2.21993 4.32472 3.50026 0.393396 1.44478 3.10687 2.03517 1.62792 0.471059 0.507681 2.24546 0.775151 0.312965 0.271768 0.215902 0.562042 1.80798 0.328931 0.240596
internal_count=13490 9958 7885 2073 7635 250 309 82 1100 855 828 99 245 218 104 57 114 96 87 65 54 7326 42 96 151 81 789 3532 62 227
is_linear=0
shrinkage=0.08


Tree=91
num_leaves=31
num_cat=0
split_feature=12 0 4 10 4 4 8 4 9 0 2 0 11 0 8 8 0 0 11 11 8 8 11 12 11 5 2 5 8 0
split_gain=1.92422 0.687336 0.57249 0.545715 0.38576 0.303391 0.285784 0.275026 0.377571 0.409341 0.257669 0.290789 0.180038 0.153796 0.286775 0.274564 0.226364 0.108953 0.102454 0.166896 0.187654 0.281971 0.246648 0.278977 0.404459 0.246716 0.214033 0.0781912 0.0779429 0.0306964
threshold=6.5000000000000009 90.52111410601978 72.281323877068573 1.0000000180025095e-35 66.024884206702396 55.059167663874497 1.5000000000000002 94.559548978153643 1.0000000180025095e-35 9.3073593073593077 54.692082111436953 69.309262166405034 8.5000000000000018 58.123167155425229 7.5000000000000009 3.5000000000000004 76.5331664580726 97.014260249554383 1.5000000000000002 2.5000000000000004 14.500000000000002 10.500000000000002 4.5000000000000009 4.5000000000000009 6.5000000000000009 32.449982449982457 83.047895500725701 50.170068027210895 8.5000000000000018 75.931034482758633
decision_type=2 2 2 2 2 2 2 2 2 2 2 2 2 2 2 2 2 2 2 2 2 2 2 2 2 2 2 2 2 2
left_child=1 2 3 5 17 -1 -4 8 -8 -10 -7 -12 13 -5 15 16 -15 -3 -19 -20 21 22 25 24 -24 -21 28 -11 -26 -17
right_child=-2 4 6 12 -6 10 7 -9 9 27 11 -13 -14 14 -16 29 -18 18 19 20 -22 -23 23 -25 26 -27 -28 -29 -30 -31
leaf_value=-0.080050451810581014 0.080107980732410378 0.063863732437627649 0.084752430108271534 0.061093215482992819 0.080058091868084061 -0.081367846437682897 -0.045587947058741592 0.082475672065497968 -0.084653327089948646 0.022839135293524795 0.072294792443797773 -0.046741465045344315 -0.08131323849090985 -0.082364295862392703 -0.086120638487530335 0.061377897468738805 0.0097283566632870074 0.062614257382336835 -0.053143478954394717 0.073824236790364525 -0.084886353186856223 0.067548555625933579 -0.049548235212971581 0.055547632603756211 -0.085103151597305568 -0.040918195792998331 0.077372183533186048 0.086100280800477894 0.015859144877964696 0.025487070347193597
leaf_weight=2.1270581005810514 1.6691530074458576 0.18907781125744794 0.26529397003469091 0.21830508223501954 0.48533183336257923 0.30664777607307758 1.0143091861391438 0.21044802822871123 0.15310758724808682 0.19488930568331853 0.25465724300011061 0.27122835682530422 0.20306456496473391 0.29691540295607388 0.266977329913061 0.31567869300488383 0.40222302882466465 0.16876771522220257 0.35658657160820473 0.45298712147632736 0.14398103170969978 0.44500522009911936 1.3074616517696998 0.3140068010543472 0.089158488932298385 0.16311583211063407 0.302334331383463 0.34891253258683719 0.10847847576951608 0.29505998105742037
leaf_count=7569 3532 30 105 40 888 251 37 86 3 16 22 38 113 55 59 33 26 23 35 94 84 53 80 40 23 39 17 55 23 21
internal_value=-0.000234086 -0.0117243 -0.0271767 -0.042217 0.0126674 -0.0640259 0.00691937 -0.00382581 -0.0144393 0.0308957 -0.0230843 0.0109012 -0.00991555 -0.0018392 -0.0105518 0.00485057 -0.0293822 0.00457356 0.00166318 -0.00112972 0.00444588 0.00848734 -0.00111344 -0.0140542 -0.0261462 0.0434457 0.035052 0.0634286 -0.0296872 0.0440383
internal_weight=13.3402 11.6711 7.14478 4.95782 4.52629 2.95959 2.18696 1.92167 1.71122 0.696909 0.832533 0.525886 1.99822 1.79516 1.57685 1.30988 0.699138 4.04096 3.85188 3.68312 3.32653 3.18255 2.73754 2.12144 1.80743 0.616103 0.499971 0.543802 0.197637 0.610739
internal_count=13490 9958 8529 8227 1429 7880 302 197 111 74 311 60 347 234 194 135 81 541 511 488 453 369 316 183 143 133 63 71 46 54
is_linear=0
shrinkage=0.08


Tree=92
num_leaves=31
num_cat=0
split_feature=12 0 4 4 4 4 8 2 0 9 0 5 1 0 1 2 4 5 11 12 9 4 4 12 12 11 8 6 8 0
split_gain=1.76686 0.618356 0.521476 0.514993 0.360763 0.292708 0.262712 0.239014 0.257615 0.217765 0.345654 0.236486 0.194795 0.21049 0.161493 0.178238 0.155044 0.233895 0.132567 0.28203 0.139406 0.102323 0.176327 0.132444 0.121693 0.236741 0.164536 0.080019 0.0739387 0.0219939
threshold=6.5000000000000009 90.52111410601978 72.281323877068573 1.0000000180025095e-35 66.024884206702396 55.059167663874497 1.5000000000000002 54.692082111436953 69.309262166405034 1.0000000180025095e-35 9.3073593073593077 40.329357549471403 87.026647966339425 81.365740740740748 49.657534246575345 76.533166458072614 93.444300429770124 49.753479221820136 5.5000000000000009 2.5000000000000004 1.0000000180025095e-35 23.670062252405213 46.885775862068975 2.5000000000000004 3.5000000000000004 5.5000000000000009 13.500000000000002 1.0000000180025095e-35 3.5000000000000004 88.067796610169509
decision_type=2 2 2 2 2 2 2 2 2 2 2 2 2 2 2 2 2 2 2 2 2 2 2 2 2 2 2 2 2 2
left_child=1 2 3 12 21 -5 -4 -7 -9 16 -11 -12 13 14 -1 18 -8 -18 28 20 -20 23 27 -3 -25 26 -26 -23 -16 -15
right_child=-2 4 6 5 -6 7 9 8 -10 10 11 -13 -14 29 15 -17 17 -19 19 -21 -22 22 -24 24 25 -27 -28 -29 -30 -31
leaf_value=-0.081278214765585569 0.080099788838034036 0.043597273115886015 0.084396201742869478 -0.080046639270148184 0.080053626941334652 -0.08126497332542354 -0.040341182221756679 0.070199020061231701 -0.043899389683152129 -0.075149558269284267 -0.062603153837223799 0.084744316863146263 0.084315053480851332 -0.049643276113393031 0.011065398504426756 -0.083319082807200573 -0.080092795480111181 0.082512649165461152 -0.080266001071181606 -0.081624484438991202 0.070136840202438724 -0.080172003333765493 0.024573243555682068 -0.017299952801086021 0.081581063405268675 -0.0075811830263235007 -0.022042353498648054 -0.010319027894254873 0.065206377418079664 -0.08758540047353236
leaf_weight=0.14706708503945076 1.5409736451401848 0.6252974923700102 0.24588893612963181 1.9636118299386001 0.44804172465228465 0.28341538878157724 0.90415156487142645 0.2418142820824869 0.26591413641290274 0.1502562453970312 0.082349753123708069 0.45421034828177653 0.1317952824756502 0.1984142833680379 0.29383806996338513 0.12497398038976815 0.083696657093241811 0.17497028390062042 0.048569760314421728 0.21837086667073891 0.20984797687560786 0.28139984798326612 0.30683291342575103 1.1197670313995334 0.43805992815759942 0.90899222856387496 0.1263537835329771 0.16738581540994346 0.35827104366035201 0.19277631072327495
leaf_count=92 3532 22 105 7569 888 251 31 22 38 4 7 88 7 39 19 10 3 64 77 31 37 295 37 23 133 22 3 6 29 6
internal_value=-0.000214557 -0.0112684 -0.0264584 -0.041313 0.012001 -0.0634941 0.00670764 -0.0224107 0.0104419 -0.00362022 0.0320969 0.0621298 -0.00955334 -0.0164565 -0.00196862 0.00733364 -0.0247165 0.0298985 0.0173693 -0.0146917 0.0418685 0.00432869 -0.0221643 0.0105486 0.00257951 0.0176876 0.0583832 -0.0541186 0.0408106 -0.0683409
internal_weight=12.7373 11.1963 6.7742 4.67868 4.42213 2.75476 2.09552 0.791144 0.507728 1.84963 0.686816 0.53656 1.92392 1.79213 1.40094 1.25387 1.16282 0.258667 1.1289 0.476789 0.258418 3.97409 0.755619 3.21847 2.59317 1.47341 0.564414 0.448786 0.652109 0.391191
internal_count=13490 9958 8529 8227 1429 7880 302 311 60 197 99 95 347 340 295 203 98 67 193 145 114 541 338 203 181 158 136 301 48 45
is_linear=0
shrinkage=0.08


Tree=93
num_leaves=31
num_cat=0
split_feature=12 3 4 10 4 11 3 11 3 12 4 0 2 3 11 11 0 8 2 12 11 5 11 4 2 2 1 12 2 1
split_gain=1.62311 0.558232 0.463949 0.640688 0.330676 0.28344 0.263152 0.269991 0.355167 0.222689 0.222467 0.205322 0.307498 0.327778 0.231344 0.222646 0.184159 0.142679 0.226684 0.273177 0.24277 0.39627 0.279676 0.139975 0.170355 0.125002 0.324021 0.102307 0.069885 0.0445957
threshold=6.5000000000000009 90.002828054298661 72.281323877068573 1.0000000180025095e-35 66.024884206702396 2.5000000000000004 88.850524475524495 2.5000000000000004 87.877122877122886 2.5000000000000004 94.559548978153643 9.3073593073593077 22.431865828092246 53.615759347217157 4.5000000000000009 5.5000000000000009 99.450549450549474 8.5000000000000018 73.765182186234838 4.5000000000000009 4.5000000000000009 32.449982449982457 6.5000000000000009 63.686313686313689 54.692082111436953 58.123167155425222 57.93287566742945 3.5000000000000004 92.031746031746039 94.494949494949509
decision_type=2 2 2 2 2 2 2 2 2 2 2 2 2 2 2 2 2 2 2 2 2 2 2 2 2 2 2 2 2 2
left_child=1 2 3 23 5 -3 7 -5 16 29 11 -4 -13 -14 -15 -16 25 18 -11 20 21 -20 27 28 -25 26 -9 -22 -1 -7
right_child=-2 4 10 6 -6 9 -8 8 -10 17 -12 12 13 14 15 -17 -18 -19 19 -21 22 -23 -24 24 -26 -27 -28 -29 -30 -31
leaf_value=-0.077155160455764732 0.080092210834824651 0.07037362166898016 -0.083967591318784507 -0.061191519945087869 0.080074346509597202 0.025685421892655762 -0.083758119249263352 -0.080958678977957194 0.062607296593918352 0.075763663933472294 0.081723392750525009 0.079553776541966159 -0.049505176156145983 0.082993645782996547 -0.064925013494014014 0.06500991528879134 0.041914142781373009 -0.060117620843427498 0.076020940336338563 0.053544525952304446 -0.085271024450842517 -0.077410620851985593 0.034264474948368068 -0.081591625739834153 0.020032470869257014 -0.072127773460110595 0.064413180661762284 -0.037227039242799409 0.08148825740391033 0.084689864154990677
leaf_weight=2.0099355634301892 1.4226270707731608 0.37876582206808995 0.17766530066728625 0.35403635719558257 0.41806872253073368 0.1448190477676693 0.25819776894059021 0.18783979257568695 0.63495338405482471 0.21119931516295842 0.22700129711301986 0.30110392672941078 0.66524527408182599 0.29332127858651802 0.21197763411328197 0.14023597331834026 0.27266565430909395 0.32214235264109436 0.33344449597643722 0.35853035477339279 0.44525694442563668 0.15915070250048302 0.27754422687576141 0.19080077539547335 0.23633337643695995 0.32390661019599065 0.20546189570450224 0.78163714401307516 0.017929865047335514 0.18892687372863293
leaf_count=7858 3532 55 4 12 889 42 13 132 10 35 135 9 17 87 25 29 11 40 72 80 25 35 55 49 14 143 24 50 1 7
internal_value=-0.000201091 -0.0108486 -0.0249741 -0.0387663 0.0127272 0.00490928 -0.0077979 0.00211322 0.0159068 -0.0027849 0.00711707 -0.00234661 0.00664983 -0.0100972 0.030514 -0.0131906 -0.0140492 -0.00993272 -0.00363425 -0.0107531 -0.0222965 0.0264493 -0.0382572 -0.0669854 -0.025363 -0.0353251 -0.00501602 -0.0546629 -0.0757525 0.0590867
internal_weight=12.1507 10.7281 6.70861 4.69206 4.01949 3.60142 2.23706 1.97886 1.62483 3.22265 2.01655 1.78955 1.61188 1.31078 0.645535 0.352214 0.989874 2.88891 2.56676 2.35556 1.99703 0.492595 1.50444 2.455 0.427134 0.717208 0.393302 1.22689 2.02787 0.333746
internal_count=13490 9958 8573 8267 1385 496 345 332 320 441 306 171 167 158 141 54 310 392 352 317 237 107 130 7922 63 299 156 75 7859 49
is_linear=0
shrinkage=0.08


Tree=94
num_leaves=31
num_cat=0
split_feature=12 3 4 10 4 11 3 11 3 4 9 1 12 3 1 4 2 6 9 8 11 2 12 6 9 8 2 1 3 8
split_gain=1.49089 0.501681 0.417598 0.598034 0.30889 0.254703 0.24253 0.232663 0.310271 0.205197 0.218044 0.275433 0.196591 0.158109 0.177913 0.14183 0.16208 0.222536 0.130334 0.21483 0.208965 0.324785 0.321701 0.174722 0.127202 0.104014 0.218073 0.102183 0.100224 0.163867
threshold=6.5000000000000009 90.002828054298661 72.281323877068573 1.0000000180025095e-35 66.024884206702396 2.5000000000000004 88.850524475524495 2.5000000000000004 88.007724301841975 94.559548978153643 1.0000000180025095e-35 11.942959001782535 2.5000000000000004 54.19941226229259 38.16526610644258 52.419984387197509 49.253065774804917 1.0000000180025095e-35 1.0000000180025095e-35 5.5000000000000009 6.5000000000000009 97.100840336134468 3.5000000000000004 1.5000000000000002 1.0000000180025095e-35 5.5000000000000009 56.635220125786169 69.028213166144226 85.548589341692818 3.5000000000000004
decision_type=2 2 2 2 2 2 2 2 2 2 2 2 2 2 2 2 2 2 2 2 2 2 2 2 2 2 2 2 2 2
left_child=1 2 3 15 5 -3 7 -5 24 10 13 -12 -7 -4 -15 -1 -17 -18 19 20 21 -14 -23 27 25 -9 -27 -20 29 -26
right_child=-2 4 9 6 -6 12 -8 8 -10 -11 11 -13 18 14 -16 16 17 -19 23 -21 -22 22 -24 -25 28 26 -28 -29 -30 -31
leaf_value=-0.078426350357506169 0.080085200179452531 0.068622519641625024 -0.050635804281116026 -0.057067842054788875 0.080068660422328131 0.056982486196953834 -0.083462827950247634 -0.080904061833105306 0.064347501726042838 0.081593168274816941 -0.064998352230290837 0.062465643186014122 0.061830320452874787 0.069666999223446865 -0.031831910772269323 -0.080972434684337125 -0.061935020919043612 0.063246680971213817 -0.081174777060924783 -0.071595582395996504 0.050241988215912803 -0.096216616106247627 -0.0083596112229663011 -0.08774837277271276 -0.083012121748291659 -0.081141398273273227 0.050301527972076453 0.048004672697151141 0.069857402970007046 0.035112961386912368
leaf_weight=1.6617122152092618 1.3133605985203765 0.35821045274497088 0.61740006739273645 0.34944727926631491 0.38595236389664922 0.31922666268656064 0.23915559623856086 0.21301520521228645 0.5382789832074194 0.20986949067446392 0.13861152762547124 0.49941050607594661 0.25773073290474768 0.19340150477364659 0.25792737619485706 0.26920492631325021 0.18100613437127322 0.18254613841418177 0.0423854196560568 0.39891825037193474 0.33551680232631031 0.39613975197426043 0.81653957231901586 0.080504938960075378 0.11632420739624649 0.14724638828192838 0.17895967062213458 0.51975761953508481 0.16413703793659806 0.21239232829248067
leaf_count=7441 3532 55 14 12 889 49 13 122 7 135 5 106 44 7 39 378 89 14 19 60 26 10 60 1 20 76 48 172 5 42
internal_value=-0.000177708 -0.0104311 -0.024278 -0.0377155 0.0121228 0.00468329 -0.0074934 0.00197034 0.015108 0.00694516 -0.00223389 0.0347738 -0.00254934 -0.0243272 0.011662 -0.0661527 -0.0339204 0.000920964 -0.00922333 -0.0184636 -0.00672706 -0.0197262 -0.0370594 0.0224789 -0.0105729 -0.0374237 -0.00903059 0.0382646 0.0188039 -0.00668842
internal_weight=11.5943 10.2809 6.37005 4.45343 3.91088 3.52493 2.15896 1.9198 1.57035 1.91662 1.70675 0.638022 3.16672 1.06873 0.451329 2.29447 0.632757 0.363552 2.84749 2.20485 1.80593 1.47041 1.21268 0.642648 1.03207 0.539221 0.326206 0.562143 0.492854 0.328717
internal_count=13490 9958 8573 8267 1385 496 345 332 320 306 171 111 441 60 46 7922 481 103 392 200 140 114 70 192 313 246 124 191 67 62
is_linear=0
shrinkage=0.08


Tree=95
num_leaves=31
num_cat=0
split_feature=12 0 4 4 4 4 0 9 4 4 0 1 0 1 2 8 11 0 1 4 4 6 9 11 2 11 12 1 1 2
split_gain=1.36982 0.465383 0.403938 0.348611 0.357237 0.303733 0.21948 0.224572 0.258418 0.291505 0.149749 0.279585 0.255416 0.114018 0.146444 0.156441 0.111495 0.144558 0.286856 0.0805778 0.181348 0.0740692 0.0718589 0.106454 0.0510344 0.160544 0.141387 0.0208622 0.0170587 0.015593
threshold=6.5000000000000009 88.675213675213698 78.142959770114956 1.0000000180025095e-35 55.059167663874497 66.024884206702396 9.3073593073593077 1.0000000180025095e-35 84.016806722689083 95.093431159004936 22.431865828092253 45.035211267605639 69.309262166405034 49.657534246575345 51.66852057842047 7.5000000000000009 5.5000000000000009 59.175084175084187 87.609649122807028 23.670062252405213 46.885775862068975 1.0000000180025095e-35 1.0000000180025095e-35 6.5000000000000009 99.450549450549474 4.5000000000000009 3.5000000000000004 67.156862745098053 83.935483870967758 42.947558770343583
decision_type=2 2 2 2 2 2 2 2 2 2 2 2 2 2 2 2 2 2 2 2 2 2 2 2 2 2 2 2 2 2
left_child=1 2 3 13 -5 19 -4 8 -8 -10 -6 29 -13 -1 -15 16 27 -18 -19 22 21 -21 24 -24 25 -3 -26 -16 -22 -12
right_child=-2 5 6 4 10 -7 7 -9 9 -11 11 12 -14 14 15 -17 17 18 -20 20 28 -23 23 -25 26 -27 -28 -29 -30 -31
leaf_value=-0.081312723846533888 0.080078718076034436 -0.014263643048541672 -0.075771139810389757 -0.080039623743060076 0.057962936326931808 0.08004330107403991 0.086638868541319719 0.083185148506165166 -0.040711607865683661 0.08178716278975133 -0.082025830904240038 0.074640025944495453 -0.046208852062559494 0.058578713479108105 0.037693074030438395 -0.085538455244727682 0.066848281739707874 -0.081597283766534315 0.084324700103632522 -0.08016622818432069 0.0058646075766238736 -0.010010021494819674 0.079532840538248384 -0.005274686129213787 -0.038601608836463942 0.044013253129640793 0.01248463170841865 0.0079606519126261092 0.044001841099759818 -0.044131786645226503
leaf_weight=0.12652250885730421 1.212478810077301 0.5679851536406213 0.16324118711054314 1.5506327323528242 0.13836425800400298 0.36317367246374477 0.19450030737789326 0.30075478932121769 0.62666500071645714 0.15509620372904465 0.37669659723178484 0.22188590299629141 0.22586571709689451 0.21678574025281694 0.27101845150173154 0.16377547415322613 0.082876231812406331 0.33696785352367442 0.083139481022953987 0.26649577700300131 0.13841951033100486 0.15082038776017725 0.21134584094397713 0.17167121736565605 0.52985449880361568 0.64735667081549764 1.0031574293971059 0.34115974251471926 0.16399734752485529 0.085219278887961991
leaf_count=92 3532 24 5 7528 33 904 9 126 33 94 191 42 41 39 22 50 6 109 3 329 16 8 89 12 10 16 61 19 26 21
internal_value=-0.000169825 -0.0100225 -0.0250064 -0.0374892 -0.0556544 0.0101059 0.0115764 0.022742 0.00412146 -0.0164087 -0.0195749 -0.0313688 0.0136785 -0.00839047 -0.00222201 -0.012528 -0.00180552 -0.0297123 -0.0487612 0.00351049 -0.0206267 -0.0548114 0.00905832 0.0415214 0.00453419 0.0167778 -0.00517229 0.0211235 0.026546 -0.0750347
internal_weight=11.0879 9.87544 5.66117 4.22091 2.59866 4.21428 1.44026 1.27702 0.976262 0.781761 1.04803 0.909667 0.447752 1.62225 1.49572 1.27894 1.11516 0.502984 0.420107 3.8511 0.719733 0.417316 3.13137 0.383017 2.74835 1.21534 1.53301 0.612178 0.302417 0.461916
internal_count=13490 9958 8463 8196 7856 1495 267 262 136 127 328 295 83 340 248 209 159 118 112 591 379 337 212 101 111 40 71 41 42 212
is_linear=0
shrinkage=0.08


Tree=96
num_leaves=31
num_cat=0
split_feature=12 11 5 3 4 4 5 5 6 4 4 3 2 0 3 11 3 11 11 11 11 2 2 4 12 11 4 0 2 0
split_gain=1.25863 0.431762 0.350516 0.401809 0.382921 0.285416 0.241299 0.2343 0.286917 0.173207 0.178563 0.162119 0.154484 0.11627 0.11134 0.107666 0.0994358 0.204592 0.168777 0.155283 0.380087 0.107655 0.119099 0.0829186 0.0695306 0.337129 0.0426705 0.0415159 0.0365664 0.132796
threshold=6.5000000000000009 8.5000000000000018 78.815646656090863 70.420701303054258 66.024884206702396 69.183285849952526 70.632463511720488 20.521541950113384 1.0000000180025095e-35 52.843665768194079 63.686313686313689 48.79160694378087 86.72955974842769 9.3073593073593077 83.123503752794377 3.5000000000000004 90.002828054298661 2.5000000000000004 6.5000000000000009 4.5000000000000009 5.5000000000000009 99.450549450549474 73.401360544217695 46.885775862068975 3.5000000000000004 5.5000000000000009 80.206185567010323 89.564428312159734 51.66852057842047 99.450549450549474
decision_type=2 2 2 2 2 2 2 2 2 2 2 2 2 2 2 2 2 2 2 2 2 2 2 2 2 2 2 2 2 2
left_child=1 2 3 4 -1 7 11 14 9 -9 27 -6 26 -4 28 -13 19 -18 21 -16 -21 22 -19 -10 -23 -26 -3 -11 -5 -30
right_child=-2 12 13 5 6 -7 -8 8 23 10 -12 15 -14 -15 16 -17 17 18 -20 20 -22 24 -24 -25 25 -27 -28 -29 29 -31
leaf_value=-0.080023519187081935 0.080072724048197833 -0.079126575723649464 -0.053542900269789383 0.074985007734129791 0.051232062601081936 0.08011772535655233 -0.055688782190786171 -0.080219481261224135 -0.0129133834110988 0.0081372182412740995 -0.071656862814912348 0.022978607937384269 0.03819670976575034 0.08216390079233124 -0.044921640830539254 -0.044991079817667999 0.082327193685943406 -0.011847543676558771 0.057522979049636346 0.060443135490754293 -0.051037383069487297 -0.038104972854329414 0.060835578839222131 0.064190810051821812 0.08112795382163325 -0.031840697362733948 0.080294161205356679 0.08073824787844458 -0.0479126003553084 0.083581142842226799
leaf_weight=0.82130957645130775 1.1193394128640655 0.7260498388786808 0.045360432006419482 0.18439999344991509 0.38973120047012322 0.29296309332130466 0.53362226521130651 0.58810280922625657 0.15904960969055537 0.11680564031121321 0.16836737387347966 0.26739230993553065 0.0832581493887119 0.36993979374528863 0.5745771597576097 0.33729850657982752 0.24922432497260194 0.27778025995939981 0.34610551502555598 0.43041096261003986 0.35898477910086513 0.52587335940916091 0.30022929876577109 0.2034429024788551 0.23219098511617631 0.62188957328908145 0.010906696901656687 0.088680405635386705 0.087971391083556227 0.11139415763318539
leaf_count=4194 3532 2395 2 5 21 559 23 1713 22 35 8 17 26 538 19 32 33 6 14 11 38 12 36 26 89 11 9 13 48 3
internal_value=-0.000165203 -0.00961596 -0.00437511 -0.00797752 -0.0359696 0.00313406 -0.012291 -0.000875091 -0.0302966 -0.0531538 -0.0105772 0.010997 -0.0650975 0.0673416 0.0081849 -0.0149351 0.00415615 0.013472 0.00602413 -0.0132827 0.00974637 -0.00307922 0.0259055 0.0303601 -0.0152198 -0.00112895 -0.0767672 0.0394692 0.0493081 0.0255586
internal_weight=10.6227 9.50331 8.6831 8.2678 2.34935 5.91844 1.52804 5.62548 1.32445 0.961956 0.373853 0.994422 0.820215 0.4153 4.30103 0.604691 3.91727 2.55329 2.30407 1.36397 0.789396 1.95796 0.57801 0.362493 1.37995 0.854081 0.736957 0.205486 0.383766 0.199366
internal_count=13490 9958 7528 6988 4287 2701 93 2142 1817 1769 56 70 2430 540 325 49 269 201 168 68 49 154 42 48 112 100 2404 48 56 51
is_linear=0
shrinkage=0.08


Tree=97
num_leaves=31
num_cat=0
split_feature=12 3 12 4 4 5 3 2 12 3 3 0 5 5 4 4 5 2 1 12 3 0 3 8 12 2 2 4 2 1
split_gain=1.15608 0.386527 0.329251 0.249046 0.230332 0.202339 0.238492 0.304651 0.180498 0.156538 0.152486 0.207824 0.273136 0.179319 0.119856 0.25169 0.22561 0.0780063 0.141071 0.212897 0.112105 0.213329 0.0754569 0.0754126 0.0746253 0.0629253 0.0592977 0.0477407 0.0342118 0.0315256
threshold=6.5000000000000009 90.002828054298661 1.5000000000000002 66.024884206702396 94.559548978153643 73.065407646245987 86.076511723570562 58.578637510513055 2.5000000000000004 88.850524475524495 54.19941226229259 28.869047619047624 58.863819500402911 65.648320895522403 1.0000000180025095e-35 63.686313686313689 59.611795446061969 72.318007662835257 75.615615615615624 4.5000000000000009 97.370370370370395 87.609649122807028 83.123503752794377 6.5000000000000009 3.5000000000000004 92.031746031746039 53.694939934473986 70.320320320320334 30.094339622641517 94.494949494949509
decision_type=2 2 2 2 2 2 2 2 2 2 2 2 2 2 2 2 2 2 2 2 2 2 2 2 2 2 2 2 2 2
left_child=1 2 5 8 9 6 -1 -8 29 10 11 12 28 14 22 25 27 -10 -19 20 21 -20 26 -21 -22 -16 -12 -17 -4 -3
right_child=-2 3 4 -5 -6 -7 7 -9 17 -11 13 -13 -14 -15 15 16 -18 18 19 23 24 -23 -24 -25 -26 -27 -28 -29 -30 -31
leaf_value=-0.07930426687596806 0.080067180625618892 0.035506471780275509 -0.082371736011870172 0.080060950918368082 0.081500029344855604 0.08231207364984805 0.053995530194702691 -0.077483024319556018 0.034570002029080144 -0.076015356759987246 0.076113652623544317 -0.084221113801201494 0.022098111980181353 0.083091529240374801 -0.080091873069117012 0.019226707167856568 -0.064208997593079464 -0.071374532641873809 -0.034265828963009635 0.068935969967039337 -0.044850120389545042 0.073471355483634829 -0.0011306591688456523 -0.019258373752760155 -0.0085439219501671736 0.081331561822384213 0.012899268677711864 0.082830666673156167 0.015046617396952183 0.084497272491205144
leaf_weight=1.085906032458295 1.0333490922057542 0.16616460325894955 0.26543452138139512 0.30695234311860975 0.16844054692774069 0.067716789635596686 0.23129964141116932 0.22013848366623279 0.33927082715672474 0.24452039321477048 0.17162353944149866 0.35639147674373817 0.54573031325708143 0.16279957789811295 0.38360017124068679 0.14031807679566555 0.15875974661321379 0.19660355860833112 0.22233568951196558 0.32661708713567339 0.56928241820423864 0.24975579549209215 0.91210777941159904 0.076602944784099236 0.99669412767980248 0.016103921458125114 0.21263300768623594 0.16356726491358131 0.025267644974519499 0.17014177807141095
leaf_count=5211 3532 43 478 889 119 26 30 116 32 157 14 411 26 59 1722 17 19 71 42 81 30 51 42 24 115 1 39 35 51 7
internal_value=-0.000143465 -0.00919925 -0.0224985 0.0111233 -0.0100219 -0.0530266 -0.058988 -0.0101184 0.00473711 -0.0141231 -0.00981681 -0.0330645 -0.0112675 0.00212819 -0.00397767 -0.02709 0.0130822 -0.00153843 -0.00618249 -0.000932403 -0.0114406 0.0227316 0.0113968 0.052181 -0.0217424 -0.0735882 0.0411332 0.0534617 -0.0739042 0.0602916
internal_weight=10.1861 9.15278 5.53236 3.62042 3.9273 1.60506 1.53734 0.451438 3.31347 3.75886 3.51434 1.19282 0.836432 2.32151 2.15871 0.862349 0.462645 2.97716 2.63789 2.44129 2.03807 0.472091 1.29636 0.40322 1.56598 0.399704 0.384257 0.303885 0.290702 0.336306
internal_count=13490 9958 8573 1385 3190 5383 5357 146 496 3071 2914 966 555 1948 1889 1794 71 446 414 343 238 93 95 105 145 1723 53 52 529 50
is_linear=0
shrinkage=0.08


Tree=98
num_leaves=31
num_cat=0
split_feature=12 0 12 4 4 1 8 3 0 0 3 0 12 3 0 4 9 4 4 3 4 4 4 0 9 6 12 1 12 2
split_gain=1.06229 0.355247 0.317673 0.238085 0.216122 0.148624 0.134622 0.126123 0.13016 0.121477 0.109801 0.102407 0.168125 0.192902 0.15699 0.17146 0.0980083 0.137561 0.0961361 0.095391 0.131052 0.0879024 0.0782789 0.0767762 0.0727649 0.149245 0.0922368 0.283076 0.120782 0.129483
threshold=6.5000000000000009 90.52111410601978 1.5000000000000002 66.024884206702396 94.559548978153643 87.026647966339425 16.500000000000004 86.478835978835988 60.943257184966846 56.635220125786169 90.773852584197428 83.935483870967758 2.5000000000000004 82.940069840645307 80.901722391084107 66.024884206702396 1.0000000180025095e-35 84.016806722689083 76.79487179487181 90.002828054298661 24.67444613563335 80.206185567010323 63.686313686313689 97.014260249554383 1.0000000180025095e-35 1.5000000000000002 2.5000000000000004 56.635220125786169 3.5000000000000004 75.931034482758633
decision_type=2 2 2 2 2 2 2 2 2 2 2 2 2 2 2 2 2 2 2 2 2 2 2 2 2 2 2 2 2 2
left_child=1 2 7 23 5 6 11 18 -9 -8 -10 12 13 -4 15 19 17 -17 -1 22 -21 -18 -14 -3 26 -26 27 -25 29 -28
right_child=-2 3 4 -5 -6 -7 9 8 10 -11 -12 -13 14 -15 -16 16 21 -19 -20 20 -22 -23 -24 24 25 -27 28 -29 -30 -31
leaf_value=-0.080045739722595072 0.080062057268851974 0.060051842881181455 -0.060376559813133737 0.080036179284552686 0.081390086353658922 0.075101547358659523 0.062828426020045638 0.084977614700350534 -0.075319062293683653 -0.079878925443211568 0.053745541778076278 -0.067590005142497689 -0.080798018610091407 0.071969625471359294 0.042656572781240389 0.0019872188708060924 -0.011989975857294175 -0.061187328163426077 -0.0045651377253120382 0.030637292359520039 -0.085092107585964083 0.056217620551549913 0.022870639592575976 -0.081420229368917685 0.035559788913104871 -0.084098686160872627 -0.0056547063128826605 0.076255283657721856 0.0058895857637710717 -0.062505436621351787
leaf_weight=0.8719147915544434 0.95396002779307387 0.1490311528323226 0.098527738853592672 0.28336773658520531 0.1551759342837612 0.11325289211526968 0.21343981289828651 0.069361059868242592 0.15856632744544186 0.046490262378938496 0.057478150469250977 0.29358894990582474 0.63004154992813788 0.24764154967851937 0.2011937939969356 0.44635790496249661 0.30645747369271703 0.43612942151958123 0.12325970979873091 0.15486734174191952 0.1051377259864239 0.19974012854800094 0.05033997047576122 0.10072180363931771 0.66642394754308032 0.07413086190354079 0.57754824624862544 0.26353531877975911 1.2697861182386985 0.46111147417104803
leaf_count=5121 3532 30 438 888 123 30 126 2 108 85 28 178 1981 71 34 34 25 19 9 5 63 33 16 82 230 2 34 23 124 16
internal_value=-0.000134698 -0.00880414 -0.0229108 0.00945968 -0.01102 -0.0150672 -0.0180444 -0.0572518 -0.0103703 0.0373042 -0.0409817 -0.0225828 -0.0179891 0.0343009 -0.0251429 -0.0309997 -0.0131377 -0.0292339 -0.0706969 -0.0573769 -0.01616 0.014924 -0.0731278 0.00384557 0.00139147 0.0235818 -0.00475704 0.032656 -0.0106606 -0.0308935
internal_weight=9.77858 8.82462 4.97896 3.84566 3.69838 3.54321 3.42995 1.28058 0.285406 0.25993 0.216044 3.17002 2.87643 0.346169 2.53027 2.32907 1.38868 0.882487 0.995175 0.940387 0.260005 0.506198 0.680382 3.56229 3.41326 0.740555 2.6727 0.364257 2.30845 1.03866
internal_count=13490 9958 8529 1429 3261 3138 3108 5268 138 211 136 2897 2719 509 2210 2176 111 53 5130 2065 68 58 1997 541 511 232 279 105 174 50
is_linear=0
shrinkage=0.08


Tree=99
num_leaves=31
num_cat=0
split_feature=12 11 4 0 9 4 12 11 1 4 8 1 11 4 8 11 12 1 0 2 8 12 11 8 0 12 8 12 11 1
split_gain=0.976042 0.362504 0.272341 0.255361 0.186585 0.241226 0.172154 0.231991 0.147949 0.139043 0.137148 0.122362 0.130701 0.155633 0.121826 0.199874 0.156403 0.161278 0.140518 0.113218 0.095213 0.178011 0.0867237 0.0875153 0.077091 0.0768431 0.137545 0.0989573 0.124054 0.734018
threshold=6.5000000000000009 8.5000000000000018 94.559548978153643 88.675213675213698 1.0000000180025095e-35 81.165540540540562 1.5000000000000002 1.5000000000000002 86.72955974842769 66.024884206702396 20.500000000000004 57.93287566742945 5.5000000000000009 72.281323877068573 1.5000000000000002 5.5000000000000009 2.5000000000000004 86.72955974842769 69.098143236074279 58.123167155425222 4.5000000000000009 5.5000000000000009 5.5000000000000009 1.5000000000000002 97.014260249554383 4.5000000000000009 7.5000000000000009 2.5000000000000004 4.5000000000000009 68.133462282398469
decision_type=2 2 2 2 2 2 2 2 2 2 2 2 2 2 2 2 2 2 2 2 2 2 2 2 2 2 2 2 2 2
left_child=1 2 3 4 6 11 7 -1 -3 24 14 12 13 -6 15 -8 18 20 -16 -13 -18 -22 23 -21 -5 27 -27 -26 29 -29
right_child=-2 8 -4 9 5 -7 10 -9 -10 -11 -12 19 -14 -15 16 -17 17 -19 -20 22 21 -23 -24 -25 25 26 -28 28 -30 -31
leaf_value=0.065003830172496516 0.080057325794789913 -0.07605611213335918 0.080783718920871092 0.058409617228313185 -0.062226859036735895 0.083005628192688863 0.056797502061024574 -0.079487887519467032 0.050821939313952263 0.08003940474900148 0.050648227518356848 0.076436165507974801 -0.076425618953632479 0.057481372642027052 0.072722018828976706 -0.081907119684008087 -0.080721553812556315 0.080106111591280074 -0.080320483632240744 -0.066422967550276837 -0.053834416263690711 0.032739792741483191 -0.059198118630152376 0.066261047299334255 0.032383370328565315 0.066590139027081482 -0.042513844260013783 -0.1041646991659004 -0.021138051717034981 0.063644871127388522
leaf_weight=0.079595106522900472 0.88066605423227962 0.62310274076298799 0.23781473284179799 0.16985936717537775 0.12906641385052331 0.21630125513183884 0.24158003971388131 0.6675594531261595 0.064950327359838411 0.16983172978507344 0.16499162081163365 0.15362945025844965 0.26158806815510616 0.15062649769242853 0.14480070963327296 0.091738574716146104 0.43409128383791518 0.06393368646968145 0.052251637462177314 0.043775912825367413 0.70114058580657002 0.19407697828137316 0.12352956371614709 0.11643517960328609 0.46637904718227297 0.2741160497535019 0.10127208837366197 0.2308931706065781 1.5679919503018025 0.60117508468101732
leaf_count=51 3532 2409 490 61 330 80 126 2992 21 528 59 51 629 9 67 138 339 5 172 35 626 36 198 59 123 72 21 10 96 125
internal_value=-0.000129361 -0.00840025 -0.00352002 -0.00615377 -0.0199657 0.00654966 -0.0311389 -0.064095 -0.0640792 0.00939044 -0.0193495 -0.0103486 -0.0357766 0.0022411 -0.0253534 0.0186221 -0.0345704 -0.0440056 0.0321403 0.0211206 -0.0499748 -0.0350657 -0.00882964 0.0300066 0.00587358 0.00312089 0.0371561 -0.00133635 -0.00788876 0.0170789
internal_weight=9.41876 8.5381 7.85005 7.61223 4.03071 1.19495 2.83576 0.747155 0.688053 3.58152 2.08861 0.978651 0.541281 0.279693 1.92361 0.333319 1.59029 1.39324 0.197052 0.43737 1.32931 0.895218 0.283741 0.160211 3.41169 3.24183 0.375388 2.86644 2.40006 0.832068
internal_count=13490 9958 7528 7038 6002 1391 4611 3043 2430 1036 1568 1311 968 339 1509 264 1245 1006 239 343 1001 662 292 94 508 447 93 354 231 135
is_linear=0
shrinkage=0.08


Tree=100
num_leaves=31
num_cat=0
split_feature=12 11 4 3 12 4 1 2 0 8 4 11 11 11 1 11 0 0 8 4 11 3 1 0 11 11 12 12 4 1
split_gain=0.897481 0.331791 0.250028 0.256613 0.253511 0.164587 0.135626 0.12267 0.117434 0.121069 0.118363 0.0956164 0.0943719 0.0915021 0.127117 0.0913002 0.0837147 0.177224 0.12246 0.120403 0.145078 0.181863 0.220666 0.211989 0.20464 0.252604 0.163851 0.143899 0.0841422 0.165562
threshold=6.5000000000000009 8.5000000000000018 94.559548978153643 86.076511723570562 1.5000000000000002 69.183285849952526 86.72955974842769 58.578637510513055 89.897959183673478 16.500000000000004 66.024884206702396 1.5000000000000002 1.5000000000000002 7.5000000000000009 69.631093544137045 3.5000000000000004 69.098143236074279 76.5331664580726 5.5000000000000009 34.656167979002632 2.5000000000000004 88.850524475524495 71.503759398496257 97.100840336134468 6.5000000000000009 4.5000000000000009 4.5000000000000009 3.5000000000000004 48.404074702886255 78.629976580796267
decision_type=2 2 2 2 2 2 2 2 2 2 2 2 2 2 2 2 2 2 2 2 2 2 2 2 2 2 2 2 2 2
left_child=1 2 3 4 11 7 -3 -5 9 10 13 -1 -9 -6 -15 -11 18 -18 -14 20 -19 -22 -23 -24 25 26 -25 -27 -21 -30
right_child=-2 6 -4 5 8 -7 -8 12 -10 15 -12 -13 16 14 -16 -17 17 19 -20 28 21 22 23 24 -26 27 -28 -29 29 -31
leaf_value=0.047628453260626487 0.080052947894882737 -0.075302903524476897 0.080725015894950056 0.067595493650344465 -0.080473844951420861 0.080103862516645155 0.048156498476705639 0.06010593710558066 0.050581648499959012 0.06327004913506043 -0.011132689950610484 -0.074814751060424386 -0.080252547741824873 -0.080666428697436815 0.072092328630125921 -0.074019988626451858 -0.078287712050506594 -0.048517898067441854 0.079039615978169969 -0.082452805039101892 0.060218394296302026 -0.072130177694984421 0.0726539608224437 0.073328863077646411 0.073085062696794517 -0.066243232082061815 -0.049009510226701705 -0.0083108200613870309 -0.069572821162742091 0.04446047761305956
leaf_weight=0.043580794532316225 0.81299989124818317 0.5807230654900194 0.21968384130741458 0.1793047622340963 0.33668328331987174 0.18381238004076283 0.063139146484900266 0.16075081445160311 0.18027062001056027 0.17918060116062395 1.2700347843347115 0.64366307707678061 0.038282323541352858 0.06893941989983432 0.070532762692891993 0.037486571753106546 0.20036592845281154 0.29418600755161683 0.15990464683272876 0.17336672366945993 0.40357701110770028 0.23115385150595136 0.29884219964151282 0.30992508801864449 0.21696163539309066 0.40918817580677547 0.09053237282205373 0.83308340999064967 0.16563857022265438 0.16038494708482176
leaf_count=51 3532 2409 490 42 1363 556 21 29 80 24 90 3534 86 277 25 136 183 23 26 186 24 34 42 62 22 11 30 52 15 35
internal_value=-0.000121706 -0.00806765 -0.0033721 -0.00588923 -0.0247702 0.00596195 -0.0631961 0.00281124 -0.0112121 -0.0168873 -0.0238859 -0.0670502 9.57379e-06 -0.0579021 -0.00341449 0.0395169 -0.00241441 -0.00506678 0.0482703 -0.000976554 0.00491829 0.0105462 0.0021574 0.0101127 6.2703e-05 -0.00958164 0.0456715 -0.027393 -0.0374211 -0.013475
internal_weight=9.01618 8.20318 7.55932 7.33963 2.83037 4.50926 0.643862 4.32545 2.14313 1.96286 1.74619 0.687244 4.14614 0.476155 0.139472 0.216667 3.98539 3.78721 0.198187 3.58684 3.08745 2.79326 2.38969 2.15853 1.85969 1.64273 0.400457 1.24227 0.49939 0.326024
internal_count=13490 9958 7528 7038 5580 1458 2430 902 1995 1915 1755 3585 860 1665 302 160 831 719 112 536 300 277 253 219 177 155 92 63 236 50
is_linear=0
shrinkage=0.08


Tree=101
num_leaves=31
num_cat=0
split_feature=12 11 1 5 3 12 6 5 5 5 5 11 2 1 1 11 0 11 0 0 0 3 0 10 11 9 6 3 11 12
split_gain=0.82488 0.305482 0.275102 0.235022 0.273502 0.253905 0.120047 0.119837 0.198573 0.15418 0.181154 0.117788 0.112467 0.105038 0.101712 0.164621 0.100594 0.0794186 0.0734077 0.158779 0.0976381 0.0915166 0.103604 0.0706491 0.0636223 0.128216 0.124251 0.0559764 0.490952 0.301395
threshold=6.5000000000000009 7.5000000000000009 69.028213166144226 78.815646656090863 86.076511723570562 1.5000000000000002 1.5000000000000002 53.907203907203915 72.377109317681587 66.8737060041408 59.611795446061969 8.5000000000000018 58.578637510513055 86.72955974842769 45.035211267605639 4.5000000000000009 9.3073593073593077 1.5000000000000002 69.098143236074279 80.901722391084107 81.365740740740748 90.002828054298661 77.097902097902121 1.0000000180025095e-35 6.5000000000000009 1.0000000180025095e-35 1.5000000000000002 98.856209150326819 4.5000000000000009 4.5000000000000009
decision_type=2 2 2 2 2 2 2 2 2 2 2 2 2 2 2 2 2 2 2 2 2 2 2 2 2 2 2 2 2 2
left_child=1 3 -3 4 5 -1 7 14 9 10 -9 23 -6 -13 -7 -16 -5 -14 -19 21 -21 -20 -23 -4 25 27 -27 28 -22 -29
right_child=-2 2 11 16 12 6 -8 8 -10 -11 -12 13 17 -15 15 -17 -18 18 19 20 24 22 -24 -25 -26 26 -28 29 -30 -31
leaf_value=-0.077560360975013717 0.080048901093572045 -0.076380063771196438 -0.048935973981182504 -0.055996120343646413 0.070186827092274473 -0.07552919890871769 0.071728513849846798 0.045762532382508575 -0.046328844112625951 0.084662526478382641 -0.06684982389351124 -0.079293315942353421 0.059178460334558328 0.045494190638192163 0.029795873880361166 -0.075471525155364719 0.082005176137017369 0.050606862879044701 -0.077337883695161327 0.087186839389909704 -0.042556715832423542 0.033575517268469086 -0.07919871933010153 0.059529630776651514 0.040788202211355866 0.04922189977783635 -0.063646507752669196 -0.033133848610269141 0.078058104067861123 0.078678149889629276
leaf_weight=0.49507221451494876 0.75052986487571605 0.7153090739957404 0.047204524511471391 0.038380610290914663 0.17622741051309265 0.32589248414296867 0.10156325355637807 0.21990079783427063 0.35472715304058511 0.20879477352718823 0.15647877147421241 0.14453732543915976 0.16527799940377041 0.061555271618999541 0.22370757358294213 0.16535474933334626 0.28358232000027783 0.19307981710881028 0.24416617696260834 0.093014912796207105 0.52124492644361553 0.14573530013149139 0.081175874904147349 0.20682444277917966 0.27390354137605744 0.4858438742085126 0.07162410877936054 1.1725795562815617 0.36879554549523164 0.17766875504457869
leaf_count=2807 3532 3248 159 2 36 871 49 61 29 15 35 245 77 21 189 417 528 119 191 7 90 31 27 12 59 396 30 103 52 52
internal_value=-0.000107695 -0.00770439 -0.0453396 -0.00114463 -0.00448863 -0.026958 -0.012695 -0.0178763 0.000899704 0.0295292 -0.00105575 0.00291607 0.0076422 -0.0420221 -0.0425599 -0.0149437 0.0655543 0.00488262 0.00253884 -1.38499e-05 0.00643631 -0.0433457 -0.00676867 0.0393742 0.00399105 0.000388568 0.0347204 -0.00815449 0.00742102 -0.0184214
internal_weight=8.66975 7.91922 1.17543 6.74379 6.42183 2.25149 1.75642 1.65486 0.939901 0.585174 0.37638 0.460122 4.17034 0.206093 0.714955 0.389062 0.321963 3.99411 3.82883 3.63575 3.16468 0.471077 0.226911 0.254029 3.07166 2.79776 0.557468 2.24029 0.89004 1.35025
internal_count=13490 9958 3685 6273 5743 4473 1666 1617 140 111 96 437 1270 266 1477 606 530 1234 1157 1038 789 249 58 171 782 723 426 297 142 155
is_linear=0
shrinkage=0.08


Tree=102
num_leaves=31
num_cat=0
split_feature=12 11 1 4 11 5 4 1 0 4 4 4 6 4 5 12 2 11 0 8 8 5 0 12 4 11 11 0 6 1
split_gain=0.758371 0.281692 0.324487 0.298378 0.182926 0.172273 0.169579 0.167867 0.329586 0.186898 0.178196 0.182718 0.159081 0.119771 0.0999634 0.0722752 0.202482 0.348381 0.215307 0.126359 0.0633991 0.0701198 0.0587316 0.0578287 0.127294 0.112426 0.0945474 0.131946 0.0764165 0.0470496
threshold=6.5000000000000009 5.5000000000000009 86.72955974842769 81.892697466467965 6.5000000000000009 79.388422035480872 94.559548978153643 49.657534246575345 26.365441906653427 72.281323877068573 66.024884206702396 22.660960902548151 1.0000000180025095e-35 52.843665768194079 79.388422035480872 3.5000000000000004 99.450549450549474 2.5000000000000004 89.08730158730161 4.5000000000000009 8.5000000000000018 72.377109317681587 67.2316384180791 2.5000000000000004 1.0000000180025095e-35 8.5000000000000018 7.5000000000000009 58.397435897435905 1.0000000180025095e-35 45.035211267605639
decision_type=2 2 2 2 2 2 2 2 2 2 2 2 2 2 2 2 2 2 2 2 2 2 2 2 2 2 2 2 2 2
left_child=1 6 3 5 -4 23 7 8 9 -1 11 15 13 -13 20 16 17 -9 22 -17 -10 29 -19 24 25 26 27 -3 -26 -22
right_child=-2 2 4 -5 -6 -7 -8 10 14 -11 -12 12 -14 -15 -16 19 -18 18 -20 -21 21 -23 -24 -25 28 -27 -28 -29 -30 -31
leaf_value=-0.081399382661927963 0.080045162199362516 0.067565317799642075 -0.013923657308103523 0.083602501615565289 0.056231392062099962 0.085023475159966402 0.080755480167085364 -0.041839136688813464 -0.079315689399745593 0.04767549884918286 0.081179860019467323 -0.080283451974661413 0.029761424723065963 -0.0024723268254383183 0.082444793417143586 0.074006347289236163 -0.032498545716119008 0.051722172891443881 0.095446704259855783 0.0067130808547821667 -0.075782726269837536 0.080982037956431371 -0.034385757543035508 -0.074305742529507376 -0.077007415520543354 -0.081073431938690266 0.062663487250476907 -0.082672724796969924 0.03698647912563386 -1.1568395889464738e-05
leaf_weight=0.085918468248564528 0.69285744040098496 0.059169781976379676 0.74441353911242891 0.10733565027476277 0.34956965177843813 0.05559253692626942 0.18203430602443393 0.29577989655081294 0.47623700617259601 0.43679758239886723 0.22097848357225292 0.33254830959049275 0.22270399081025971 0.20443339400662808 0.031938211934175342 0.34657031032838848 0.50756017887033522 0.080914888749248348 0.43334621709072962 0.36843452329048887 0.13250898748083273 0.031996607489418238 0.1357382486021379 0.77924499791697599 0.54369038747245213 0.10741707197303185 0.13890907863969915 0.10174352491594618 0.040435118302411865 0.086806399027409498
leaf_count=182 3532 17 74 63 74 1 434 10 640 19 552 1192 27 36 4 124 14 13 16 20 306 5 37 1595 4166 100 38 61 36 102
internal_value=-9.68702e-05 -0.00736407 -0.0263254 -0.0460258 0.00849358 -0.0536447 0.00507962 0.00197086 -0.0224308 0.0264596 0.0119066 0.00667859 -0.0270843 -0.0506601 -0.0560795 0.0185075 0.00826301 0.030138 0.062891 0.0393308 -0.0621605 -0.0296514 -0.00222646 -0.0579985 -0.0451805 -0.010848 0.0143116 -0.0274284 -0.0691164 -0.045792
internal_weight=8.33362 7.64077 3.02752 1.93354 1.09398 1.8262 4.61325 4.43121 1.2822 0.522716 3.14901 2.92803 0.759686 0.536982 0.759487 2.16834 1.45334 0.945779 0.649999 0.715005 0.727549 0.251312 0.216653 1.77061 0.991365 0.407239 0.299822 0.160913 0.584126 0.219315
internal_count=13490 9958 6225 6077 148 6014 3733 3299 1258 201 2041 1489 1255 1228 1057 234 90 76 66 144 1053 413 50 6013 4418 216 116 78 4202 408
is_linear=0
shrinkage=0.08


Tree=103
num_leaves=31
num_cat=0
split_feature=12 5 3 4 4 5 5 4 4 9 0 0 4 5 2 4 9 1 2 2 8 3 12 2 12 12 4 4 4 5
split_gain=0.697597 0.233211 0.291698 0.311374 0.182769 0.135863 0.185605 0.127065 0.174779 0.125325 0.10914 0.0981628 0.0899526 0.0897277 0.149315 0.084005 0.0614171 0.112446 0.0586687 0.0962828 0.0428226 0.0342965 0.0341953 0.0619854 0.0388016 0.0459147 0.0340832 0.170552 0.0189825 0.00020518
threshold=6.5000000000000009 78.815646656090863 82.696216575415704 66.024884206702396 69.183285849952526 70.632463511720488 66.8737060041408 22.660960902548151 46.885775862068975 1.0000000180025095e-35 89.897959183673478 9.3073593073593077 63.686313686313689 59.611795446061969 29.70843183609141 55.059167663874497 1.0000000180025095e-35 69.631093544137045 75.204918032786892 70.65997130559542 13.500000000000002 90.773852584197428 2.5000000000000004 72.850122850122872 3.5000000000000004 4.5000000000000009 34.656167979002632 34.507566360704544 58.60162601626017 23.57572950440019
decision_type=2 2 2 2 2 2 2 2 2 2 2 2 2 2 2 2 2 2 2 2 2 2 2 2 2 2 2 2 2 2
left_child=1 2 3 10 7 6 13 16 26 12 -1 -3 15 14 -5 -10 22 -18 19 -12 -16 -19 -4 -24 -25 -26 27 -9 -11 -28
right_child=-2 11 4 5 -6 -7 -8 8 9 28 18 -13 -14 -15 20 -17 17 21 -20 -21 -22 -23 23 24 25 -27 29 -29 -30 -31
leaf_value=-0.080019021373669688 0.080041713091479075 -0.056350035638489823 0.020444888706464749 -0.038772714735983684 0.080130276382910232 -0.044682909840457335 0.084287497713823198 -0.080144281390294753 -0.080825984909599871 0.032529216573288063 -0.080316880891226641 0.081683326866281547 -0.083545857646934257 -0.061680897812907622 0.014882788675509118 0.055852593915412023 -0.016013344732806696 0.030359674102871218 -0.080974934766526827 0.077940214464833041 0.078996263559121718 0.080747773724465885 0.013663287178719667 -0.028458813359997764 -0.012759623870657807 0.023848985081677966 -0.085344215674151083 0.078277445660613343 0.080966313849138952 -0.080078593300022607
leaf_weight=0.80732757940859334 0.63961448324698711 0.037980310153216013 0.46223554680909806 0.23316463641822316 0.18013573873031408 0.42059627056005411 0.17511777457548305 0.16692390731623152 0.04207481137564173 0.14223603029677179 0.037051237668492831 0.25010088685667142 0.11671209475025535 0.1546891174511984 0.12602043754304759 0.09107725671492517 0.21818438159971254 0.16190001805080101 0.048273521228111349 0.073236163996625692 0.14157849914045073 0.18551183195086196 0.92199211506522272 0.60005095752421778 0.85388018726371206 0.29501925990916789 0.062220239982707426 0.058816470882447902 0.081424889533082023 0.19830463317339309
leaf_count=6876 3532 2 39 16 527 38 12 538 58 33 82 547 5 33 38 13 19 13 29 10 10 95 38 16 46 34 3 7 25 756
internal_value=-8.90576e-05 -0.00706808 -0.00994872 -0.0339791 0.00106184 -0.00763712 0.0111227 -0.00199555 -0.0279324 0.00666248 -0.0681013 0.0634852 -0.0322761 -0.00842484 0.00802631 0.0126634 0.00473476 0.0289978 -0.00742139 0.0247735 0.0488033 0.057266 0.000354841 -0.00312196 -0.0119706 -0.00335911 -0.0616209 -0.0388676 0.050163 -0.0813362
internal_weight=7.98345 7.34384 7.05576 2.21706 4.8387 1.25117 0.83057 4.65856 0.95979 0.473525 0.965889 0.288081 0.249864 0.655453 0.500764 0.133152 3.69877 0.565596 0.158561 0.110287 0.267599 0.347412 3.13318 2.67094 1.74895 1.1489 0.486265 0.22574 0.223661 0.260525
internal_count=13490 9958 9409 7144 2265 147 109 1738 1438 134 6997 549 76 97 64 71 300 127 121 92 48 108 173 134 96 80 1304 545 58 759
is_linear=0
shrinkage=0.08


Tree=104
num_leaves=31
num_cat=0
split_feature=12 11 1 4 3 4 9 8 4 3 12 1 11 3 1 3 1 11 8 11 1 11 4 4 12 2 11 12 1 2
split_gain=0.64125 0.245656 0.227221 0.184756 0.184564 0.24229 0.148151 0.138765 0.115813 0.113681 0.101264 0.100155 0.0957391 0.0934288 0.0862836 0.0847505 0.245299 0.0832117 0.0783492 0.0710593 0.157002 0.0934299 0.0703708 0.096712 0.0870664 0.131558 0.676733 0.130254 0.228531 0.0616754
threshold=6.5000000000000009 7.5000000000000009 69.028213166144226 94.559548978153643 86.076511723570562 66.024884206702396 1.0000000180025095e-35 21.500000000000004 69.183285849952526 44.459298871063588 2.5000000000000004 87.026647966339425 8.5000000000000018 54.19941226229259 86.72955974842769 90.287087912087927 58.578637510513055 2.5000000000000004 3.5000000000000004 6.5000000000000009 87.609649122807028 5.5000000000000009 34.656167979002632 48.404074702886255 3.5000000000000004 99.450549450549474 2.5000000000000004 4.5000000000000009 77.485187623436488 78.319623971797895
decision_type=2 2 2 2 2 2 2 2 2 2 2 2 2 2 2 2 2 2 2 2 2 2 2 2 2 2 2 2 2 2
left_child=1 3 -3 4 5 7 13 11 10 -8 15 -1 18 -7 -14 16 -6 -9 -4 21 -21 22 24 -24 25 26 -12 -26 -29 -25
right_child=-2 2 12 -5 8 6 9 17 -10 -11 19 -13 14 -15 -16 -17 -18 -19 -20 20 -22 -23 23 29 27 -27 -28 28 -30 -31
leaf_value=-0.075922530378062889 0.080038523852290558 -0.075035962544167362 -0.043207122030469558 0.080687104455949649 0.058582215948785946 -0.045804842166857436 -0.041490888621332093 0.081170257487545611 0.080087291820483547 0.058929329619441147 -0.10043140244467724 0.070412121504856734 -0.079011006146668963 0.0090067661995568357 0.040909813128005443 0.072347451548981673 -0.082366952142661334 -0.080164634993531325 0.064955987531331388 -0.081727840852358624 0.076375882817831212 -0.02836594014508401 -0.082191413645370276 -0.036262757031519627 0.057319315044109198 -0.03304373850010129 0.082744100805749843 -0.086276131837497202 0.067492194589862567 0.04268788609614739
leaf_weight=0.67053338538244167 0.59046116004174098 0.59347601452463994 0.05752988643507706 0.17335033416748036 0.2301040112506606 0.435014573857188 0.091733262641355395 0.067948017211165279 0.13413245943956997 0.33792583348986227 0.19247482522041648 0.031332194339483976 0.12157580518396571 0.3668878048483748 0.056125909250113182 0.23405335927964188 0.12035496715543559 0.029275316781422589 0.16808724172005896 0.051622430932184105 0.18163412663852796 0.77440674706303969 0.13331614479830012 0.13075219282472972 0.46479068124608591 0.51505732044461183 0.39191415331879398 0.13239318132400513 0.11610405007377267 0.12280038482276723
leaf_count=4161 3532 3248 120 482 35 20 6 13 542 77 6 4 245 35 21 28 64 143 51 87 14 114 156 14 109 19 56 2 58 28
internal_value=-7.82666e-05 -0.00671609 -0.0435488 -0.000726672 -0.00309601 -0.0226763 -0.000417075 -0.0569823 0.00703174 0.0374894 0.00444743 -0.06939 0.00278402 -0.0207273 -0.0411348 0.0350718 0.0101773 0.03259 0.0373756 -0.00113374 0.0413857 -0.00446861 0.00394484 -0.0270293 0.0105553 -0.00356666 0.0224133 0.0323225 -0.0144318 0.00197456
internal_weight=7.71717 7.12671 0.996795 6.12991 5.95656 2.03065 1.23156 0.799089 3.92591 0.429659 3.79178 0.701866 0.403319 0.801902 0.177702 0.584512 0.350459 0.0972233 0.225617 3.20727 0.233257 2.97401 2.1996 0.386869 1.81273 1.09945 0.584389 0.713288 0.248497 0.253553
internal_count=13490 9958 3685 6273 5791 4459 138 4321 1332 83 790 4165 437 55 266 127 99 156 171 663 101 562 448 198 250 81 62 169 60 42
is_linear=0
shrinkage=0.08


Tree=105
num_leaves=31
num_cat=0
split_feature=12 5 3 4 4 2 1 4 6 4 0 0 5 3 9 3 2 2 2 1 2 12 0 4 4 2 4 3 1 3
split_gain=0.589906 0.207293 0.243294 0.272375 0.158774 0.116211 0.170708 0.107027 0.186874 0.132401 0.101227 0.0876059 0.0871662 0.0831904 0.0523692 0.0967452 0.0522775 0.083405 0.0275836 0.157708 0.0724325 0.0072946 0.00502076 6.25088e-05 4.49331e-05 1.88101e-05 5.62153e-06 1.4446e-06 1.30468e-06 7.4836e-07
threshold=6.5000000000000009 78.815646656090863 82.696216575415704 66.024884206702396 69.183285849952526 38.529014844804323 28.86904761904762 22.660960902548151 1.0000000180025095e-35 52.843665768194079 89.897959183673478 9.3073593073593077 57.247899159663866 61.740246823367038 1.0000000180025095e-35 90.478467908902715 75.204918032786892 70.65997130559542 71.897435897435912 86.576576576576585 65.648320895522403 3.5000000000000004 83.527131782945744 80.206185567010323 70.320320320320334 43.288288288288292 52.419984387197509 64.42053317053319 78.629976580796267 96.015384615384633
decision_type=2 2 2 2 2 2 2 2 2 2 2 2 2 2 2 2 2 2 2 2 2 2 2 2 2 2 2 2 2 2
left_child=1 2 3 10 7 6 -5 14 9 26 -1 -3 -11 -7 18 -16 17 -12 20 -20 -4 -21 -17 -13 -15 -25 29 -26 -24 -9
right_child=-2 11 4 5 -6 13 -8 8 -10 12 16 23 -14 24 15 22 -18 -19 19 21 -22 -23 28 25 27 -27 -28 -29 -30 -31
leaf_value=-0.080016360123165098 0.080035577740762906 -0.054508561642875389 -0.0061237411015838119 0.0057834406630943389 0.080122840399735148 -0.042006288835494114 -0.06392700902248151 -0.080047868681171239 0.032860430635413523 0.043647534481034221 -0.080271432014732233 0.084167799429662835 -0.049450878870377316 0.083324015722943373 0.0017841447262591859 0.04935933129674773 -0.080831372303534349 0.077144964567604724 -0.05040142464227821 -0.00043603963951257472 0.037559474357980363 0.010430562538681735 0.080914781067920466 0.081663858217587801 0.080884016645713236 0.080013935505564723 -0.081531744788994109 0.080163430542589786 0.080339939570235011 -0.080300209833809172
leaf_weight=0.69186625907605082 0.54508360637555586 0.034926977939903625 0.61871187097131108 0.64511338199372381 0.15659144188975904 0.046489621963701211 0.34508208720944822 0.24696230795962026 0.24208634765818715 0.12131735470029525 0.031819288422411773 0.048063826048746705 0.13710324262501672 0.060348588041961193 0.33353594793879882 0.042960178543580696 0.04140670585911721 0.066689204686554149 0.39582460105884831 0.67756304319482297 0.3999809828819707 0.94925728611997329 0.032486910000443459 0.097758423260529526 0.027483338431920856 0.080752294670674019 0.019153438581270166 0.050564598859637044 0.11373186539276503 0.10815819233539514
leaf_count=6876 3532 2 39 37 527 13 28 1303 36 35 82 4 12 2 30 3 29 10 32 19 15 68 4 20 6 523 3 61 90 49
internal_value=-6.8696e-05 -0.00643013 -0.00919701 -0.0324357 0.000951556 -0.00763953 -0.0185106 -0.00184142 -0.0269155 -0.0497874 -0.0674661 0.063427 -0.00574518 0.0505826 0.0043129 0.0277043 -0.00540616 0.0262978 0.000292622 -0.00511423 0.0110281 0.00590467 0.0734033 0.081607 0.0816847 0.0809175 -0.0801967 0.0804172 0.0804677 -0.0801247
internal_weight=7.40887 6.86379 6.60229 2.00686 4.59543 1.17508 0.990195 4.43883 0.874781 0.632695 0.831781 0.261502 0.258421 0.184886 3.56405 0.522715 0.139915 0.0985085 3.04134 2.02264 1.01869 1.62682 0.189179 0.226575 0.138397 0.178511 0.374274 0.0780479 0.146219 0.355121
internal_count=13490 9958 9409 7144 2265 147 65 1738 1438 1402 6997 549 47 82 300 127 121 92 173 119 54 87 97 547 69 543 1355 67 94 1352
is_linear=0
shrinkage=0.08


Tree=106
num_leaves=31
num_cat=0
split_feature=12 4 3 4 4 4 6 4 0 9 3 5 5 4 2 2 9 1 3 12 2 12 12 2 0 3 3 8 4 1
split_gain=0.542514 0.194755 0.193479 0.287978 0.148049 0.0951717 0.167617 0.127393 0.0939356 0.0921521 0.139911 0.0757033 0.0725635 0.0679027 0.0481292 0.0763622 0.0457915 0.0944162 0.0328256 0.0287744 0.0471423 0.0277638 0.047006 0.000325602 3.49237e-05 1.47353e-05 1.1305e-05 4.62598e-06 4.41375e-06 5.94549e-07
threshold=6.5000000000000009 94.559548978153643 82.696216575415704 66.024884206702396 69.183285849952526 22.660960902548151 1.0000000180025095e-35 52.843665768194079 89.897959183673478 1.0000000180025095e-35 44.459298871063588 57.247899159663866 50.170068027210895 85.215543412264751 75.204918032786892 70.65997130559542 1.0000000180025095e-35 69.631093544137045 90.773852584197428 2.5000000000000004 72.850122850122872 3.5000000000000004 4.5000000000000009 23.904761904761909 81.016731016731029 93.578227931488826 40.137871387871392 21.500000000000004 52.419984387197509 53.229166666666679
decision_type=2 2 2 2 2 2 2 2 2 2 2 2 2 2 2 2 2 2 2 2 2 2 2 2 2 2 2 2 2 2
left_child=1 2 3 8 5 16 7 28 -1 13 -11 -9 -12 -5 15 -10 19 -18 -19 -4 -21 -22 -23 -14 -20 -26 -3 -28 -7 -6
right_child=-2 26 4 9 29 6 -8 11 14 10 12 -13 23 -15 -16 -17 17 18 24 20 21 22 -24 -25 25 -27 27 -29 -30 -31
leaf_value=-0.080015105519836663 0.080032850260814165 0.081844475121892787 0.019384718351553483 -9.712670815213397e-05 0.080456573630712167 -0.080115142870844064 0.030639819803328021 0.041039395060582282 -0.080250613852080474 -0.051229841440327058 0.0039166821686110751 -0.046731071892575575 0.076433993924405558 -0.047577712868060694 -0.080767334619690379 0.076212448272086258 -0.015799787354033878 0.028007147400422157 0.082794208130320235 0.012281004507276112 -0.02453088283408603 -0.01254042266020511 0.025483889604151221 0.082955006675071857 0.078140450058766492 0.080302075510595122 0.080069631621372941 0.081435950426861053 -0.081411894850897115 0.080035602703188422
leaf_weight=0.63868266766075965 0.50319203719845962 0.03879750684427552 0.43178963744867438 0.42444182778126538 0.026149528581299708 0.32785515055002168 0.23899513375363313 0.11881312925834209 0.029380216546996962 0.11766143492422998 0.13133615229162388 0.13362534146290272 0.083222289802506566 0.353163706662599 0.038252284371992573 0.062285318927024491 0.20512423245963862 0.15184465974743944 0.032609887421131134 0.86718412148184154 0.59727273642783996 0.84490737222949952 0.2760520166484639 0.11918634592439048 0.025608956973883323 0.095249913050793111 0.10405195916973753 0.018710967531660572 0.017705824560835026 0.12002450093859807
leaf_count=6876 3532 5 39 38 19 1352 36 35 82 8 21 12 5 22 29 10 19 13 1 38 16 46 34 37 8 86 490 5 3 573
internal_value=-6.76503e-05 -0.00611053 -0.00826431 -0.0289915 0.000914734 -0.00173759 -0.0259898 -0.0486222 -0.0674013 -0.00497083 0.0237807 -0.00542087 0.0502256 -0.0216613 -0.00539109 0.0260636 0.00401666 0.0261767 0.0543786 0.000267721 -0.002925 -0.0105994 -0.0031764 0.0802738 0.0804709 0.079844 0.0806541 0.0802779 -0.0801816 0.0801109
internal_weight=7.17318 6.66998 6.50842 1.99761 4.51081 4.36464 0.836995 0.597999 0.7686 1.22901 0.451406 0.252438 0.333745 0.777606 0.129918 0.0916655 3.52764 0.510438 0.305313 3.01721 2.58542 1.71823 1.12096 0.202409 0.153469 0.120859 0.16156 0.122763 0.345561 0.146174
internal_count=13490 9958 9458 7128 2330 1738 1438 1402 6997 131 71 47 63 60 121 92 300 127 108 173 134 96 80 42 95 94 500 495 1355 592
is_linear=0
shrinkage=0.08


Tree=107
num_leaves=31
num_cat=0
split_feature=12 11 1 4 3 4 8 9 4 2 4 1 11 11 1 3 11 8 0 0 8 4 11 3 1 11 1 12 11 1
split_gain=0.498731 0.20014 0.202317 0.150846 0.140185 0.198186 0.130167 0.109349 0.10037 0.0933668 0.0920371 0.0838159 0.0804306 0.079919 0.0788669 0.0728701 0.0707569 0.0668479 0.0536942 0.134391 0.0943624 0.0663722 0.107959 0.275826 0.15812 0.130628 0.155681 0.0808874 0.0706267 0.0348684
threshold=6.5000000000000009 7.5000000000000009 69.028213166144226 94.559548978153643 86.076511723570562 66.024884206702396 21.500000000000004 1.0000000180025095e-35 80.206185567010323 58.578637510513055 69.183285849952526 87.026647966339425 1.5000000000000002 8.5000000000000018 86.72955974842769 54.19941226229259 2.5000000000000004 3.5000000000000004 69.098143236074279 76.5331664580726 5.5000000000000009 34.656167979002632 2.5000000000000004 88.850524475524495 71.503759398496257 4.5000000000000009 75.615615615615624 3.5000000000000004 3.5000000000000004 81.120250685468093
decision_type=2 2 2 2 2 2 2 2 2 2 2 2 2 2 2 2 2 2 2 2 2 2 2 2 2 2 2 2 2 2
left_child=1 3 -3 4 5 6 11 15 -9 -6 12 -1 -11 17 -15 -7 -8 -4 20 -20 -14 22 -21 -24 -25 26 -26 -27 -23 -30
right_child=-2 2 13 -5 9 7 16 8 -10 10 -12 -13 18 14 -16 -17 -18 -19 19 21 -22 28 23 24 25 27 -28 -29 29 -31
leaf_value=-0.075416244057397427 0.080030336693510548 -0.074145567875075799 -0.041111260010469108 0.08062534655968398 0.069510727360015817 -0.041357479301625137 0.080690949787235525 -1.9218635479399464e-05 0.082316631779876123 0.061790550187772082 0.080048024675546739 0.069530581748420514 -0.080268145612974795 -0.078792331048427866 0.042144711074102247 0.0086118406972092616 -0.080165027890419932 0.063711123731016159 -0.077851649204433104 -0.043953016771621799 0.07762131373515653 0.034947093373886927 0.086253773634606012 -0.071111569031394012 -0.069024311688529724 -0.028930523616776015 0.070571416268052259 0.0098697801944582185 -0.081621643706020777 -0.025472234448113164
leaf_weight=0.55649198478931783 0.46451878836523963 0.50670528414411808 0.052233847403840628 0.14376246462052211 0.14483994552574619 0.40298639016691573 0.063005167605297174 0.22949487794539891 0.16139252975699492 0.13736038471688594 0.098971327206527238 0.026759999804198742 0.030309911948279811 0.10467846761457622 0.051484500887454487 0.34812705469084904 0.02423280129005434 0.15295171686739195 0.14605778952682191 0.25852906721411351 0.12068087418447249 0.081138257883139775 0.27233429335319703 0.17949130593478924 0.060561250196769945 0.51512386688409595 0.32829810901603196 1.0343174911467938 0.1238010926390416 0.16527672997472109
leaf_count=4161 3532 3248 120 482 37 20 13 25 58 29 536 4 76 245 21 35 143 51 148 23 22 46 20 28 3 26 105 71 104 58
internal_value=-6.00158e-05 -0.00576485 -0.0415305 -0.000273144 -0.00238404 -0.0206093 -0.0551337 -0.000339411 0.0339762 0.00655085 0.00398372 -0.068766 0.00180371 0.00420443 -0.0389213 -0.0181976 0.0360087 0.0370266 -0.000681215 -0.00290475 0.0459266 0.000721295 0.00515611 0.010468 0.000722469 0.00737447 0.0488307 -0.00302968 -0.0310069 -0.0495189
internal_weight=6.98592 6.5214 0.868054 5.65334 5.50958 1.81249 0.67049 1.142 0.390887 3.69709 3.55225 0.583252 3.45328 0.361349 0.156163 0.751113 0.087238 0.205186 3.31592 3.16493 0.150991 3.01887 2.64866 2.39013 2.11779 1.9383 0.388859 1.54944 0.370216 0.289078
internal_count=13490 9958 3685 6273 5791 4459 4321 138 83 1332 1295 4165 759 437 266 55 156 171 730 632 98 484 276 253 233 205 108 97 208 162
is_linear=0
shrinkage=0.08


Tree=108
num_leaves=31
num_cat=0
split_feature=5 11 1 12 12 11 1 0 5 2 1 0 0 12 0 0 8 8 5 3 12 5 1 11 2 11 3 5 1 5
split_gain=0.476743 0.211154 0.286685 0.115716 0.114375 0.169081 0.108535 0.256329 0.166099 0.164616 0.0844554 0.0980902 0.075956 0.124427 0.0861277 0.075217 0.0740623 0.0641158 0.0566392 0.0558835 0.0548968 0.122879 0.124022 0.120109 0.272403 0.383944 0.23475 0.16303 0.108814 0.0693387
threshold=78.815646656090863 5.5000000000000009 81.120250685468093 6.5000000000000009 4.5000000000000009 6.5000000000000009 49.657534246575345 26.365441906653427 66.8737060041408 30.094339622641517 87.026647966339425 91.73497267759565 68.857758620689665 1.5000000000000002 74.754901960784323 9.3073593073593077 14.500000000000002 8.5000000000000018 49.753479221820136 86.076511723570562 3.5000000000000004 22.82097649186257 71.503759398496257 2.5000000000000004 77.058029689608645 4.5000000000000009 90.773852584197428 1.0000000180025095e-35 89.725545390570048 30.820856995353644
decision_type=2 2 2 2 2 2 2 2 2 2 2 2 2 2 2 2 2 2 2 2 2 2 2 2 2 2 2 2 2 2
left_child=1 3 -3 6 5 -4 7 8 9 -1 11 -7 13 -8 -14 -2 20 -9 19 -19 23 22 -22 26 27 28 -16 -25 -26 -23
right_child=15 2 4 -5 -6 10 12 17 -10 -11 -12 -13 14 -15 16 -17 -18 18 -20 -21 21 29 -24 24 25 -27 -28 -29 -30 -31
leaf_value=-0.075750156187128298 -0.044079667566837948 -0.050626854800423761 -0.02873576017014761 0.080064984735687406 0.071121815509004607 -0.078303463297375309 -0.080090217413425688 -0.071916195236167713 0.08352319932812112 0.073700627956430995 0.070433559953702748 0.073830346183912571 -0.064196277852847844 0.073782364153732419 -0.096450594657475616 0.080660086436991796 -0.081191310910283934 -0.080738065158807756 0.027340032228374639 0.061842305417580803 0.0035304084686872544 -0.082362293961954131 0.081557721136971517 0.08944849230045071 -0.043654209515256163 -0.064485189881206009 0.063157331219056617 -0.055056565343550752 0.079579410917435631 0.0082417251434791748
leaf_weight=0.12697998752264616 0.032997075701132306 1.2837174776068425 0.65182713568356099 0.1286946207837899 0.14450751480035251 0.065265698067378253 0.039343332413409704 0.38688125449698418 0.19314737470995169 0.075045863581181038 0.21863322261197027 0.046412996322032996 0.10466196994821109 0.23174943074263865 0.18425430929346553 0.49567811108136084 0.055593487566511501 0.096833407573285513 0.098258659716520924 0.021499268084880896 0.21425736695528019 0.069363942202471662 0.33299753435130697 0.33211047280929029 0.057110210822429508 0.41862716226023622 0.086739861057139933 0.058815674208744895 0.23272628783161053 0.24498447865335038
leaf_count=157 3 5976 57 862 42 56 360 648 9 32 36 9 300 153 45 3194 41 369 43 7 5 16 141 22 68 57 24 259 39 460
internal_value=-4.97152e-05 -0.00626693 -0.0247798 0.0055048 0.00467064 -0.00510668 0.0028845 -0.0196073 0.0304789 -0.0202342 0.0415222 -0.0150776 0.011318 0.051451 0.0067701 0.0728745 0.010017 -0.0524054 -0.0175546 -0.0548334 0.0122888 0.0281116 0.051009 0.00234042 0.0140991 -0.0154816 -0.0453633 0.0677074 0.0552971 -0.0117509
internal_weight=6.72972 6.20104 2.41036 3.79068 1.12665 0.982139 3.66198 0.998646 0.395173 0.202026 0.330312 0.111679 2.66334 0.271093 2.39224 0.528675 2.28758 0.603473 0.216591 0.118333 2.23199 0.861603 0.547255 1.37038 1.09939 0.708464 0.270994 0.390926 0.289836 0.314348
internal_count=13490 10293 6176 4117 200 158 3255 1265 198 189 101 65 1990 513 1477 3197 1177 1067 419 376 1136 622 146 514 445 164 69 281 107 476
is_linear=0
shrinkage=0.08


Tree=109
num_leaves=31
num_cat=0
split_feature=5 11 1 9 1 3 6 9 11 0 5 6 5 2 1 11 8 0 8 2 2 11 11 3 8 5 0 9 3 5
split_gain=0.436482 0.183404 0.252924 0.124089 0.157815 0.218832 0.136221 0.110838 0.0961889 0.0941514 0.0927454 0.0915759 0.134185 0.0774134 0.14248 0.0939657 0.0997462 0.0702611 0.060905 0.0560042 0.0551955 0.341964 0.211613 0.151293 0.047844 0.0443416 0.0421741 0.0419492 0.0408715 0.0383048
threshold=78.815646656090863 5.5000000000000009 81.120250685468093 1.0000000180025095e-35 49.657534246575345 40.137871387871392 1.5000000000000002 1.0000000180025095e-35 6.5000000000000009 88.067796610169509 52.206359506813762 1.0000000180025095e-35 1.0000000180025095e-35 58.123167155425222 57.93287566742945 6.5000000000000009 10.500000000000002 9.3073593073593077 21.500000000000004 28.09758771929825 71.897435897435912 3.5000000000000004 4.5000000000000009 91.726674409601259 9.5000000000000018 48.397370043147738 22.431865828092253 1.0000000180025095e-35 40.137871387871392 21.886405109489051
decision_type=2 2 2 2 2 2 2 2 2 2 2 2 2 2 2 2 2 2 2 2 2 2 2 2 2 2 2 2 2 2
left_child=1 3 7 4 5 -1 18 -3 -4 -10 19 12 20 14 15 16 -9 -2 26 -5 21 -6 23 -22 -14 -26 -7 -11 -12 -21
right_child=17 2 8 10 11 6 -8 13 9 27 28 -13 24 -15 -16 -17 -18 -19 -20 29 22 -23 -24 -25 25 -27 -28 -29 -30 -31
leaf_value=0.079606583997458708 -0.041458324896726337 -0.069668021044053355 -0.011287982479978682 -0.081094653893933541 -0.029769489618190998 0.019307653126600592 0.077011687455615596 -0.081263453522108939 -0.06257384951834058 0.077025776919440445 -0.075549007561556428 0.078107784195809285 -0.064935835467637121 -0.068212582535047306 0.073125326876897712 -0.071904896181118352 0.07405041517745603 0.080611572779014332 0.031922107395779886 0.051915889271837025 -0.018367811024804798 0.078222136519215696 -0.033424348249382917 0.081693993157887002 -0.080016436014670497 0.068330757603513231 -0.076291554148851942 0.011281323202859801 0.077761886791466034 0.0055141896449381247
leaf_weight=0.092254610106466184 0.032306519569828995 0.6853525557125979 0.76890652090514755 0.037049172795377561 0.34584791119414171 0.031398538252688013 0.047932471323292702 0.039995895174797624 0.049295411692583002 0.20325435564154759 0.0116310336306924 0.11400035842962086 0.21580530512073881 0.16236489039147273 0.11344859032396926 0.16531268462858861 0.078219262250058819 0.457832789652457 0.03987137049989542 0.16940721248829504 0.15735117148142308 0.41030063811922446 0.53246803546790034 0.25092985111405142 0.019643704552436247 0.037536768533755094 0.49725629982640385 0.089448455742967781 0.25780660683085443 0.34723440704328823
leaf_count=32 3 4277 81 72 17 37 23 114 50 26 4 442 920 579 87 872 47 3194 57 93 11 33 18 65 203 9 840 43 649 592
internal_value=-8.75486e-06 -0.00596582 -0.0233361 0.00535069 -0.00269547 -0.0353063 -0.0525033 -0.0481013 0.00441164 0.0397087 0.0326486 0.00839522 0.00436084 -0.0216758 -0.00264213 -0.0329591 0.0215029 0.0725656 -0.0634227 0.013916 0.0127354 0.0288288 -0.000199981 0.0431303 -0.0476963 0.0173678 -0.0706136 0.0569346 0.0711438 0.0207293
internal_weight=6.46146 5.97132 2.3556 3.61573 2.7926 0.708713 0.616459 1.24469 1.1109 0.341998 0.823128 2.08388 1.96988 0.559341 0.396976 0.283528 0.118215 0.490139 0.568526 0.553691 1.6969 0.756149 0.940749 0.408281 0.272986 0.0571805 0.528655 0.292703 0.269438 0.516642
internal_count=13490 10293 6176 4117 2707 989 957 5976 200 119 1410 1718 1276 1699 1120 1033 161 3197 934 757 144 50 94 76 1132 212 877 69 653 685
is_linear=0
shrinkage=0.08


Tree=110
num_leaves=31
num_cat=0
split_feature=5 3 11 12 12 3 1 4 4 3 11 11 3 8 5 4 1 8 4 1 8 11 5 12 3 11 11 1 9 3
split_gain=0.39969 0.166501 0.185617 0.163597 0.131945 0.1216 0.108338 0.108263 0.0996526 0.093268 0.0987132 0.189912 0.252574 0.243149 0.213929 0.12493 0.1367 0.097026 0.0814722 0.0788175 0.0719738 0.114088 0.175643 0.149707 0.226207 0.0980304 0.0873264 0.106488 0.06472 0.0633671
threshold=78.815646656090863 90.002828054298661 2.5000000000000004 1.5000000000000002 2.5000000000000004 86.076511723570562 60.99033816425122 66.024884206702396 94.559548978153643 88.850524475524495 5.5000000000000009 3.5000000000000004 87.646581359816665 13.500000000000002 65.648320895522403 81.165540540540562 69.631093544137045 4.5000000000000009 93.895297249334533 73.765182186234838 8.5000000000000018 4.5000000000000009 32.449982449982457 4.5000000000000009 97.370370370370395 5.5000000000000009 5.5000000000000009 87.609649122807028 1.0000000180025095e-35 36.177248677248677
decision_type=2 2 2 2 2 2 2 2 2 2 2 2 2 2 2 2 2 2 2 2 2 2 2 2 2 2 2 2 2 2
left_child=1 3 -3 5 -4 -1 28 20 9 10 11 13 14 -5 18 16 -12 -18 19 -13 21 22 -6 24 26 -26 -23 -28 -7 -2
right_child=29 2 4 8 7 6 -8 -9 -10 -11 15 12 -14 -15 -16 -17 17 -19 -20 -21 -22 23 -24 -25 25 -27 27 -29 -30 -31
leaf_value=-0.077653247236512915 -0.03481070005659978 0.068850800842560483 0.059087811164046232 -0.072212860537647167 0.071440473677509581 -0.021063663935423076 -0.07271877919852969 0.080061560993578917 0.080758570381688308 -0.074319656744544063 -0.069759349281817179 -0.074644755192217763 0.089527520279804165 0.035065181977241323 0.063139096809382331 0.083845598203298316 -0.043412820111870365 0.064811361545303994 0.081619067253985267 0.034725152135373687 -0.053945787514489182 0.078348682081430782 -0.051544109682141126 0.055332900884983043 -0.067300914692477426 -0.018929583201816799 -0.080975362875593926 0.081914207335224615 0.079678234340057011 0.080568231657344391
leaf_weight=0.44775603864764013 0.032836224920174462 0.29117622441117452 0.2298112665448574 0.34636514244994143 0.26321585977712025 0.078675849494175054 0.10574276721672504 0.092817179327539523 0.077707899537926894 0.14119208411648276 0.40496936040290155 0.24494046666222857 0.29187338970223209 0.22180808148914366 0.19370365819486324 0.054505620719282888 0.1084155164026015 0.10375678678246913 0.030446481716353446 0.050940504010213772 0.19957155677548133 0.1718554238832436 0.10356216632499127 0.18295453027531028 0.43379778318922035 0.7021747811086243 0.062433364008029457 0.04363993153674528 0.084805970269371755 0.42173141994135221
leaf_count=5213 10 603 79 301 105 43 91 595 152 164 1692 610 34 49 26 12 124 39 5 40 40 25 59 42 27 23 79 4 17 3187
internal_value=1.1463e-05 -0.00568361 0.00841855 -0.0187917 0.00133987 -0.0521063 -0.00961835 -0.00454267 -0.00827218 -0.0114271 -0.00709902 0.00514254 0.0299683 -0.0303328 -0.00346002 -0.0322526 -0.0425063 0.00951112 -0.0429924 -0.055815 -0.0081728 -0.00352072 0.036715 -0.0127624 -0.0215737 -0.0374013 0.0431183 -0.0139605 0.0311961 0.0722337
internal_weight=6.21918 5.76462 2.77701 2.98761 2.48583 0.716981 0.269225 2.25602 2.27062 2.19292 2.05173 1.38008 0.811905 0.568173 0.520031 0.671647 0.617142 0.212172 0.326327 0.295881 2.16321 1.96363 0.366778 1.59686 1.4139 1.13597 0.277929 0.106073 0.163482 0.454568
internal_count=13490 10293 1681 8612 1078 5364 151 999 3248 3096 2932 1065 715 350 681 1867 1855 163 655 650 404 364 164 200 158 50 108 83 60 3197
is_linear=0
shrinkage=0.08


Tree=111
num_leaves=31
num_cat=0
split_feature=5 0 4 12 11 4 4 6 8 2 2 0 8 4 6 12 0 0 11 9 4 12 2 2 12 12 2 0 2 9
split_gain=0.365897 0.157675 0.161113 0.14917 0.0942982 0.129738 0.0904148 0.147697 0.0874606 0.112273 0.130338 0.111769 0.126352 0.089094 0.0866542 0.0827473 0.0686979 0.0635249 0.0589335 0.0657487 0.0648579 0.0540936 0.157316 0.0993444 0.0802658 0.0533835 0.0770612 0.0469855 0.0700769 0.0392668
threshold=78.815646656090863 88.675213675213698 52.843665768194079 1.5000000000000002 5.5000000000000009 84.725822532402802 23.670062252405213 1.0000000180025095e-35 16.500000000000004 22.431865828092246 43.288288288288292 68.857758620689665 5.5000000000000009 97.158999192897511 1.5000000000000002 2.5000000000000004 87.609649122807028 9.3073593073593077 1.5000000000000002 1.0000000180025095e-35 1.0000000180025095e-35 4.5000000000000009 82.446311858076569 99.450549450549474 3.5000000000000004 2.5000000000000004 55.351882160392812 76.5331664580726 72.06557377049181 1.0000000180025095e-35
decision_type=2 2 2 2 2 2 2 2 2 2 2 2 2 2 2 2 2 2 2 2 2 2 2 2 2 2 2 2 2 2
left_child=1 3 6 18 8 16 15 -8 9 -5 13 -12 27 14 -11 -3 25 -2 -1 -20 -21 23 -23 -17 -25 26 -6 -13 -29 -30
right_child=17 2 -4 4 5 -7 7 -9 -10 10 11 12 -14 -15 -16 21 -18 -19 19 20 -22 22 -24 24 -26 -27 -28 28 29 -31
leaf_value=0.053000032642643032 -0.039185520385411225 0.041663274483012262 0.068758254007987393 0.061790841942902394 0.049855141274554024 0.083323988838843649 -0.080247836778306145 0.024470075130113195 0.056471078166290774 -0.069247869851871091 0.059059406720984677 -0.04991330551790412 -0.076079653995180088 0.081092529631826379 0.070080884648949168 0.023038857669298772 0.040071545877781167 0.080525009533917127 -0.078399752592287583 0.060558910980435282 -0.062283473912413359 -0.062628598481983946 0.082011327242307641 -0.046442676086418083 -0.0025342047019478397 -0.0697981628831814 -0.074301625767289659 0.081320815589301682 -0.035294490743156416 0.052326148262160165
leaf_weight=0.02943715515721157 0.030587479937821516 0.37312322284560773 0.2483414597227237 0.13983178067428559 0.065912122809095197 0.053793404054886196 0.20526181382228958 0.14861036458751187 0.16482485639426148 0.3704293090777353 0.19474160896788817 0.05718532197715831 0.14139738501762622 0.031561822645016946 0.0309559557645116 0.58252610043564357 0.053199034067802131 0.39132568987406557 0.40443890101960278 0.048471759822859894 0.063598970547900535 0.069515552720986196 0.15640492484089918 0.40075781760970131 0.79504432737303432 0.39756843504073913 0.062174886235879967 0.10212903557476238 0.095235454253270291 0.049876771248818841
leaf_count=52 3 28 1256 97 129 28 343 14 83 369 264 105 112 8 20 32 6 3194 4225 38 917 6 58 12 78 1525 307 31 92 58
internal_value=3.221e-05 -0.00544059 0.00706566 -0.020015 -0.00994632 -0.035516 0.00145619 -0.036271 0.00179144 -0.00563643 -0.0144193 0.00849771 -0.0135883 -0.048326 -0.0585024 0.00707189 -0.0465599 0.0718463 -0.0570999 -0.0633748 -0.00915286 0.000632147 0.0375057 -0.00405231 -0.0172496 -0.0553275 -0.010412 0.0154372 0.0305523 -0.00517825
internal_weight=5.95826 5.53635 2.97959 2.55676 2.01082 0.632648 2.73124 0.353872 1.37817 1.21334 1.07351 0.640566 0.445824 0.432947 0.401385 2.37737 0.578854 0.421913 0.545947 0.51651 0.112071 2.00425 0.22592 1.77833 1.1958 0.525655 0.128087 0.304427 0.247241 0.145112
internal_count=13490 10293 1827 8466 3234 1995 571 357 1239 1156 1059 662 398 397 389 214 1967 3197 5232 5180 955 186 64 122 90 1961 436 286 181 150
is_linear=0
shrinkage=0.08


Tree=112
num_leaves=31
num_cat=0
split_feature=12 4 1 11 11 0 1 11 9 4 12 5 1 1 11 11 2 6 1 2 4 5 1 12 11 1 12 2 12 2
split_gain=0.338787 0.128904 0.124634 0.163797 0.142948 0.110745 0.145401 0.115927 0.0968077 0.0928601 0.0880069 0.0862186 0.109957 0.108757 0.180477 0.14051 0.107326 0.090058 0.0786184 0.0786047 0.0658392 0.0709958 0.0752094 0.063454 0.0616809 0.153133 0.143387 0.182656 0.27581 0.0741324
threshold=6.5000000000000009 94.559548978153643 65.485893416927908 7.5000000000000009 4.5000000000000009 88.675213675213698 69.309262166405034 2.5000000000000004 1.0000000180025095e-35 80.206185567010323 4.5000000000000009 79.388422035480872 49.657534246575345 59.35935935935936 2.5000000000000004 5.5000000000000009 17.519181585677753 1.5000000000000002 87.609649122807028 56.635220125786169 76.79487179487181 66.8737060041408 44.590643274853804 4.5000000000000009 6.5000000000000009 87.026647966339425 1.5000000000000002 97.100840336134468 3.5000000000000004 51.31670131670132
decision_type=2 2 2 2 2 2 2 2 2 2 2 2 2 2 2 2 2 2 2 2 2 2 2 2 2 2 2 2 2 2
left_child=1 2 3 8 5 6 -4 -8 11 20 24 12 16 14 -14 19 -1 -18 -12 -16 21 22 -10 -7 26 29 -6 -28 -29 -26
right_child=-2 -3 4 -5 10 23 7 -9 9 -11 18 -13 13 -15 15 -17 17 -19 -20 -21 -22 -23 -24 -25 25 -27 27 28 -30 -31
leaf_value=0.047634323598692511 0.080025697768469337 0.080418408044020784 0.073120457815630049 -0.069668859504193853 0.05729622178221426 0.061434758414999457 0.048009422103056185 -0.071284600863966013 -0.075658026038377513 0.081849523445608238 -0.031450781119179164 0.047950767497730022 -0.049930043110185077 -0.076816014404115937 -0.072793896190444282 -0.08009784517549598 -0.070323240925905917 0.070734437534939923 0.0751724591024759 0.080269030105968156 -0.078415496532596801 0.081938183096837744 0.02557881043773691 -0.0076501391564310463 0.075036767548758057 0.067610118474802833 0.028315671647964606 -0.11552264658478864 -0.02060993857751561 -0.037889955428103923
leaf_weight=0.062801348882203678 0.31995016538348853 0.11156067809497461 0.10622040332964422 0.36906824085599499 0.13330027475967687 0.51089434125606203 0.072300117364648031 0.18692442963219946 0.070969782362226286 0.11755247829569271 0.064328851840400492 0.10446006584243139 0.19809406575586763 0.11001947237309651 0.023386654909700155 0.048062864912935765 0.53148867648997111 0.030637135787401348 0.14186007375246845 0.26238919451134279 0.057780939358053729 0.075188350834650919 0.13885169794593821 0.10209214367932873 0.042910653872240689 0.19029996445169672 0.27210700737487026 0.26564988630707376 0.74680734863795806 0.27977526535687502
leaf_count=42 3532 500 77 3091 198 401 33 140 473 46 29 11 64 481 282 471 1723 19 56 167 7 5 369 195 35 40 221 12 70 700
internal_value=2.83904e-05 -0.00468719 -0.00647313 -0.0210473 0.00382197 0.0291475 -0.00571047 -0.0380124 -0.0112505 0.0204928 -0.00777316 -0.0219063 -0.0276663 -0.00441234 0.0105629 0.0464583 -0.0515539 -0.0626353 0.0419071 0.067743 -0.000548138 0.0152382 -0.00866342 0.0499288 -0.0130783 0.0106931 -0.0216789 -0.0298742 -0.0455133 -0.022873
internal_weight=5.74773 5.42778 5.31622 2.20075 3.11547 0.978431 0.365445 0.259225 1.83168 0.460343 2.13704 1.37134 1.26688 0.641952 0.531933 0.333839 0.624927 0.562126 0.206189 0.285776 0.342791 0.28501 0.209821 0.612986 1.93085 0.512986 1.41786 1.28456 1.01246 0.322686
internal_count=13490 9958 9458 7251 2207 846 250 173 4160 900 1361 3260 3249 1465 984 920 1784 1742 85 449 854 847 842 596 1276 775 501 303 82 735
is_linear=0
shrinkage=0.08


Tree=113
num_leaves=31
num_cat=0
split_feature=5 3 11 11 4 4 2 8 0 11 3 3 2 1 0 2 4 5 0 4 1 1 11 11 0 9 8 4 4 8
split_gain=0.304925 0.1367 0.149665 0.107503 0.130602 0.0867625 0.0851968 0.135981 0.161145 0.104928 0.214426 0.163412 0.129115 0.0815787 0.0903249 0.114445 0.0786718 0.0700374 0.064113 0.0557204 0.141981 0.0482033 0.124956 0.166476 0.0947502 0.0746452 0.049324 0.0392018 0.0380478 0.0359147
threshold=78.815646656090863 90.002828054298661 2.5000000000000004 5.5000000000000009 81.165540540540562 66.024884206702396 22.431865828092246 5.5000000000000009 80.901722391084107 4.5000000000000009 88.007724301841975 86.076511723570562 30.094339622641517 69.631093544137045 99.450549450549474 51.31670131670132 90.21082117057351 53.907203907203915 9.3073593073593077 74.322344322344335 49.657534246575345 87.609649122807028 6.5000000000000009 4.5000000000000009 77.097902097902121 1.0000000180025095e-35 4.5000000000000009 29.666299963329674 85.215543412264751 1.5000000000000002
decision_type=2 2 2 2 2 2 2 2 2 2 2 2 2 2 2 2 2 2 2 2 2 2 2 2 2 2 2 2 2 2
left_child=1 3 -3 6 13 21 17 8 16 10 12 28 -9 29 15 -15 -8 -1 -2 20 -14 24 23 27 -4 -26 -27 -23 -11 -5
right_child=18 2 5 4 -6 -7 7 9 -10 11 -12 -13 19 14 -16 -17 -18 -19 -20 -21 -22 22 -24 -25 25 26 -28 -29 -30 -31
leaf_value=-0.080407228617825094 -0.040728449790295711 0.066260722649021095 0.038264480969360561 -0.014271945151466812 0.08246281491150273 0.080065056256835077 -0.075198757140527817 -0.058375771766864086 0.036877459536193397 -0.0618105237577991 -0.089130939903168491 0.088006706236858356 -0.080648605739244761 0.077399258374495447 0.06534353016211919 -0.08053270150362446 0.080238689041574371 0.080399833731038928 0.080472623117919334 0.081197643413728773 0.055318740442927825 0.08166360764391023 0.064949676583795246 -0.014142314419039809 -0.068634913684153115 -0.072758686204890705 0.049791409419944879 0.016289837432242035 0.080341105984718081 -0.067112206964478546
leaf_weight=0.020460060110054079 0.030455286148935445 0.2549807495743156 0.11626388475269833 0.095570188026613212 0.053621373554051388 0.08701237906643644 0.39146609848103231 0.11322170563289546 0.12454945065110223 0.079157327447319403 0.16520501196646364 0.20002636533172335 0.068906335862266133 0.039391182246617973 0.07776986132375896 0.11537837966898223 0.022011270608345512 0.11345317130326293 0.33723390301383915 0.13096305142244091 0.17144833319980535 0.15583331802190503 0.19570248370291676 1.3236603174809713 0.24852725225355243 0.02998783807925065 0.070277442355290987 0.094188191302237101 0.014214472656021826 0.59391576847701799
leaf_count=98 3 603 50 791 33 625 1084 91 202 423 41 35 299 21 12 482 50 21 3194 72 274 79 24 83 99 36 42 40 7 4576
internal_value=4.24002e-05 -0.00496656 0.00808161 -0.0179427 -0.0389099 0.00169141 -0.00527678 -0.0108015 -0.0428948 0.00750642 -0.0104245 0.0472154 0.0164106 -0.0459685 -0.00499325 -0.0403366 -0.0669241 0.0558308 0.0704337 0.0392144 0.0163388 -0.00136057 0.00466344 -0.00283374 -0.0242799 -0.045128 0.0131385 0.057036 -0.04017 -0.059788
internal_weight=5.53485 5.16716 2.57643 2.59073 0.975647 2.32145 1.61508 1.48117 0.538027 0.943143 0.649744 0.293398 0.484539 0.922025 0.232539 0.15477 0.413477 0.133913 0.367689 0.371318 0.240355 2.23444 1.76938 1.57368 0.465056 0.348793 0.100265 0.250022 0.0933718 0.689486
internal_count=13490 10293 1681 8612 5915 1078 2697 2578 1336 1242 777 465 736 5882 515 503 1134 119 3197 645 573 453 226 202 227 177 78 119 430 5367
is_linear=0
shrinkage=0.08


Tree=114
num_leaves=31
num_cat=0
split_feature=12 4 3 11 12 3 12 3 5 2 0 5 11 8 0 5 3 4 11 3 8 11 2 12 3 0 12 11 1 4
split_gain=0.28902 0.112249 0.110247 0.114229 0.105446 0.0897711 0.0838106 0.12087 0.0889178 0.082777 0.0694893 0.0749163 0.0767353 0.197636 0.126368 0.116771 0.141553 0.098835 0.0762841 0.108552 0.0565814 0.103976 0.115979 0.172454 0.302033 0.097862 0.0716649 0.0521325 0.0408821 0.0577836
threshold=6.5000000000000009 94.559548978153643 90.002828054298661 2.5000000000000004 2.5000000000000004 88.850524475524495 1.5000000000000002 86.076511723570562 78.281378178835112 58.578637510513055 9.3073593073593077 79.388422035480872 3.5000000000000004 13.500000000000002 99.450549450549474 66.8737060041408 87.646581359816665 84.725822532402802 5.5000000000000009 86.076511723570562 8.5000000000000018 4.5000000000000009 73.765182186234838 3.5000000000000004 97.370370370370395 86.72955974842769 4.5000000000000009 5.5000000000000009 94.494949494949509 55.059167663874497
decision_type=2 2 2 2 2 2 2 2 2 2 2 2 2 2 2 2 2 2 2 2 2 2 2 2 2 2 2 2 2 2
left_child=1 2 5 -4 28 6 7 8 -1 -9 -8 12 13 -12 15 16 17 -14 -16 -20 21 25 -23 24 -24 -6 27 -25 29 -5
right_child=-2 -3 3 4 20 -7 10 9 -10 -11 11 -13 14 -15 18 -17 -18 -19 19 -21 -22 22 23 26 -26 -27 -28 -29 -30 -31
leaf_value=-0.077374129309269152 0.080022604865658015 0.080407074966352923 0.062133337119681907 -0.059281319501101958 -0.065480150660833999 -0.074958647094719971 -0.081498591215891189 0.051169422813241168 0.081047655478646605 -0.066137933151719244 -0.074889904514991182 0.081661095963266817 -0.056177737444644917 0.031773844071664316 0.088584522914798264 0.04723545676859793 0.053583594251730232 0.034058833399887314 0.069709984741618075 -0.080544874177364875 -0.04864690219010967 0.076653485566605645 0.046006679910298276 0.031692171605810941 -0.10627854787998262 0.056914850631079927 0.051918728780958469 -0.016472559425761164 0.08389455735406702 0.081539837886060548
leaf_weight=0.34750480411094109 0.27431701934256114 0.098179038148373254 0.21194695672602426 0.038362315521226598 0.048812062836077863 0.16478080380693416 0.073490331469656556 0.11953100216487655 0.024257337034214288 0.056788238220178755 0.28209040506044392 0.065783958008978405 0.47445431830783469 0.18349437140568625 0.15944173574825982 0.18338987804600038 0.12200041932374006 0.092892227985430509 0.07170187794326921 0.053908269950625254 0.17175738256628381 0.09393110761811807 0.11953851108410174 0.17962133759283438 0.27535083847760689 0.29139932464022422 0.15560073330561863 0.7216622972409823 0.12589960959303426 0.036290026990172919
leaf_count=5210 3532 500 201 39 37 189 28 31 5 89 266 35 2336 43 29 17 100 12 17 31 54 30 50 70 22 332 65 72 12 36
internal_value=5.24402e-05 -0.00429684 -0.00597834 0.00597887 0.000708457 -0.0179098 -0.0138415 -0.0411643 -0.0670372 0.0133875 -0.00534573 -0.00203254 -0.00542406 -0.032852 0.00560562 -0.00949913 -0.0245925 -0.0414032 0.0518515 0.00522491 -0.00468847 -0.000685017 -0.00949768 -0.0150717 -0.0601797 0.0393541 0.00178218 -0.00687357 0.0560813 0.00917472
internal_weight=5.31818 5.04386 4.94568 2.47017 2.25823 2.47551 2.31073 0.548081 0.371762 0.176319 1.76265 1.68916 1.62337 0.465585 1.15779 0.872737 0.689347 0.567347 0.285052 0.12561 2.05767 1.88592 1.5457 1.45177 0.394889 0.340211 1.05688 0.901284 0.200552 0.0746523
internal_count=13490 9958 9458 1020 819 8438 8249 5335 5215 120 2914 2886 2851 309 2542 2465 2448 2348 77 48 732 678 309 279 72 369 207 142 87 75
is_linear=0
shrinkage=0.08


Tree=115
num_leaves=31
num_cat=0
split_feature=12 4 0 4 4 2 4 4 6 0 8 8 12 0 0 12 4 1 8 1 12 11 8 5 11 11 1 5 1 0
split_gain=0.266175 0.103028 0.0971452 0.0932352 0.161637 0.143782 0.08763 0.0918096 0.126878 0.0725224 0.0854354 0.0737281 0.064622 0.0635928 0.0607195 0.0912547 0.0535661 0.0506524 0.0633325 0.0438008 0.0384631 0.151452 0.0727281 0.0376719 0.0523819 0.0128749 0.0527846 0.0112383 0.0220625 0.00797903
threshold=6.5000000000000009 94.559548978153643 89.08730158730161 66.024884206702396 1.0000000180025095e-35 44.575163398692816 52.843665768194079 23.670062252405213 1.0000000180025095e-35 58.123167155425229 7.5000000000000009 3.5000000000000004 2.5000000000000004 76.5331664580726 32.071428571428577 5.5000000000000009 55.059167663874497 69.631093544137045 6.5000000000000009 64.747307373653697 3.5000000000000004 5.5000000000000009 13.500000000000002 55.585264408793826 4.5000000000000009 2.5000000000000004 57.93287566742945 53.15824468085107 82.446311858076569 76.5331664580726
decision_type=2 2 2 2 2 2 2 2 2 2 2 2 2 2 2 2 2 2 2 2 2 2 2 2 2 2 2 2 2 2
left_child=1 2 3 4 9 14 7 12 -9 25 11 13 -4 -11 15 -5 -6 18 -13 -8 -14 22 -22 24 27 -1 -27 28 -18 -7
right_child=-2 -3 6 5 16 29 19 8 -10 10 -12 17 20 -15 -16 -17 23 -19 -20 -21 21 -23 -24 -25 -26 26 -28 -29 -30 -31
leaf_value=0.083676756147376852 0.080020866265369958 0.08037610676074651 0.04008570543963786 -0.028253214441470699 -0.080023729205483549 0.080970434219911458 -0.052542086065687117 -0.080227714752576187 0.020020213583878746 -0.080885109010409156 -0.082335981387586618 -0.081146134967187145 -0.012607776951331209 -0.0024085352762649895 -0.052179221816403415 0.039524717922588194 -0.080077181467515995 0.061111374153727908 0.059851889642162537 0.080269948266812691 0.081139314008653651 -0.0070341569476161025 -0.017978610391204103 -0.081926410459350646 -0.080095753014123389 -0.080190984830695908 0.08321949588471475 0.077892556012853553 0.080956232365958045 0.036362596544675448
leaf_weight=0.049073127855081333 0.25323179419865471 0.090664179042505455 0.32070488791214424 0.29809990939975239 0.4050445546345145 0.12225790291631711 0.018091323734552023 0.1929222121798374 0.13903111434774473 0.10380840994548635 0.10898471121254261 0.045852522154746111 0.76149171925499093 0.18186044149115332 0.19016129791270941 0.22167076598270796 0.01020629452978028 0.13485171692445874 0.036712458866531961 0.13074633323412854 0.22836238698801004 0.80297353991772979 0.059780725743621588 0.043930963798629818 0.028690909759461647 0.019173322125425329 0.037190143018960953 0.037758122954983264 0.011672207154333591 0.032481102374731563
leaf_count=2 3532 500 28 29 7532 67 14 339 13 69 93 45 26 36 28 17 52 17 15 540 133 22 3 52 156 62 1 5 1 61
internal_value=5.68946e-05 -0.00410601 -0.00571057 -0.0184815 -0.0324099 0.00173141 0.00448787 0.000944746 -0.0382411 -0.00756328 -0.0181195 -0.00420812 0.00693002 -0.0309259 -0.0134989 0.000652584 -0.0655898 0.030897 -0.0184515 0.0641266 0.00119045 0.0108202 0.0605754 -0.0213854 0.00872552 0.0537166 0.0276317 0.051457 0.00583434 0.0716068
internal_weight=5.11748 4.86425 4.77359 2.11948 1.25481 0.864671 2.6541 2.50527 0.331953 0.717507 0.61207 0.503086 2.17331 0.285669 0.709932 0.519771 0.537303 0.217417 0.082565 0.148838 1.85261 1.09112 0.288143 0.132258 0.0883275 0.105437 0.0563635 0.0596366 0.0218785 0.154739
internal_count=13490 9958 9458 8340 8138 202 1118 564 352 340 275 182 212 105 74 46 7798 77 60 554 184 158 136 266 214 65 63 58 53 128
is_linear=0
shrinkage=0.08


Tree=116
num_leaves=31
num_cat=0
split_feature=12 4 11 9 4 4 8 4 3 5 4 5 3 3 3 5 4 4 1 3 0 12 0 3 11 12 12 0 5 3
split_gain=0.245121 0.0945413 0.0911431 0.0764064 0.134566 0.122612 0.132323 0.100459 0.0760804 0.0775138 0.0967894 0.0767411 0.0761774 0.071969 0.0698854 0.0677978 0.105479 0.0574389 0.062027 0.0480345 0.0852944 0.038936 0.126154 0.0955261 0.0354921 0.094601 0.115901 0.028146 0.0256201 0.0215359
threshold=6.5000000000000009 94.559548978153643 8.5000000000000018 1.0000000180025095e-35 1.0000000180025095e-35 55.059167663874497 1.5000000000000002 81.165540540540562 44.459298871063588 52.206359506813762 22.660960902548151 31.608682723758552 90.478467908902715 54.19941226229259 54.739352730339448 32.278100581045898 52.419984387197509 70.320320320320334 86.72955974842769 64.42053317053319 69.63109354413703 2.5000000000000004 91.476997578692519 88.007724301841975 5.5000000000000009 3.5000000000000004 4.5000000000000009 73.401360544217695 78.281378178835112 83.569930069930081
decision_type=2 2 2 2 2 2 2 2 2 2 2 2 2 2 2 2 2 2 2 2 2 2 2 2 2 2 2 2 2 2
left_child=1 2 3 4 21 -6 -7 8 -5 10 12 -12 27 28 -15 -13 -17 18 -4 -16 -21 22 23 -1 25 -23 -27 -10 -8 -18
right_child=-2 -3 17 7 5 6 13 -9 9 -11 11 15 -14 14 19 16 29 -19 -20 20 -22 24 -24 -25 -26 26 -28 -29 -30 -31
leaf_value=-0.080411390474090891 0.080019269486148986 0.080347470305328919 -0.080337075226532675 -0.081032356136471653 -0.08004506542150619 0.069775733951215071 -0.082038545647555791 0.081169149880275085 0.032955053157956792 0.064816363096873095 -0.079162706023034893 0.076455406146592089 0.08064661603669368 0.081741174614629167 -0.060040176688263606 -0.070947040620323962 -0.0053988985926287604 0.044343594651116612 0.030927033161492996 0.063859569457770327 -0.057659660004617121 -0.009831716336289863 0.07205040560296537 0.050560055498942734 -0.014708411444357241 0.068349763529379687 -0.023844222637766803 -0.026142487741262148 -0.023373504096551267 0.080645866695424978
leaf_weight=0.088433598608390507 0.23376688584175997 0.083722206149104639 0.20884822647349199 0.059073938587971275 0.26873863380023966 0.098189420183189213 0.1641169215872651 0.13302212648341083 0.1003545787280018 0.15126209078152897 0.11951091593437013 0.055817424294218654 0.13060843771381769 0.048796525516081601 0.11978612233360764 0.11907174567386392 0.029900261830334784 0.036442902615817729 0.037882941745920107 0.080443967512110248 0.068397666113014566 0.76892382063670106 0.18000945571111515 0.059702437371015549 0.88480650483688794 0.26737993818824179 0.12955408557900228 0.10611470150615787 0.067131733987480402 0.049329540343023837
leaf_count=153 3532 500 2396 100 4398 154 83 364 35 112 315 33 95 3 40 799 66 14 10 21 50 22 11 3 29 44 29 18 4 57
internal_value=5.76454e-05 -0.00390649 -0.00542947 -0.00256568 -0.00856402 -0.0346253 -0.0157557 0.0161817 0.0067959 0.0128151 0.0017475 -0.0262941 0.0328299 -0.0310622 -0.0063321 -0.00143023 -0.0233533 -0.0494065 -0.0632537 -0.0223307 0.00801745 0.00146693 0.0270528 -0.0276267 -0.00262729 0.00654145 0.0382588 0.00258192 -0.065008 0.0481737
internal_weight=4.94914 4.71537 4.63165 4.34848 3.29441 0.915601 0.646862 1.05407 0.921044 0.86197 0.710708 0.37363 0.337078 0.548673 0.317424 0.254119 0.198302 0.283174 0.246731 0.268628 0.148842 2.37881 0.328145 0.148136 2.05066 1.16586 0.396934 0.206469 0.231249 0.0792298
internal_count=13490 9958 9458 7038 5044 4753 355 1994 1630 1530 1418 1270 148 201 114 955 922 2420 2406 111 71 291 167 156 124 95 73 53 87 123
is_linear=0
shrinkage=0.08


Tree=117
num_leaves=31
num_cat=0
split_feature=5 1 11 11 1 1 11 4 10 6 11 0 8 8 1 4 2 4 4 8 4 2 11 1 3 4 0 8 5 4
split_gain=0.221363 0.0949722 0.130147 0.112898 0.07458 0.112976 0.0736114 0.0652254 0.111306 0.0579875 0.0774249 0.202631 0.130704 0.113132 0.0891214 0.0566601 0.0545196 0.0539426 0.0542068 0.053276 0.0861777 0.102801 0.0513988 0.151495 0.123386 0.0457964 0.0418069 0.0578848 0.0372183 0.087851
threshold=78.815646656090863 65.485893416927908 4.5000000000000009 7.5000000000000009 81.557067271353006 69.028213166144226 2.5000000000000004 61.651583710407245 1.0000000180025095e-35 1.5000000000000002 4.5000000000000009 94.392033542976961 21.500000000000004 2.5000000000000004 22.431865828092246 94.559548978153643 11.942959001782535 70.320320320320334 1.0000000180025095e-35 6.5000000000000009 84.725822532402802 65.345368916797511 6.5000000000000009 87.609649122807028 86.67607392607394 74.322344322344335 90.366769774635458 13.500000000000002 22.82097649186257 46.885775862068975
decision_type=2 2 2 2 2 2 2 2 2 2 2 2 2 2 2 2 2 2 2 2 2 2 2 2 2 2 2 2 2 2
left_child=1 3 4 9 5 -3 -7 8 -4 10 12 13 14 17 -1 -16 -2 18 -12 -15 21 -21 -10 24 -24 -5 -8 -28 -6 -30
right_child=16 2 7 25 28 6 26 -9 22 -11 11 -13 -14 19 15 -17 -18 -19 -20 20 -22 -23 23 -25 -26 -27 27 -29 29 -31
leaf_value=0.049810025617981903 -0.042680891025525781 0.074314801458305366 -0.063112814174360002 -0.079646227472222039 0.08123288582920149 0.049124447060889066 -0.068248227199675132 0.080274931615608641 -0.0096567266231356846 0.071208341543444742 0.053444593763986907 0.084406604769683077 0.071455960696097581 -0.079573022034470448 -0.05956427271019895 0.080752325865350069 0.080399413256498339 0.082151133852833194 -0.080051230947574228 -0.076534763567876113 0.08219287056124619 0.070321523370320979 0.035826739604125468 0.083500151737493977 -0.081431094735812531 0.0071094837351461928 0.046042631647115605 -0.081981610391607007 -0.024453579449628303 0.080120361245073712
leaf_weight=0.057874824797181423 0.025334537152957526 0.12007529056427335 0.21508339137289989 0.23596809904120153 0.19443820691958535 0.080496019509155303 0.13615929668958415 0.053971887959050835 1.3001330148981649 0.054198974328755756 0.040746737802692223 0.16041275240422692 0.069329792873759288 0.14953701338890824 0.52333329067550949 0.01908968112184084 0.25357328318568761 0.083618286280398024 0.037275624970789067 0.13353675890539307 0.044183333826367743 0.039539197394333314 0.12536121759330865 0.15920829179231077 0.10599330850527622 0.046638463361887261 0.063130087703029858 0.035208555535064079 0.094387427165202098 0.1129253646286088
leaf_count=64 5 104 1060 3083 117 78 135 212 80 71 21 60 56 785 1176 42 3192 17 626 1281 9 48 33 13 16 10 61 6 54 975
internal_value=6.32049e-05 -0.00423084 0.00482615 -0.0191714 0.0312368 0.00828669 -0.0168831 -0.00645128 -0.00890738 -0.00993758 -0.013175 0.00565531 -0.0325459 -0.0182505 -0.0445574 -0.0546261 0.0692194 0.0375096 -0.0103338 -0.042823 -0.0175283 -0.0429854 -0.00201159 0.0234381 -0.017894 -0.065329 -0.0395415 0.000205629 0.0560902 0.0325089
internal_weight=4.77076 4.49185 2.79657 1.69528 0.83682 0.435069 0.314994 1.95975 1.90578 1.41268 1.35848 0.68885 0.669628 0.528437 0.600298 0.542423 0.278908 0.161641 0.0780224 0.366796 0.217259 0.173076 1.6907 0.390563 0.231355 0.282607 0.234498 0.0983386 0.401751 0.207313
internal_count=13490 10293 2944 7349 1530 384 280 1414 1202 4256 4185 2847 1338 2787 1282 1218 3197 664 647 2123 1338 1329 142 62 49 3093 202 67 1146 1029
is_linear=0
shrinkage=0.08


Tree=118
num_leaves=31
num_cat=0
split_feature=12 4 3 12 11 0 8 12 3 12 11 1 3 3 12 3 0 11 0 11 2 5 8 5 5 4 2 0 8 3
split_gain=0.20917 0.0802364 0.0776909 0.088783 0.0876152 0.0962533 0.089524 0.0883101 0.11875 0.287777 0.087815 0.0777244 0.0770518 0.0648033 0.0608196 0.079258 0.108955 0.136733 0.198243 0.0902116 0.109976 0.0733146 0.0626645 0.0677929 0.0600252 0.0618035 0.0586143 0.0569449 0.102119 0.0636046
threshold=6.5000000000000009 94.559548978153643 90.002828054298661 2.5000000000000004 4.5000000000000009 88.675213675213698 16.500000000000004 4.5000000000000009 97.370370370370395 3.5000000000000004 5.5000000000000009 87.609649122807028 88.850524475524495 95.558813945910728 3.5000000000000004 65.497656177480749 58.123167155425229 3.5000000000000004 99.450549450549474 6.5000000000000009 70.65997130559542 49.753479221820136 2.5000000000000004 59.611795446061969 22.82097649186257 48.404074702886255 51.31670131670132 23.669467787114851 1.5000000000000002 53.615759347217157
decision_type=2 2 2 2 2 2 2 2 2 2 2 2 2 2 2 2 2 2 2 2 2 2 2 2 2 2 2 2 2 2
left_child=1 2 12 -4 5 -5 24 8 10 -10 -6 -12 14 -9 15 21 -17 -18 26 -20 -21 -1 -23 -24 -7 -26 -19 -16 -29 -30
right_child=-2 -3 3 4 7 6 -8 13 9 -11 11 -13 -14 -15 27 16 17 18 19 20 -22 22 23 -25 25 -27 -28 28 29 -31
leaf_value=-0.073767193547483387 0.080017306763200055 0.080296085793958541 0.059033249731639356 -0.038400065384845299 0.075900378840326146 0.081173925804332386 -0.082752872575931169 -0.029703117417117599 -0.10104532561938273 -0.0047103881321532417 -0.069277563595814801 0.081100508106849989 -0.073823631761995884 0.075723439165270426 0.075407422000588267 0.054216415764114158 -0.080059948303815895 0.044864719511019439 0.07776450697547134 -0.078784971816011087 0.071964971816572951 0.056048762108742947 0.034588478634061247 -0.062187494097123638 -0.023168799641298678 0.080215361890342132 -0.054747619186856049 0.075411076104589497 -0.081501459257928607 0.0099381177507077631
leaf_weight=0.26333187629825294 0.20032543005436299 0.071802922928327351 0.18110208056532462 0.10974829531187458 0.13972375389857883 0.23949468788487138 0.032159525901079178 0.053411636778036953 0.25880328316998202 0.85112197991111316 0.06965416883394937 0.032150619743333664 0.13841272134595772 0.12381236940564122 0.083638557898666366 0.16363536481003371 0.17509941893513314 0.043121458398672985 0.19933398186549312 0.066921007466589799 0.057654494237795006 0.061734495422570035 0.064613423357513966 0.16368571477869409 0.094494166143704206 0.060830343481939053 0.30668183325360587 0.081545324392209295 0.088246370658453088 0.1086006367149821
leaf_count=4394 3532 500 95 59 44 122 1 28 22 85 96 15 189 52 39 448 259 165 51 74 10 44 186 23 46 355 2281 43 38 194
internal_value=7.61118e-05 -0.0035763 -0.00497269 0.0053249 0.000615558 0.0284228 0.0455986 -0.00914773 -0.0161107 -0.027173 0.0347249 -0.0217872 -0.0161686 0.0439501 -0.0120291 -0.0188616 -0.0055552 -0.0170781 -0.000708944 0.0443885 -0.00901675 -0.0432073 -0.0154609 -0.0347979 0.0560533 0.0173199 -0.0424681 0.0175219 0.000131105 -0.0310542
internal_weight=4.58489 4.38457 4.31276 2.24651 2.0654 0.536727 0.426979 1.52868 1.35145 1.10993 0.241529 0.101805 2.06626 0.177224 1.92784 1.56581 1.01245 0.848812 0.673713 0.323909 0.124576 0.553366 0.290034 0.228299 0.394819 0.155325 0.349803 0.362031 0.278392 0.196847
internal_count=13490 9958 9458 1020 925 583 524 342 262 107 155 111 8438 80 8249 7935 3288 2840 2581 135 84 4647 253 209 523 401 2446 314 275 232
is_linear=0
shrinkage=0.08


Tree=119
num_leaves=31
num_cat=0
split_feature=12 11 9 5 5 6 11 5 3 2 0 0 1 5 5 5 5 3 12 2 1 6 1 12 3 0 1 12 11 1
split_gain=0.192684 0.0738305 0.0675586 0.0729122 0.106757 0.0587374 0.0504667 0.0490425 0.0743138 0.0893851 0.060011 0.0578963 0.0478894 0.0439971 0.0947025 0.0620186 0.0718328 0.0420711 0.0398165 0.0737873 0.0370885 0.0428028 0.0380728 0.0367072 0.111 0.0551667 0.0353 0.0284461 0.0865716 0.0650772
threshold=6.5000000000000009 8.5000000000000018 1.0000000180025095e-35 1.0000000180025095e-35 49.753479221820136 1.5000000000000002 6.5000000000000009 78.815646656090863 41.401986720614183 43.288288288288292 69.309262166405034 13.118279569892474 78.629976580796267 41.25992063492064 1.0000000180025095e-35 31.608682723758552 32.449982449982457 44.459298871063588 2.5000000000000004 58.123167155425222 86.72955974842769 1.0000000180025095e-35 45.923792645104122 2.5000000000000004 87.877122877122886 99.450549450549474 72.111111111111128 3.5000000000000004 5.5000000000000009 78.629976580796267
decision_type=2 2 2 2 2 2 2 2 2 2 2 2 2 2 2 2 2 2 2 2 2 2 2 2 2 2 2 2 2 2
left_child=1 2 3 23 5 -5 13 8 -6 -10 -11 -9 -12 14 26 -16 -17 -15 19 -8 21 -3 -23 24 25 -1 -4 -25 29 -29
right_child=-2 20 6 4 7 -7 18 11 9 10 12 -13 -14 17 15 16 -18 -19 -20 -21 -22 22 -24 27 -26 -27 -28 28 -30 -31
leaf_value=-0.080323874725691247 0.080015974995632511 -0.079420575616474684 -0.0047925060191983107 -0.071689731292479339 0.075675860931407088 0.067171798702302207 0.059311750596951721 -0.081442187121525608 -0.061749593231165911 0.069354856406231721 -0.06756909410228977 0.081040543545375154 0.080081510738790551 -0.043032455178687937 -0.076398219431780379 0.077486193214516746 -0.048570848203741628 0.057666219888118708 -0.059951185465702626 -0.049765310747836591 0.029450825808895017 -0.080271284776402801 0.063447963548594596 -0.014713821587687706 0.066458401209350801 0.035974402842980362 0.080592615676554277 0.010338653445067531 -0.0097068589199234123 0.081012440770177926
leaf_weight=0.067854245104173372 0.18492662732023735 0.15822195031068975 0.043062297867436317 0.30255872087946034 0.050256260117748752 0.020838052460021572 0.086471340477146441 0.01739448681473732 0.21125608842339716 0.075400464185804594 0.057364511492778547 0.07267297976068221 0.018622890642291168 0.028999196909353486 0.089551677076087799 0.055901610336150043 0.059966269698634278 0.31480004482546065 0.07978889152946067 0.07336793205649883 0.035389205666433554 0.019644983203761512 0.029528893493989017 0.78638411272549991 0.17891387408599257 0.042425872758030891 0.11051412054803222 0.21137573290616252 0.78068614189396612 0.13771179408649914
leaf_count=152 3532 2073 11 4374 15 22 249 1 126 67 59 304 125 34 171 36 354 731 314 155 21 302 34 36 11 4 89 9 15 64
internal_value=8.89163e-05 -0.00341616 -0.000799789 -0.00661529 -0.0268827 -0.0627422 0.0179083 -0.00382591 -0.0154931 -0.0281276 0.0187906 0.0496607 -0.0313831 0.0287183 0.00913004 -0.0263977 0.0122466 0.0491724 -0.0137957 0.00924422 -0.0462434 -0.0591596 0.00603207 0.000979092 0.0275464 -0.0355828 0.0566509 -0.00303055 0.00510164 0.0382188
internal_weight=4.40185 4.21692 3.97414 3.03172 0.826364 0.323397 0.942423 0.502968 0.4129 0.362644 0.151388 0.0900675 0.0759874 0.702795 0.358996 0.20542 0.115868 0.343799 0.239628 0.159839 0.242785 0.207396 0.0491739 2.20535 0.289194 0.11028 0.153576 1.91616 1.12977 0.349088
internal_count=13490 9958 7528 5384 5093 4396 2144 697 392 377 251 305 184 1426 661 561 390 765 718 404 2430 2409 336 291 167 156 100 124 88 73
is_linear=0
shrinkage=0.08


Tree=120
num_leaves=31
num_cat=0
split_feature=12 4 11 9 4 4 4 3 5 4 3 5 6 4 1 2 4 1 5 2 0 0 4 4 12 3 0 12 11 1
split_gain=0.17747 0.0707453 0.0656355 0.0605753 0.0999379 0.100805 0.0804613 0.0600721 0.0572702 0.0756345 0.0636074 0.0629712 0.0736931 0.0648519 0.0609337 0.0512094 0.0494988 0.0482654 0.0469795 0.0682077 0.0668081 0.0516598 0.041068 0.0485549 0.0326036 0.0992815 0.0508357 0.0241503 0.0756788 0.063255
threshold=6.5000000000000009 94.559548978153643 8.5000000000000018 1.0000000180025095e-35 1.0000000180025095e-35 55.059167663874497 81.165540540540562 44.459298871063588 53.15824468085107 22.660960902548151 90.478467908902715 31.608682723758552 1.0000000180025095e-35 52.843665768194079 45.035211267605639 58.123167155425222 70.320320320320334 86.72955974842769 78.815646656090863 43.288288288288292 26.365441906653427 13.118279569892474 66.024884206702396 61.651583710407245 2.5000000000000004 87.877122877122886 99.450549450549474 3.5000000000000004 5.5000000000000009 78.629976580796267
decision_type=2 2 2 2 2 2 2 2 2 2 2 2 2 2 2 2 2 2 2 2 2 2 2 2 2 2 2 2 2 2
left_child=1 2 3 4 24 -6 7 -5 9 10 15 -11 13 -13 -14 -9 17 -4 19 20 -7 -20 23 -21 25 26 -1 -26 29 -29
right_child=-2 -3 16 6 5 18 -8 8 -10 11 -12 12 14 -15 -16 -17 -18 -19 21 22 -22 -23 -24 -25 27 -27 -28 28 -30 -31
leaf_value=-0.080299032825993863 0.080014752375771714 0.080265117898529928 -0.080258731455221499 -0.080802568790510454 -0.080034386139331698 -0.004982676097399154 0.080893748204930213 0.045963893930898489 0.062869345577167543 -0.078002525982970333 0.080544901618741824 -0.080155588991725271 -0.075576305559822712 0.068766751905786169 0.072093785113432562 -0.039769814925848863 0.044255929642233988 0.025178781716389997 -0.081329385269825624 0.040771904000137901 -0.081331761136327924 0.08113669325613404 0.064632387868810218 -0.081396612000423765 -0.013520445994437738 0.064344032881403321 0.033602290744443257 0.0095246636267205288 -0.0088842733709110604 0.080934439458321086
leaf_weight=0.062655954681760107 0.1707112990443419 0.063921242257492739 0.15951253552339029 0.046611245961685088 0.20999450892668381 0.13489787357684691 0.10816201903799083 0.089255297589261318 0.12212364108563634 0.096211693253280828 0.10972838519955985 0.085770519666766631 0.022110344927568804 0.023937839723657817 0.09354766406431736 0.089100261833664263 0.032905323198065162 0.033647086966084316 0.01607850193977356 0.042848572145885555 0.16076644940585538 0.056688979304453824 0.069667177951487247 0.040500147770217154 0.78729152500454791 0.17036713095149025 0.041813771240413189 0.21109719481319167 0.78456259093945846 0.12724155955947936
leaf_count=152 3532 500 2396 100 4398 36 364 20 92 315 95 570 307 29 69 33 14 10 1 34 96 86 95 7 36 11 4 9 15 64
internal_value=9.61106e-05 -0.00323713 -0.00456189 -0.00207241 -0.00763911 -0.0332347 0.0162401 0.00725617 0.0128651 0.00284855 0.0326192 -0.0238214 -0.000690751 -0.0476614 0.0438637 0.0031343 -0.0464416 -0.0618922 -0.0143878 -0.0240581 -0.0464972 0.0452386 0.0192999 -0.0185913 0.000929043 0.026692 -0.0347103 -0.0027777 0.00475428 0.0363803
internal_weight=4.26373 4.09302 4.0291 3.80303 2.91647 0.731442 0.886559 0.778397 0.731786 0.609662 0.288084 0.321578 0.225366 0.109708 0.115658 0.178356 0.226065 0.19316 0.521448 0.44868 0.295664 0.0727675 0.153016 0.0833487 2.18503 0.274837 0.10447 1.91019 1.1229 0.338339
internal_count=13490 9958 9458 7038 5044 4753 1994 1630 1530 1438 148 1290 975 599 376 53 2420 2406 355 268 132 87 136 41 291 167 156 124 88 73
is_linear=0
shrinkage=0.08


Tree=121
num_leaves=31
num_cat=0
split_feature=12 4 0 4 3 0 3 4 3 2 4 0 2 2 1 12 4 11 11 11 2 9 11 1 11 4 12 11 12 1
split_gain=0.163526 0.0650022 0.0611597 0.0698436 0.100938 0.0854552 0.0646277 0.063161 0.0609982 0.0637037 0.0607203 0.0552594 0.0659245 0.0906034 0.0699289 0.0484182 0.0442146 0.0399562 0.0513999 0.0371647 0.0349035 0.0281704 0.0336076 0.0278646 0.025712 0.0233099 0.0232425 0.103432 0.0385763 0.0701974
threshold=6.5000000000000009 94.559548978153643 89.08730158730161 72.281323877068573 63.831673200094265 58.123167155425229 53.615759347217157 52.843665768194079 87.646581359816665 51.31670131670132 23.670062252405213 69.098143236074279 71.503759398496257 71.897435897435912 82.446311858076569 2.5000000000000004 46.885775862068975 4.5000000000000009 5.5000000000000009 7.5000000000000009 51.087470449172585 1.0000000180025095e-35 5.5000000000000009 64.747307373653697 2.5000000000000004 70.320320320320334 3.5000000000000004 5.5000000000000009 4.5000000000000009 79.205974842767304
decision_type=2 2 2 2 2 2 2 2 2 2 2 2 2 2 2 2 2 2 2 2 2 2 2 2 2 2 2 2 2 2
left_child=1 2 3 4 -1 19 -5 10 9 20 15 -10 -13 -14 21 -4 -12 -8 -19 -6 -7 24 -23 -9 -15 -11 -17 28 -28 -30
right_child=-2 -3 7 6 5 8 17 23 11 25 16 12 13 14 -16 26 -18 18 -20 -21 -22 22 -24 -25 -26 -27 27 -29 29 -31
leaf_value=-0.08019218417110395 0.080013619614494227 0.080244865271071025 0.038398542488290506 -0.014857849606520986 0.056611461898888507 -0.080058586715241895 0.080839388408811774 -0.044540759327107757 0.061452138160545927 -0.080282817973861817 -0.055388325299647621 -0.082015375347318009 0.082021403525086328 0.0077029962248159837 0.055407338584601375 -0.010327922851742279 0.022932439116753831 -0.042052352505765091 0.066387146122458954 -0.080112428205380767 0.080229657642078123 0.071788869872976155 -0.055771157953616493 0.080192961083667344 -0.081096851177778415 0.080480464701764856 0.081039505723346769 -0.0045888742269732533 -0.082585079428923319 0.080240066298055329
leaf_weight=0.19604333357347126 0.15758852871476836 0.059021032571763388 0.253738122875803 0.33019974692433596 0.11985380746045848 0.012403680941133644 0.093639436392550124 0.013098289811750763 0.060167080728206201 0.21139604060408601 0.18780680542477046 0.087867393289343454 0.063163163813442225 0.025300898792920634 0.054153403063537553 0.69456320878816757 0.061151458081440069 0.058235253731254488 0.053836576968024019 0.014235173961424152 0.029075002328681876 0.024344267625565408 0.028924175509018824 0.091760607225296553 0.11912193970056251 0.0059343078173696986 0.14668715223524464 0.79975848959293216 0.030322153121232986 0.038412782341765705
leaf_count=4240 3532 500 28 30 349 232 78 14 61 2623 333 151 7 7 30 26 19 24 30 260 13 13 64 540 127 1 86 22 1 49
internal_value=9.34474e-05 -0.0030836 -0.00434298 -0.0164373 -0.0284126 -0.016553 0.00706987 0.00394447 -0.0274476 -0.0585537 0.00106913 -0.0100614 -0.0207416 -0.00365001 -0.0251366 0.00578835 -0.0361504 0.0422674 0.0100393 0.0420966 0.0322975 -0.0471999 0.00252519 0.064612 -0.0655403 -0.0758931 0.000948771 0.00866403 0.0578657 0.00841038
internal_weight=4.1218 3.96421 3.90519 1.58789 1.05198 0.85594 0.535911 2.3173 0.721851 0.258809 2.21244 0.463042 0.402875 0.315008 0.251845 1.96348 0.248958 0.205711 0.112072 0.134089 0.0414787 0.197691 0.0532684 0.104859 0.144423 0.21733 1.70974 1.01518 0.215422 0.0687349
internal_count=13490 9958 9458 8340 8178 3938 162 1118 3329 2869 564 460 399 248 241 212 352 132 54 609 245 211 77 554 134 2624 184 158 136 50
is_linear=0
shrinkage=0.08


Tree=122
num_leaves=31
num_cat=0
split_feature=12 4 11 9 4 4 8 4 2 8 0 2 6 4 1 5 1 6 5 4 1 11 1 11 12 12 2 11 1 2
split_gain=0.150666 0.0597211 0.0579975 0.0530655 0.0875246 0.0894928 0.0904944 0.0720193 0.0460776 0.0619566 0.0638693 0.0441789 0.0490567 0.041613 0.0442633 0.0400636 0.067302 0.0549452 0.0680874 0.111404 0.0474987 0.0293426 0.155351 0.0435091 0.048084 0.0910587 0.0729117 0.198198 0.0442399 0.0191026
threshold=6.5000000000000009 94.559548978153643 8.5000000000000018 1.0000000180025095e-35 1.0000000180025095e-35 55.059167663874497 1.5000000000000002 81.165540540540562 31.311274509803926 9.5000000000000018 32.071428571428577 18.808962264150946 1.5000000000000002 70.320320320320334 86.72955974842769 64.56575682382136 44.590643274853804 1.0000000180025095e-35 20.521541950113384 55.059167663874497 69.631093544137045 6.5000000000000009 88.067796610169509 5.5000000000000009 3.5000000000000004 4.5000000000000009 99.450549450549474 4.5000000000000009 58.578637510513055 23.132664437012266
decision_type=2 2 2 2 2 2 2 2 2 2 2 2 2 2 2 2 2 2 2 2 2 2 2 2 2 2 2 2 2 2
left_child=1 2 3 4 21 -6 -7 11 29 10 -10 -5 15 14 -4 16 -13 18 20 -20 -18 23 -23 24 26 -26 27 28 -1 -8
right_child=-2 -3 13 7 5 6 8 -9 9 -11 -12 12 -14 -15 -16 -17 17 -19 19 -21 -22 22 -24 -25 25 -27 -28 -29 -30 -31
leaf_value=0.015903374928641412 0.080012572952928629 0.080226151384544211 -0.080254226309243851 -0.080832118953744148 -0.080032684389596861 0.067496137582878479 -0.02209774347301572 0.080844862136623771 0.058081214407090673 0.052313718541731849 -0.060524138051326296 -0.072968972273764934 -0.075186968189257811 0.040289935107129166 0.024037013953671409 0.081102480212133857 -0.010606396621111442 0.072482917821425061 -0.076781077858675065 0.0745172230245916 0.058906064963038011 -0.050280516737334441 0.083660117804313802 -0.017841310355640738 0.065802135248057572 -0.026768626545591753 -0.029754854521018555 0.072556995466119725 -0.050890282442163162 -0.08173422641608688
leaf_weight=0.09689060894015955 0.14547437336113933 0.054495473774295422 0.14064674782639475 0.034511762485635589 0.18283463018815371 0.073410074921412161 0.050463714604120469 0.097319068227079697 0.037264731905452209 0.076601166068940074 0.13194216744523146 0.055263552721953602 0.038941277183766942 0.030594745141570456 0.031964484340278432 0.057330294839630369 0.10317049172590487 0.10217731420925702 0.11255663139490935 0.043063180422905134 0.16122727317633689 0.094814690224666154 0.13338679471053183 0.72016333734973148 0.20128245306841563 0.10270924850192387 0.36402919515967369 0.22796846591154463 0.18395292428976973 0.1078256464243168
leaf_count=30 3532 500 2396 60 4398 154 22 364 7 33 102 537 30 14 10 46 36 74 700 42 105 65 6 48 44 29 9 33 27 37
internal_value=9.40052e-05 -0.0029267 -0.00412098 -0.00176819 -0.00699789 -0.0324378 -0.014214 0.0163155 -0.0290578 -0.0073798 -0.0344035 0.00744859 0.0119708 -0.0457 -0.0609414 0.0173175 0.0109849 0.0198697 0.00707048 -0.0349137 0.0317816 0.000906804 0.0280096 -0.00235356 0.00712418 0.0345254 -0.00241906 0.0171383 -0.0278466 -0.0627217
internal_weight=3.99428 3.8488 3.79431 3.5911 2.78554 0.660342 0.477508 0.805561 0.404097 0.245808 0.169207 0.708242 0.67373 0.203206 0.172611 0.634789 0.577458 0.522195 0.420018 0.15562 0.264398 2.1252 0.228201 1.897 1.17683 0.303992 0.872841 0.508812 0.280844 0.158289
internal_count=13490 9958 9458 7038 5044 4753 355 1994 201 142 109 1630 1570 2420 2406 1540 1494 957 883 742 141 291 71 220 172 73 99 90 57 59
is_linear=0
shrinkage=0.08


Tree=123
num_leaves=31
num_cat=0
split_feature=12 4 0 4 4 2 0 0 1 4 4 12 8 2 2 8 4 12 11 9 12 11 1 12 2 1 4 12 6 12
split_gain=0.138808 0.0548827 0.0550093 0.0623958 0.1037 0.0986924 0.0618018 0.0581773 0.0669279 0.0505087 0.0645018 0.0521498 0.0470848 0.0567337 0.050365 0.0854722 0.0405932 0.0377242 0.0898732 0.0373319 0.0333009 0.0394052 0.0280609 0.0260762 0.0269673 0.0232422 0.0284717 0.0204027 0.0286419 0.0118343
threshold=6.5000000000000009 94.559548978153643 94.392033542976961 66.024884206702396 1.0000000180025095e-35 43.288288288288292 97.014260249554383 58.123167155425229 87.026647966339425 46.885775862068975 23.670062252405213 2.5000000000000004 7.5000000000000009 71.897435897435912 71.503759398496257 4.5000000000000009 55.059167663874497 3.5000000000000004 5.5000000000000009 1.0000000180025095e-35 4.5000000000000009 4.5000000000000009 74.813432835820905 3.5000000000000004 99.450549450549474 82.446311858076569 55.763589301121662 3.5000000000000004 1.0000000180025095e-35 1.5000000000000002
decision_type=2 2 2 2 2 2 2 2 2 2 2 2 2 2 2 2 2 2 2 2 2 2 2 2 2 2 2 2 2 2
left_child=1 2 3 4 7 19 -4 -1 12 10 11 -8 13 14 15 -9 -6 -13 20 -5 -19 -22 -15 24 -12 26 -18 28 -11 -7
right_child=-2 -3 6 5 16 29 9 8 -10 27 23 17 -14 22 -16 -17 25 18 -20 -21 21 -23 -24 -25 -26 -27 -28 -29 -30 -31
leaf_value=0.056506469243173686 0.080011612837479401 0.080208857137372844 0.083278571946949195 -0.028012154251125475 -0.080033156108447995 0.006569022581284726 0.039979004475026801 -0.080380492066642037 0.080729572589060578 -0.037835544306480194 -0.080034555528909007 -0.017393736062644809 -0.081737733239372418 -0.080895874361092648 0.082281639548524924 0.060223866078218925 0.056688954090058676 0.080902462156975108 -0.004059694672314605 0.018626066589844312 -0.046921352868262323 0.080270745771902755 -0.017816613118065906 -0.081194386200832053 0.021264545937202114 0.080540722892400538 -0.059367727684035441 0.074871511324751214 0.080572361976468096 0.080573267225642412
leaf_weight=0.077993543753110517 0.13429132129567722 0.050316069224208948 0.061462990961445363 0.31380401639762567 0.25287840216878976 0.016039739304687828 0.21430773544125292 0.05648631218355149 0.040141032375686336 0.031531668060779228 0.0264557307546055 0.62557498656678923 0.082217613075044937 0.079354731595230987 0.054773858169937739 0.054238858741882723 0.017232481859537074 0.12650013365782797 0.79676493795705028 0.16900138379423879 0.034985309728654101 0.028117452442529611 0.10466413130052388 0.083425637429172639 0.046174785165931098 0.013092610395688098 0.06294289399193076 0.080494026718952227 0.022335683894198155 0.1003666353681183
leaf_count=65 3532 500 31 41 7583 20 17 84 12 66 188 21 95 34 3 38 37 81 21 31 32 17 22 85 15 5 228 411 30 145
internal_value=0.000105476 -0.00277627 -0.00391297 -0.0157288 -0.0290931 0.00425515 0.00419829 -0.00749967 -0.0180788 0.00190199 -0.00131536 0.00290307 -0.0272657 -0.0144521 0.0195346 -0.0115053 -0.0633953 -0.00202618 0.00772024 -0.0116869 0.0572229 0.00975315 -0.0450184 -0.0506816 -0.0156337 -0.0182849 -0.0344231 0.0493693 0.0112614 0.0703762
internal_weight=3.85797 3.72368 3.67336 1.49523 0.896016 0.599212 2.17813 0.54987 0.471877 2.11667 1.98231 1.82625 0.431736 0.349518 0.165499 0.110725 0.346146 1.61194 0.986368 0.482805 0.189603 0.0631028 0.184019 0.156056 0.0726305 0.093268 0.0801754 0.134361 0.0538674 0.116406
internal_count=13490 9958 9458 8443 8206 237 1015 353 288 984 477 189 276 181 125 122 7853 172 151 72 130 49 56 288 203 270 265 507 96 165
is_linear=0
shrinkage=0.08


Tree=124
num_leaves=31
num_cat=0
split_feature=5 1 4 4 6 4 6 4 5 5 0 0 4 0 8 8 3 1 1 5 3 8 1 5 5 0 0 11 4 5
split_gain=0.13109 0.0582911 0.145504 0.0970331 0.1034 0.0940439 0.0786474 0.0672031 0.0658558 0.0824282 0.0401032 0.0355932 0.0351562 0.0278591 0.0573751 0.0523548 0.0462192 0.0357018 0.0465942 0.0224706 0.0209706 0.0885913 0.0240663 0.0200814 0.0199094 0.0110832 0.00929841 0.0191749 0.00406161 0.00205165
threshold=78.815646656090863 45.035211267605639 66.024884206702396 1.0000000180025095e-35 1.0000000180025095e-35 72.281323877068573 1.5000000000000002 55.059167663874497 70.632463511720488 49.753479221820136 9.3073593073593077 58.397435897435905 63.686313686313689 90.52111410601978 7.5000000000000009 3.5000000000000004 88.649431064291761 69.631093544137045 56.635220125786169 53.907203907203915 99.743589743589766 9.5000000000000018 81.892697466467965 72.377109317681587 65.648320895522403 81.934731934731943 90.52111410601978 4.5000000000000009 69.183285849952526 65.648320895522403
decision_type=2 2 2 2 2 2 2 2 2 2 2 2 2 2 2 2 2 2 2 2 2 2 2 2 2 2 2 2 2 2
left_child=1 5 3 11 7 23 26 -5 9 -7 -2 -3 19 14 15 16 -13 18 -17 25 21 22 -15 29 -11 -9 27 -6 -4 -1
right_child=10 2 28 4 6 8 -8 12 -10 24 -12 13 -14 20 -16 17 -18 -19 -20 -21 -22 -23 -24 -25 -26 -27 -28 -29 -30 -31
leaf_value=-0.080274399119444437 -0.046359447655430763 0.05875423207749618 0.048595147332153567 -0.078280845732289508 0.06817306001395769 -0.042923000928869699 -0.080179654032835321 -0.080075519437819057 -0.048828721203998393 0.026397275884894239 0.080334919985244876 -0.080570924257607798 -0.069505338212681761 0.030801681453541032 -0.081690058240554017 0.069565560688716055 -0.00077920306104835909 0.061669130980865322 -0.080983290073605579 0.075203729731317573 0.00036503352026772144 -0.0069416153278374507 0.081982051784798018 0.080421172837625843 0.081753767916115619 0.038018134693517745 0.08092442892027972 -0.080076048318028489 0.080171218022618104 -0.021983830362881537
leaf_weight=0.17138760891248317 0.017788436147384235 0.072723076707917556 0.032380451146309386 0.26399018675874675 0.019232259432101273 0.088463476306060329 0.032562542935920646 0.011662631795843481 0.13966857436389546 0.087819404227047926 0.15814286663407984 0.073480848475810601 0.028865693086117972 0.11661318202095561 0.071995539587078383 0.022260125035245437 0.12634968692145776 0.09611083181516733 0.032173159641388338 0.037682421498175245 1.2737738812138559 0.34823006688384339 0.11860607584821992 0.0052097281441092482 0.078975882879603887 0.0090198636025888845 0.064897150594333652 0.007868206104831188 0.13380532559494895 0.0039535876130685202
leaf_count=3057 3 38 22 5024 15 12 8 37 33 32 3194 86 7 14 80 18 19 18 35 18 142 15 29 1 11 11 29 72 1408 2
internal_value=0.00010985 -0.00321261 0.00126905 -0.0030059 -0.0359553 -0.0265313 0.0266697 -0.0581651 -0.00466462 0.0195004 0.0675248 0.00365846 0.00271196 0.00190081 -0.0166443 -0.00327864 -0.0301199 0.0323501 -0.0194174 0.0384287 0.00611835 0.0186789 0.0566087 -0.0743612 0.052608 -0.0285736 0.064489 0.0251312 0.0740188 -0.0789601
internal_weight=3.74569 3.56976 2.99428 2.8281 0.475781 0.575478 0.12456 0.351221 0.394927 0.255259 0.175931 2.35232 0.0872306 2.27959 0.42237 0.350375 0.199831 0.150544 0.0544333 0.0583649 1.85722 0.583449 0.235219 0.180551 0.166795 0.0206825 0.0919976 0.0271005 0.166186 0.175341
internal_count=13490 10293 7145 5715 5221 3148 124 5097 88 55 3197 494 73 456 256 176 105 71 53 66 200 58 43 3060 43 48 116 87 1430 3059
is_linear=0
shrinkage=0.08


Tree=125
num_leaves=31
num_cat=0
split_feature=5 11 4 1 4 4 5 6 5 4 5 12 1 2 8 4 1 11 12 1 2 5 5 1 1 12 8 12 1 4
split_gain=0.120133 0.0543682 0.0504475 0.050573 0.0780126 0.0758965 0.0548569 0.0841224 0.0773357 0.0621144 0.0512781 0.0444259 0.0455554 0.0377926 0.0631015 0.0320285 0.0369916 0.0223685 0.0432601 0.0644665 0.0208083 0.016264 0.0138729 0.0128065 0.0256663 0.00969371 0.00619662 0.00584068 0.00259183 0.00246354
threshold=82.070417145044033 8.5000000000000018 94.559548978153643 49.657534246575345 66.024884206702396 72.281323877068573 20.521541950113384 1.0000000180025095e-35 31.608682723758552 55.059167663874497 70.632463511720488 2.5000000000000004 87.026647966339425 58.123167155425222 6.5000000000000009 70.320320320320334 86.72955974842769 5.5000000000000009 3.5000000000000004 77.485187623436488 74.833333333333343 72.377109317681587 58.079877112135172 46.986201888162675 47.165775401069531 1.5000000000000002 8.5000000000000018 8.5000000000000018 90.521114106019795 52.843665768194079
decision_type=2 2 2 2 2 2 2 2 2 2 2 2 2 2 2 2 2 2 2 2 2 2 2 2 2 2 2 2 2 2
left_child=1 2 3 5 6 21 11 9 -9 29 -7 12 13 -5 20 16 -3 18 -13 -20 -15 23 26 27 -25 -6 -11 -1 -10 -8
right_child=-2 15 -4 4 25 10 7 8 28 22 -12 17 -14 14 -16 -17 -18 -19 19 -21 -22 -23 -24 24 -26 -27 -28 -29 -30 -31
leaf_value=-0.080272361060017769 0.080162539522010315 -0.080255182834732749 0.080178253929935994 0.063136045083006728 0.013720367952436668 0.020902388197443972 -0.080079735587685164 -0.082370189442069086 0.0518779203181629 0.0085099124615542563 -0.037352675417793635 -0.0019536890545491913 0.082505474143330051 -0.081411258872955292 0.064540145233313168 0.034038522044086354 0.021886351708539861 -0.008607701021238293 0.0043974278458559406 0.080596693845328554 -0.010010450750484371 0.080388630750246243 -0.027299198231536006 0.062896017031604176 -0.080361219285019714 0.080331267799299028 0.071634586278176801 0.08011774596496149 0.080864186679988737 -0.039555358337487266
leaf_weight=0.14737800260809475 0.11611947265191691 0.1191570820619744 0.049153269492307916 0.070010062410802987 0.016534271308046189 0.23505822923834785 0.17495722404964897 0.028953099865248078 0.032452612840643269 0.01972740617384261 0.16429610227714875 0.71324192381871376 0.086424084409372881 0.048853985859750537 0.051983984714752296 0.026963172145769931 0.02803044265601784 0.89835824020701682 0.18079483299516141 0.1170701310475124 0.056140400763979414 0.0048110531643033019 0.037825344705197494 0.013200764735302073 0.020331993362560752 0.090592615959394607 0.02008625532471342 0.0014675457496196023 0.050408180566591909 0.010158201124795596
leaf_count=2518 2931 2396 750 52 16 34 2980 7 31 34 33 32 8 54 26 16 10 50 11 134 16 1 8 47 310 934 6 1 27 17
internal_value=0.000103599 -0.00254162 -0.000269622 -0.00147112 0.00314714 -0.0227661 0.000387838 -0.0279342 0.0301834 -0.0526659 -0.003064 0.00516028 0.033076 0.014256 -0.00754372 -0.0461193 -0.0608033 0.000578301 0.00873997 0.0343461 -0.0432333 -0.064799 0.00739509 -0.068629 -0.0239655 0.0700504 0.0403567 -0.078691 0.0695117 -0.077856
internal_weight=3.63054 3.51442 3.34027 3.29112 2.70457 0.586544 2.59745 0.374568 0.111814 0.262754 0.399354 2.22288 0.313413 0.226988 0.156978 0.174151 0.147188 1.90947 1.01111 0.297865 0.104994 0.187189 0.077639 0.182378 0.0335328 0.107127 0.0398137 0.148846 0.0828608 0.185115
internal_count=13490 10559 8137 7387 4443 2944 3493 3110 65 3045 67 383 156 148 96 2422 2406 227 177 145 70 2877 48 2876 357 950 40 2519 58 2997
is_linear=0
shrinkage=0.08


Tree=126
num_leaves=31
num_cat=0
split_feature=5 3 5 6 5 5 5 5 5 6 5 0 3 3 11 11 11 12 8 3 8 12 1 6 1 3 3 8 11 12
split_gain=0.112405 0.0497933 0.0692831 0.0672853 0.0782944 0.0681806 0.0604129 0.0581174 0.0559304 0.0532671 0.0440732 0.0362798 0.0347166 0.029777 0.133461 0.112629 0.0982988 0.138596 0.0457951 0.0289678 0.0338716 0.025981 0.0208212 0.0261638 0.0150068 0.0138279 0.0303789 0.00844253 0.00773102 0.0127388
threshold=78.815646656090863 69.848287876599315 49.753479221820136 1.0000000180025095e-35 25.872210953346855 20.521541950113384 46.037455749685975 70.632463511720488 66.8737060041408 1.5000000000000002 59.611795446061969 9.3073593073593077 83.123503752794377 90.002828054298661 2.5000000000000004 5.5000000000000009 4.5000000000000009 4.5000000000000009 3.5000000000000004 93.3511586452763 9.5000000000000018 3.5000000000000004 27.681992337164754 1.5000000000000002 32.071428571428577 82.696216575415704 76.209235209235217 10.500000000000002 9.5000000000000018 2.5000000000000004
decision_type=2 2 2 2 2 2 2 2 2 2 2 2 2 2 2 2 2 2 2 2 2 2 2 2 2 2 2 2 2 2
left_child=1 2 9 5 -5 12 -7 8 10 28 22 -2 25 14 -14 -16 17 -15 -17 20 -8 -18 23 -4 -6 26 -3 -24 -1 -30
right_child=11 3 7 4 24 6 19 -9 -10 -11 -12 -13 13 16 15 18 21 -19 -20 -21 -22 -23 27 -25 -26 -27 -28 -29 29 -31
leaf_value=-0.075508790615822066 -0.044967824981747104 0.051471489899283303 -0.074747572419943245 -0.079475916066492985 -0.07466891406415746 -0.068661458937473011 -0.049610693922844798 -0.043815116625642941 0.081597325837879375 0.062457143138474995 -0.060451374828641012 0.080323710760967004 -0.088205470639620934 0.08121497125382629 0.038427722901228381 0.0037740363859029647 -0.019909059230855394 -0.043395899450437814 -0.081653743971215151 0.064092909897725939 0.063163395119161816 0.0041931220396535665 -0.020160969590663477 0.080830570086966896 0.072231277455411705 0.065395967082158918 -0.08035309423833864 0.064753233385159537 -0.08000179925327143 0.040348629326345059
leaf_weight=0.18855981832530311 0.016570241772569605 0.037499281286728858 0.021635646553477272 0.026755856601084704 0.0045785855672875178 0.17205727774307877 0.065776529432696407 0.13356636984826764 0.070918550507485634 0.021330074958314071 0.056555127397587057 0.13775974823147408 0.12532183656003337 0.21389794128117512 0.26097603718699247 0.068937952766646049 0.41589425213169284 0.077938287828146713 0.096207485379636637 0.036721187510920572 0.023006846076896181 0.91813402741536265 0.0086115785561560187 0.010169879533350468 0.1592634425869619 0.07498307650530478 0.015945669047141564 0.057723284893654636 0.012580903429807222 0.010186067951508448
leaf_count=4700 3 50 85 6 8 2436 150 40 11 45 43 3194 6 88 24 20 19 39 42 211 29 62 128 1 1171 7 27 54 662 129
internal_value=0.000101663 -0.00294186 -0.024021 0.00152338 0.047406 -0.00183586 -0.037875 -0.00199154 0.0227686 -0.0580306 -0.00420089 0.0668713 0.00281509 0.000430997 -0.0156333 0.00571008 0.00587952 0.0479362 -0.045993 0.00433083 -0.020387 -0.00332093 0.0282144 -0.0250012 0.0681261 0.0432339 0.0121407 0.0537297 -0.0701919 -0.0261564
internal_weight=3.54006 3.38573 0.591837 2.7939 0.190598 2.6033 0.297562 0.35918 0.225614 0.232657 0.154696 0.15433 2.30574 2.17731 0.551443 0.426121 1.62586 0.291836 0.165145 0.125505 0.0887834 1.33403 0.0981404 0.0318055 0.163842 0.128428 0.053445 0.0663349 0.211327 0.022767
internal_count=13490 10293 5898 4395 1185 3210 2826 362 322 5536 311 3197 384 300 92 86 208 127 62 390 179 81 268 86 1179 84 77 182 5491 791
is_linear=0
shrinkage=0.08


Tree=127
num_leaves=31
num_cat=0
split_feature=4 12 1 4 1 4 8 2 4 6 5 5 11 3 2 11 1 3 9 3 1 4 1 8 9 2 1 2 2 5
split_gain=0.104499 0.0520251 0.0939433 0.105382 0.0799792 0.0766716 0.0656397 0.062821 0.060215 0.100728 0.0641991 0.0561657 0.0470597 0.177285 0.0841805 0.143596 0.059719 0.0808293 0.0461194 0.0615135 0.044722 0.0360866 0.0316547 0.0427354 0.0311923 0.0264605 0.0239413 0.0117952 0.0168323 0.0100686
threshold=94.559548978153643 4.5000000000000009 81.016731016731029 72.281323877068573 45.923792645104122 69.183285849952526 4.5000000000000009 28.831168831168835 1.0000000180025095e-35 1.0000000180025095e-35 31.608682723758552 49.753479221820136 4.5000000000000009 90.287087912087927 99.450549450549474 5.5000000000000009 87.609649122807028 86.67607392607394 1.0000000180025095e-35 44.459298871063588 57.93287566742945 52.843665768194079 78.629976580796267 9.5000000000000018 1.0000000180025095e-35 39.736842105263165 85.053191489361708 36.214605067064092 42.588071154516918 24.525599713569644
decision_type=2 2 2 2 2 2 2 2 2 2 2 2 2 2 2 2 2 2 2 2 2 2 2 2 2 2 2 2 2 2
left_child=1 4 3 24 11 8 7 -5 12 21 -11 -1 13 -6 15 -14 17 20 25 -20 -17 -10 23 -23 -3 -13 -22 -9 -29 -4
right_child=-2 2 29 6 5 -7 -8 27 9 10 -12 18 14 -15 -16 16 -18 -19 19 -21 26 22 -24 -25 -26 -27 -28 28 -30 -31
leaf_value=-0.07969111617513322 0.080083071705311218 -0.080983119924732755 0.081771571836259313 0.081798027850653626 -0.021194412639969514 0.080184925101873528 0.080788959672132898 -0.079332971957708928 -0.079592239999475678 -0.081996709079691588 0.063317999772249708 -0.080828095329556121 0.061447208684175435 0.081123775192210423 -0.018432090395456589 -0.080473420992610317 0.08067372976164576 -0.081417471440016875 -0.064470049800223597 0.065015627663580058 0.053396634919406889 -0.080634040430088177 0.077593721197944596 0.064311078570338284 0.036045487096703188 0.0095941940730916875 -0.023074127892182932 -0.080342508791314646 0.080065093466077611 0.04101220433549612
leaf_weight=0.1477857080390107 0.10145151243705175 0.10091113703310828 0.1187820989289321 0.029698673257371411 0.2407181616399624 0.071602495561819413 0.091657791606849059 0.047389075072715059 0.18350793313766178 0.025084999730097479 0.086735780445451383 0.07005272754940961 0.27581017438933453 0.19713615566070075 1.0287560868018772 0.02972820272862009 0.034442967618815601 0.11610109021421522 0.035235765122706653 0.070381195921072504 0.082337727359117707 0.048731974998190708 0.018031816725851968 0.01776404699194245 0.017037093364706379 0.029406848416329012 0.038432490080595016 0.0084890932776033878 0.0082608471475396072 0.057594756450271234
leaf_count=2952 2929 83 68 8 43 444 134 6 4743 15 81 136 36 87 30 84 7 25 15 47 93 78 12 13 89 35 4 2 124 1067
internal_value=0.000100631 -0.00233786 0.0220315 -0.00495612 -0.00644384 -0.00140188 0.0326374 -0.0143956 -0.00381255 -0.0330615 0.0307192 -0.0420931 0.0016245 0.0248725 -0.00471531 0.0197471 -0.0184578 -0.031265 -0.0149986 0.0218168 0.00742487 -0.05967 -0.0164191 -0.0419127 -0.0640789 -0.0540933 0.0290615 -0.0589368 -0.00123162 0.0684619
internal_weight=3.42906 3.3276 0.479821 0.303444 2.84778 2.49492 0.185495 0.0938377 2.42332 0.379857 0.111821 0.352862 2.04346 0.437854 1.60561 0.576853 0.301042 0.2666 0.205077 0.105617 0.150498 0.268036 0.0845278 0.066496 0.117948 0.0994596 0.12077 0.064139 0.0167499 0.176377
internal_count=13490 10561 1581 446 8980 5795 274 140 5351 4942 96 3185 409 130 279 249 213 206 233 62 181 4846 103 91 172 171 97 132 126 1135
is_linear=0
shrinkage=0.08


Tree=128
num_leaves=31
num_cat=0
split_feature=5 0 4 11 4 9 4 12 2 2 11 1 4 12 0 2 12 0 0 8 4 2 5 1 4 4 5 12 11 12
split_gain=0.096562 0.0436867 0.0581677 0.0500812 0.0523585 0.0477575 0.0418404 0.0412999 0.043181 0.0829542 0.0403441 0.0347365 0.0344627 0.0445944 0.0312297 0.0309225 0.0396523 0.0261097 0.0254144 0.0255631 0.024852 0.0220046 0.0508005 0.0293458 0.0345455 0.0330697 0.0218849 0.019648 0.0708064 0.0284831
threshold=78.815646656090863 89.08730158730161 52.843665768194079 2.5000000000000004 93.444300429770124 1.0000000180025095e-35 81.165540540540562 1.5000000000000002 73.765182186234838 71.503759398496257 1.5000000000000002 72.281323877068573 23.670062252405213 2.5000000000000004 9.3073593073593077 17.519181585677753 2.5000000000000004 69.098143236074279 22.431865828092253 13.500000000000002 46.885775862068975 18.808962264150946 65.648320895522403 45.035211267605639 63.686313686313689 1.0000000180025095e-35 57.247899159663866 3.5000000000000004 5.5000000000000009 4.5000000000000009
decision_type=2 2 2 2 2 2 2 2 2 2 2 2 2 2 2 2 2 2 2 2 2 2 2 2 2 2 2 2 2 2
left_child=1 3 12 10 5 7 21 -5 9 15 11 -1 13 -3 -2 -9 17 -17 -18 -20 -14 -7 23 -23 25 -25 -21 -15 29 -29
right_child=14 2 -4 4 -6 6 -8 8 -10 -11 -12 -13 20 27 -16 16 18 -19 19 26 -22 22 -24 24 -26 -27 -28 28 -30 -31
leaf_value=-0.070441015880959232 -0.042357307820174842 0.039185957635119097 0.06741172179986521 -0.077443646158799104 0.0803095567529825 -0.080651818824331215 0.081102337137308217 0.042207233208678099 -0.080011675209416822 0.061883590737744749 0.053655826270874563 0.078223672596840696 -0.052132768701590962 -0.011067173376193317 0.080281235936174214 0.06409304574427821 0.053453107103015311 -0.08016846875823154 -0.071329331837781271 -0.069620065685895516 0.020467901731301703 -0.074989147759906657 0.080817358493791597 0.0032858735568626761 0.079958057608894392 -0.08007234126973313 0.077952383179208454 0.08075924728760768 -0.0024422020801424574 0.0083929597937637216
leaf_weight=0.038720554582142297 0.01495752902701486 0.21027089671406463 0.089299661434779298 0.13818142014224577 0.030850316185023985 0.02648736732044199 0.035265531438199105 0.030665309303003596 0.082759526399968308 0.070802265383463237 0.10893750736067886 0.013589090784080327 0.12106730636423879 0.62439160364738178 0.11913222035036597 0.032329698218745762 0.013017012524869642 0.010682438276489847 0.19815757628020947 0.011500574000820052 0.040194336219428806 0.046776025465987914 0.038535884061275283 0.11786674790528195 0.026783205623360118 0.041072760852330248 0.014591671842936194 0.10368904430652037 0.79939082628698088 0.052400570224563126
leaf_count=99 3 28 1251 4123 117 71 35 52 179 56 240 16 333 26 3194 108 89 197 979 162 20 778 14 63 15 1078 4 86 23 51
internal_value=0.00010528 -0.002709 0.00427389 -0.0153468 -0.0222339 -0.0256156 -0.00129039 -0.0390474 -0.0276252 -0.0162683 0.0259267 -0.0318206 0.0013846 0.00457549 0.0666011 -0.0340635 -0.0424083 0.0282644 -0.05522 -0.0615281 -0.0340371 -0.0110565 -0.00425514 -0.0183556 -0.00409193 -0.0182554 0.0129075 -3.09386e-05 0.00718107 0.0564653
internal_weight=3.30237 3.16828 2.0407 1.12757 0.966325 0.935475 0.332788 0.602687 0.464506 0.381747 0.161247 0.0523096 1.9514 1.79014 0.13409 0.310944 0.280279 0.0430121 0.237267 0.22425 0.161262 0.297522 0.271035 0.232499 0.185723 0.15894 0.0260922 1.57987 0.95548 0.15609
internal_count=13490 10293 1818 8475 8120 8003 2054 5949 1826 1647 355 115 567 214 3197 1591 1539 305 1234 1145 353 2019 1948 1934 1156 1141 166 186 160 137
is_linear=0
shrinkage=0.08


Tree=129
num_leaves=31
num_cat=0
split_feature=12 4 0 0 4 0 4 3 0 5 5 12 1 12 2 9 6 1 1 8 8 3 1 4 12 2 8 5 5 4
split_gain=0.0898133 0.0379371 0.0365357 0.0501725 0.042909 0.0520768 0.0558086 0.048972 0.0663474 0.0470705 0.0446247 0.0372384 0.0734869 0.0438225 0.0630113 0.0447945 0.0458263 0.03431 0.0395772 0.0348808 0.0695933 0.057531 0.0360102 0.0280341 0.0239271 0.0465292 0.0186634 0.029912 0.0184132 0.0310835
threshold=6.5000000000000009 94.559548978153643 94.392033542976961 97.014260249554383 78.142959770114956 9.3073593073593077 85.215543412264751 82.696216575415704 58.123167155425229 66.8737060041408 81.185770750988169 4.5000000000000009 81.016731016731029 2.5000000000000004 70.65997130559542 1.0000000180025095e-35 1.5000000000000002 65.485893416927908 68.801229508196727 5.5000000000000009 3.5000000000000004 91.452380952380977 76.277056277056303 89.452289259734712 3.5000000000000004 99.450549450549474 13.500000000000002 49.753479221820136 24.525599713569644 48.404074702886255
decision_type=2 2 2 2 2 2 2 2 2 2 2 2 2 2 2 2 2 2 2 2 2 2 2 2 2 2 2 2 2 2
left_child=1 2 4 -4 7 -6 -7 9 -9 26 23 13 -13 14 -5 24 -17 -10 -19 20 21 -20 -23 -8 25 -15 -1 -28 -14 -30
right_child=-2 -3 3 11 5 6 10 8 17 -11 -12 12 28 15 -16 16 -18 18 19 -21 -22 22 -24 -25 -26 -27 27 -29 29 -31
leaf_value=-0.074206603242035804 0.080011433669853013 0.080175827771378855 0.082775639822464206 -0.020327719774473053 -0.080719489696285507 0.064509495788724516 -0.077091876268584339 0.063993947494314071 -0.055001723140251806 0.020183523935242541 0.080528491616671513 -0.063292274542413512 0.081751768838925973 0.0010417716581029991 0.067978333713845901 0.049666352118223164 -0.072666903515632916 0.057907533156107513 -0.079477245367790966 -0.080553188748652277 0.058809308898770694 -0.069052425039905094 0.050111936358270076 0.0054480788291457038 -0.0025778877016764167 -0.044946319948505467 -0.080138818178099758 0.043437320013553632 -0.080103708148384828 0.080220893353429162
leaf_weight=0.20337333792213119 0.087562028364118194 0.035428691004199098 0.049813176921816082 0.087463222761471004 0.033987715840339661 0.11917382299179735 0.051006931298616109 0.069241782448443701 0.12910902812473068 0.051918034834670834 0.02715404186892556 0.03642473392210388 0.10070626675587846 0.25795267102330377 0.12652907645860978 0.1414347565769275 0.022750033444026485 0.051687377576854487 0.086678528105039732 0.047767250258402782 0.073967187622656638 0.022971853546550847 0.055298596224020002 0.054446385498522432 0.79792751810600748 0.31003899459392414 0.025642282395892835 0.024526204275389318 0.013503537251381204 0.018131154849470477
leaf_count=5998 3532 500 31 146 4 50 19 90 738 8 61 18 61 39 53 314 17 86 198 54 75 18 51 33 136 22 906 54 23 155
internal_value=0.000100988 -0.00213734 -0.00308091 0.00351305 -0.0145547 0.0122318 0.0247792 -0.0236438 -0.00909044 -0.0492155 -0.0109264 0.00144896 0.0373318 -0.00202321 0.0318858 -0.00676554 0.0327154 -0.0199155 -0.00652796 -0.0181453 -0.0056679 -0.0345811 0.015138 -0.0344758 -0.0115112 -0.0240609 -0.0634264 -0.0197253 0.065027 0.011785
internal_weight=3.21362 3.12605 3.09063 1.96268 1.12795 0.285769 0.251781 0.842181 0.536722 0.30546 0.132607 1.91286 0.168766 1.7441 0.213992 1.5301 0.164185 0.46748 0.338371 0.286683 0.238916 0.164949 0.0782704 0.105453 1.36592 0.567992 0.253542 0.0501685 0.132341 0.0316347
internal_count=13490 9958 9458 1015 8443 167 163 8276 1310 6966 113 984 257 727 199 528 331 1220 482 396 342 267 69 52 197 61 6958 960 239 178
is_linear=0
shrinkage=0.08


Tree=130
num_leaves=31
num_cat=0
split_feature=12 11 1 9 4 1 4 11 1 1 11 12 3 3 5 4 3 3 3 5 12 3 11 11 8 12 3 11 1 4
split_gain=0.0827884 0.0388828 0.0567621 0.0404694 0.047799 0.0364369 0.0747354 0.0490543 0.097877 0.0432557 0.0442858 0.036422 0.0999797 0.0329864 0.0471646 0.050027 0.0333552 0.0487813 0.0317859 0.0296598 0.0292925 0.0277523 0.161627 0.125635 0.0890789 0.0819166 0.0542196 0.0338114 0.0254136 0.0250034
threshold=6.5000000000000009 7.5000000000000009 69.028213166144226 1.0000000180025095e-35 80.206185567010323 49.657534246575345 78.142959770114956 6.5000000000000009 88.303693570451443 50.352112676056343 1.5000000000000002 2.5000000000000004 87.877122877122886 90.478467908902715 22.82097649186257 49.844720496894418 87.877122877122886 85.968567251462005 90.287087912087927 65.648320895522403 3.5000000000000004 98.856209150326819 4.5000000000000009 4.5000000000000009 1.5000000000000002 3.5000000000000004 90.478467908902715 2.5000000000000004 87.026647966339425 74.322344322344335
decision_type=2 2 2 2 2 2 2 2 2 2 2 2 2 2 2 2 2 2 2 2 2 2 2 2 2 2 2 2 2 2
left_child=1 3 29 5 13 6 -1 9 -9 -7 -11 12 -12 16 -15 -16 17 19 -4 28 -8 23 -23 24 -13 -25 -26 -28 -5 -3
right_child=-2 2 18 4 -6 7 20 8 -10 10 11 21 -14 14 15 -17 -18 -19 -20 -21 -22 22 -24 25 26 -27 27 -29 -30 -31
leaf_value=-0.078180894418449498 0.08001055719443835 -0.079346910586761382 0.031766114167719878 -0.063053818689739624 0.080521319354079954 0.073936771584831154 -0.033791767005217258 -0.07418202178348203 0.083435420081405656 0.068234302320592591 -0.055129234980793064 0.073614254317693459 0.071191231054148624 0.080453526845183559 -0.034147138899374839 0.066684209422569363 -0.081287087330218069 0.07215537404761195 -0.052705628141148736 0.03025834415351928 0.028988433238737187 0.073713745969182148 -0.029906821655014182 0.075933117264417524 -0.081260253304331384 -0.033982799769012008 0.077101058317145463 -0.035395847759456867 0.080318256427172996 0.0052658032332042904
leaf_weight=0.12132709221532567 0.080830788904677209 0.12303497402717756 0.097611524197418476 0.079658395023216033 0.074354580730869202 0.045388702351374044 0.083716212557192193 0.033042336459402688 0.10643564356905699 0.051058869035841892 0.061659242584027996 0.042296363622881139 0.11468555049486895 0.083343108992266934 0.083625235485669691 0.050514027190729394 0.035919288225159107 0.048143128035007976 0.040271895915793721 0.046231300861109048 0.11014985141264333 0.10773073643213138 0.91105508091277443 0.16957807283142756 0.14832797622693761 0.058317119605817425 0.02532311429240508 0.052646970871137455 0.0087852086362545379 0.027313542221236276
leaf_count=1768 3532 3232 357 865 519 99 16 501 12 135 1138 57 69 96 73 109 53 45 80 9 32 211 62 113 130 85 16 55 5 16
internal_value=0.000102454 -0.00202115 -0.0299774 0.000905461 0.021233 -0.00372225 -0.0289388 0.000401175 0.0460958 -0.00316323 -0.00517133 -0.00738696 0.0270231 0.0111272 0.0331897 0.00382383 -0.0108087 0.00303862 0.00709428 -0.021669 0.00187837 -0.0113915 -0.0189495 0.00411733 -0.0329515 0.0478062 -0.0528693 0.00114088 -0.0488125 -0.0639755
internal_weight=3.12238 3.04155 0.288232 2.75331 0.510574 2.24274 0.315193 1.92755 0.139478 1.78807 1.74268 1.69162 0.176345 0.43622 0.217482 0.134139 0.218737 0.182818 0.137883 0.134675 0.193866 1.51528 1.01879 0.49649 0.268594 0.227895 0.226298 0.0779701 0.0884436 0.150349
internal_count=13490 9958 3685 6273 1774 4499 1816 2683 513 2170 2071 1936 1207 1255 278 182 977 924 437 879 48 729 273 456 258 198 201 71 870 3248
is_linear=0
shrinkage=0.08


Tree=131
num_leaves=31
num_cat=0
split_feature=4 12 1 1 2 4 4 6 9 5 9 4 11 3 2 11 3 1 4 11 5 5 3 0 11 1 3 4 5 4
split_gain=0.0782494 0.0424961 0.0752003 0.0792205 0.0626578 0.0753933 0.0629376 0.0642504 0.0567652 0.0423379 0.0390668 0.0430035 0.0348608 0.163762 0.0663613 0.12948 0.0441172 0.0481346 0.0287649 0.0272061 0.0409642 0.0260475 0.0266048 0.0250221 0.024658 0.0223418 0.0207863 0.018489 0.0109253 0.0255513
threshold=94.559548978153643 4.5000000000000009 81.016731016731029 26.540880503144663 44.575163398692816 66.024884206702396 1.0000000180025095e-35 1.0000000180025095e-35 1.0000000180025095e-35 31.608682723758552 1.0000000180025095e-35 84.725822532402802 4.5000000000000009 90.287087912087927 71.897435897435912 5.5000000000000009 86.67607392607394 57.93287566742945 52.843665768194079 5.5000000000000009 69.860393956779504 74.527629233511604 48.79160694378087 99.450549450549474 5.5000000000000009 78.629976580796267 86.478835978835988 55.763589301121662 62.771855010660992 84.016806722689083
decision_type=2 2 2 2 2 2 2 2 2 2 2 2 2 2 2 2 2 2 2 2 2 2 2 2 2 2 2 2 2 2
left_child=1 4 3 28 10 6 12 18 21 -9 -1 19 13 23 15 -14 17 -17 -8 20 -12 -5 -23 -6 -16 27 -11 -20 29 -3
right_child=-2 2 -4 8 5 -7 7 9 -10 26 11 -13 14 -15 24 16 -18 -19 25 -21 -22 22 -24 -25 -26 -27 -28 -29 -30 -31
leaf_value=-0.070247299780872394 0.080074400451655689 -0.080560590949181984 0.067549882654438703 -0.076918951734820301 0.0034874272890784291 0.071192362232304657 -0.079574790771712575 -0.081568800199939201 0.065766382430305859 -0.041545804053469436 -0.080232204757438946 0.081018909360915464 0.075523440291156943 0.08101277905967097 -0.030591718589823309 -0.080383413056347205 -0.081581724002958961 0.047275291920223637 0.018953815191528098 -0.08038953122810337 0.080951772686246953 -0.080532133403624487 0.080759137674624823 -0.050363502752329294 -0.0055792514378828493 0.07678548836802418 0.07327905720281265 -0.080538485703309598 0.079995401769941937 0.080829647393981449
leaf_weight=0.14654109085859213 0.076369521911146765 0.010356924400184542 0.14808082467243366 0.10619742754624895 0.11122311941835583 0.087788400662247912 0.15600362199620565 0.019933084648982913 0.028222656674188329 0.012447094412891602 0.017842065779404948 0.026770986616611481 0.17016088223681403 0.17108291900876793 0.36140384527971037 0.027226064526985283 0.057626033158157952 0.06183737084211316 0.020127768027123238 0.042468785109122109 0.023229131475090981 0.011475452422018861 0.01523392999843054 0.10967872967012227 0.83515097488361789 0.013257281796541065 0.053278483057511039 0.029436655467179662 0.054820379275042797 0.015942307887598872
leaf_count=2115 2929 50 1135 80 44 460 4954 11 230 90 183 3 28 87 27 95 13 70 50 618 2 2 62 4 59 11 16 40 20 2
internal_value=0.000125806 -0.00194752 0.0226376 -0.00481623 -0.00570413 -0.00151502 -0.00440336 -0.0381765 -0.0372766 0.0205601 -0.0431777 -0.0072174 0.000993633 0.0222559 -0.00451348 0.0280409 -0.0270393 0.00825093 -0.0611688 -0.0354934 0.0109306 -0.0591577 0.0114618 -0.0232498 -0.0131339 -0.0154615 0.0515336 -0.0401354 0.0596604 0.0172724
internal_weight=3.02121 2.94484 0.39033 0.242249 2.55451 2.29766 2.20987 0.304484 0.161129 0.0856587 0.256852 0.110311 1.90539 0.391985 1.51341 0.31685 0.146689 0.0890634 0.218825 0.08354 0.0410712 0.132907 0.0267094 0.220902 1.19655 0.0628217 0.0657256 0.0495644 0.0811196 0.0262992
internal_count=13490 10561 1581 446 8980 6059 5599 5172 374 117 2921 806 427 135 292 206 178 165 5055 803 185 144 64 48 86 101 106 90 72 52
is_linear=0
shrinkage=0.08


Tree=132
num_leaves=31
num_cat=0
split_feature=4 5 3 4 4 5 6 4 5 3 3 1 3 11 11 11 1 8 5 2 3 3 3 3 11 3 3 3 4 1
split_gain=0.0721327 0.0338997 0.0438137 0.0647117 0.054688 0.0372837 0.0645052 0.037781 0.0359757 0.0294928 0.0261459 0.0255788 0.0213786 0.104813 0.0793394 0.0765814 0.0656164 0.0359335 0.0211804 0.0193535 0.0111007 0.0243201 0.00905366 0.00831161 0.00420045 0.00321985 0.00308139 0.00573851 0.00146656 0.0010982
threshold=94.559548978153643 78.815646656090863 69.848287876599315 69.183285849952526 66.024884206702396 20.521541950113384 1.0000000180025095e-35 55.059167663874497 70.632463511720488 48.79160694378087 83.123503752794377 11.942959001782535 90.002828054298661 2.5000000000000004 5.5000000000000009 4.5000000000000009 74.813432835820905 3.5000000000000004 32.193648938242752 31.311274509803926 82.696216575415704 76.209235209235217 91.452380952380977 90.773852584197428 5.5000000000000009 58.247517655313764 75.818984226912633 70.717153217153239 52.843665768194079 51.47186147186148
decision_type=2 2 2 2 2 2 2 2 2 2 2 2 2 2 2 2 2 2 2 2 2 2 2 2 2 2 2 2 2 2
left_child=1 2 4 5 -1 10 7 28 9 -6 20 -3 13 -12 -15 16 -14 -16 -8 -11 21 26 -9 29 -17 -21 27 -4 -7 -20
right_child=-2 11 3 -5 8 6 18 22 -10 19 12 -13 15 14 17 24 -18 -19 23 25 -22 -23 -24 -25 -26 -27 -28 -29 -30 -31
leaf_value=-0.080009583659230346 0.080068717787073682 -0.054797016652000617 0.076887364800357572 0.080105396459441189 0.045545653831276935 -0.080070634627075463 -0.031809700035830828 -0.034307404042141262 -0.053596708367877874 -0.057236016897699131 -0.086455869904500798 0.080417882608263602 -0.012489383973796838 0.035071518386599818 0.0035877138584604414 -0.0092346030139915346 0.080934540073703265 -0.081182549321506911 0.038564965887227853 -0.010229123335890827 0.06416824830047925 -0.080306904738901758 0.02654159601061417 0.080596346989826276 0.00071399046134473624 0.020471327469467688 0.079427054238766684 -0.010621524113069743 -0.045211977943237884 0.0073514798588794582
leaf_weight=0.096754530005911277 0.070502754809240176 0.010858179302886017 0.008740140942792185 0.064339217266024096 0.079318193456856534 0.12552335327018216 0.02647253197756072 0.030092966382653685 0.089354865065615741 0.047192293219268322 0.10129123600563605 0.051054213345196331 0.072776448680088035 0.2210883942188957 0.05733476586829056 0.39506453644571571 0.14198420022148639 0.072434660532053385 0.013692335494852159 0.040683188086404698 0.059568590882918215 0.013093583640511497 0.032605271961074322 0.033637196967902128 0.86921731903566979 0.047264590379199944 0.012823277109418996 0.01062761337379925 0.0082308096352790017 0.01524729792799917
leaf_count=5757 2929 2 7 792 21 2465 7 29 21 10 6 910 7 24 20 43 120 42 17 20 7 27 18 42 38 21 4 39 22 23
internal_value=0.000132485 -0.0018461 -0.00314702 0.00096336 -0.0276295 -0.00122998 -0.0283038 -0.0539056 -0.0109482 0.00682145 0.00256642 0.0567039 0.000454018 -0.0147696 0.00592598 0.00510793 0.0492758 -0.0437293 0.0281764 -0.0159071 0.0414727 0.0116184 -0.0026638 0.0535529 -0.00239476 0.00626981 0.0490087 0.0288689 -0.0779255 0.0221197
internal_weight=2.91887 2.84837 2.78645 2.38589 0.400568 2.32155 0.285502 0.196452 0.303813 0.214458 2.03604 0.0619124 1.93119 0.452149 0.350858 1.47904 0.214761 0.129769 0.0890494 0.13514 0.104853 0.0452846 0.0626982 0.0625768 1.26428 0.0879478 0.032191 0.0193678 0.133754 0.0289396
internal_count=13490 10561 9649 3799 5850 3007 2623 2534 93 72 384 912 300 92 86 208 127 62 89 51 84 77 47 82 81 41 50 46 2487 40
is_linear=0
shrinkage=0.08


Tree=133
num_leaves=31
num_cat=0
split_feature=4 12 1 4 1 4 1 3 5 4 6 6 11 3 2 11 1 3 1 9 3 4 2 9 3 1 5 4 1 3
split_gain=0.0665102 0.037456 0.0670069 0.0725321 0.0564906 0.0557704 0.0445022 0.0630367 0.0409495 0.0401845 0.0757155 0.0449754 0.0331029 0.133997 0.0599067 0.107339 0.047948 0.0614523 0.0315263 0.0298765 0.0433449 0.0253515 0.0234542 0.0225641 0.0223967 0.0179136 0.0107227 0.0350403 0.00796516 0.00540102
threshold=94.559548978153643 4.5000000000000009 81.016731016731029 72.281323877068573 45.923792645104122 69.183285849952526 28.86904761904762 54.368530020703936 49.753479221820136 1.0000000180025095e-35 1.0000000180025095e-35 1.5000000000000002 4.5000000000000009 90.287087912087927 99.450549450549474 5.5000000000000009 87.609649122807028 86.67607392607394 57.93287566742945 1.0000000180025095e-35 44.459298871063588 52.843665768194079 39.736842105263165 1.0000000180025095e-35 90.287087912087927 85.053191489361708 24.525599713569644 48.404074702886255 68.356867779204109 82.940069840645307
decision_type=2 2 2 2 2 2 2 2 2 2 2 2 2 2 2 2 2 2 2 2 2 2 2 2 2 2 2 2 2 2
left_child=1 4 3 23 8 9 -5 -8 -1 12 21 -12 13 -6 15 -14 17 18 -17 22 -21 -11 -10 -3 -23 29 -4 -28 -25 -20
right_child=-2 2 26 6 5 -7 7 -9 19 10 11 -13 14 -15 -16 16 -18 -19 25 20 -22 24 -24 28 -26 -27 27 -29 -30 -31
leaf_value=-0.079430691125006267 0.080063467752407663 -0.080220933711764406 0.081493877114843336 0.080827722129909518 -0.019189592874769425 0.080147855413248245 -0.073868585552169283 0.080409920476885638 -0.080622627784563042 -0.079470002329313283 0.061859556744398615 -0.078540083658222931 0.058346989352187351 0.080867137111621828 -0.014977522156148476 -0.080367262546374482 0.08053438688985827 -0.081038481928839015 0.015194288327279822 -0.064409472757412545 0.063715919525942147 -0.080248614963032205 0.014973851561156389 -0.048326905363322174 0.018172152571393138 -0.02185960027393756 -0.080088804948986389 0.080086066446281787 0.080183335943599041 0.065228171254698653
leaf_weight=0.10431085463369649 0.065086339503068191 0.07200839734468889 0.094347120832026121 0.062907085877668578 0.20185129003584812 0.05274518187434285 0.042091579198313411 0.028376591643791471 0.051246324852399994 0.12960969867253869 0.066914083608935471 0.018678458258364117 0.23167916074817152 0.14881431257344957 1.016555506415898 0.022018868691702664 0.027881073066964746 0.090252589667215943 0.019862802604620811 0.025329990071440989 0.05076630840630969 0.023342345314176782 0.024173478599550435 0.0048670437245164075 0.040423692611511797 0.033711283002048731 0.012387800772557966 0.029691909252505866 0.00843854740014649 0.045296052689081989
leaf_count=2952 2929 83 68 23 43 444 12 239 136 4743 90 6 36 87 30 84 7 25 80 15 47 88 35 81 15 4 26 1041 8 13
internal_value=0.000123305 -0.00174789 0.022518 -0.00492941 -0.00530069 -0.00110832 0.0319186 -0.0117427 -0.0408557 -0.00313292 -0.0314244 0.0312208 0.00116129 0.0232722 -0.00405201 0.0195434 -0.0180681 -0.0310884 0.00620295 -0.0142989 0.0210671 -0.0591527 -0.0499821 -0.0625356 -0.017856 0.0254826 0.0665155 0.0329324 0.0331757 0.049976
internal_weight=2.84567 2.78058 0.355116 0.218689 2.42546 2.16964 0.133375 0.0704682 0.255827 2.11689 0.278968 0.0855925 1.83792 0.350666 1.48726 0.470702 0.239023 0.211142 0.120889 0.151516 0.0760963 0.193376 0.0754198 0.085314 0.063766 0.0988701 0.136427 0.0420797 0.0133056 0.0651589
internal_count=13490 10561 1581 446 8980 5795 274 251 3185 5351 4942 96 409 130 279 249 213 206 181 233 62 4846 171 172 103 97 1135 1067 89 93
is_linear=0
shrinkage=0.08


Tree=134
num_leaves=31
num_cat=0
split_feature=5 0 8 4 0 9 3 3 4 2 0 11 2 3 11 11 1 2 2 0 3 3 3 5 1 0 2 3 4 4
split_gain=0.0615487 0.032037 0.0384361 0.0381762 0.0357619 0.0289259 0.0418457 0.0432536 0.0404434 0.0380345 0.034354 0.024211 0.0966942 0.0525621 0.0552961 0.0482127 0.0477384 0.0429722 0.022327 0.0216311 0.020547 0.0358219 0.0189679 0.0364008 0.0232539 0.0244605 0.0209057 0.0328349 0.02473 0.0172055
threshold=78.815646656090863 89.08730158730161 16.500000000000004 52.843665768194079 55.470085470085479 1.0000000180025095e-35 40.137871387871392 88.007724301841975 81.165540540540562 75.768872320596472 88.303693570451443 2.5000000000000004 67.962264150943412 88.649431064291761 6.5000000000000009 4.5000000000000009 75.615615615615624 70.65997130559542 82.446311858076569 9.3073593073593077 90.002828054298661 89.095719095719105 44.459298871063588 65.648320895522403 52.704678362573112 58.123167155425229 51.31670131670132 91.452380952380977 63.686313686313689 66.024884206702396
decision_type=2 2 2 2 2 2 2 2 2 2 2 2 2 2 2 2 2 2 2 2 2 2 2 2 2 2 2 2 2 2
left_child=1 2 5 11 -4 6 -1 29 22 10 20 12 -3 14 -13 16 -15 -16 -11 -2 21 -9 -7 24 -24 -26 -27 28 -28 -8
right_child=19 3 4 -5 -6 8 7 9 -10 18 -12 13 -14 15 17 -17 -18 -19 -20 -21 -22 -23 23 -25 25 26 27 -29 -30 -31
leaf_value=0.068882647309336312 -0.042200244445233397 -0.086679747641681751 0.065514519817280931 0.065340758408344371 -0.080024889718913514 -0.080413005319437417 -0.080097278034123018 0.042644992828046402 0.080602487246570736 -0.079695918110383013 -0.08167513701792975 0.070258909601820824 0.053288910318382045 -0.069323130178785289 -0.081139113287759287 -0.0063573294468522506 0.060496312912393282 0.039610626324399587 0.035752449699103649 0.080210690372283636 0.075144889482693808 -0.077210274054859848 -0.071632352665860086 0.080591322912827668 0.074679281087719762 0.066016061014823005 -0.080371879068123347 0.034340129066343782 0.078961627967994649 -0.039809102698704274
leaf_weight=0.025348788597512439 0.010478297481313237 0.079684255693791672 0.061496353363509115 0.062576730580076512 0.013108667035339749 0.022721814579199417 0.12000045477952881 0.052397709339857101 0.035622687064460479 0.055837422455624619 0.020089125260710716 0.14277580835914672 0.05233330103874323 0.02115370780666137 0.033959790712287941 1.2541745124171937 0.12677604752934712 0.042428227083291858 0.013268640939713805 0.078104436922330933 0.043594057573500322 0.022949215084736352 0.038779298563895281 0.028457792890549172 0.022556517638804507 0.016823119698528899 0.058411000940395752 0.033183383289724588 0.0069792409758520071 0.1560771099102567
leaf_count=79 3 11 294 1251 303 114 5360 73 114 69 1 83 41 9 101 169 125 28 50 3194 44 73 975 16 57 75 636 39 7 96
internal_value=0.000128389 -0.00205337 -0.0148945 0.00394129 0.0399421 -0.0201863 -0.0313148 -0.0365602 0.00133136 -0.00902272 0.0150879 0.00174987 -0.0311945 0.00443249 0.0408663 -0.0012625 0.0419323 -0.014071 -0.0575294 0.0657309 0.0314312 0.0061394 -0.0110587 -0.00337876 -0.0168998 -0.00151419 -0.0164077 -0.0304746 -0.0633659 -0.0573208
internal_weight=2.75215 2.66356 0.847702 1.81586 0.074605 0.773097 0.509563 0.484214 0.263535 0.208136 0.13903 1.75329 0.132018 1.62127 0.219164 1.4021 0.14793 0.076388 0.0691061 0.0885827 0.118941 0.0753469 0.227912 0.20519 0.176733 0.137953 0.115397 0.0985736 0.0653902 0.276078
internal_count=13490 10293 8475 1818 597 7878 5845 5766 2033 310 191 567 52 515 212 303 134 129 119 3197 190 146 1919 1805 1789 814 757 682 643 5456
is_linear=0
shrinkage=0.08


Tree=135
num_leaves=31
num_cat=0
split_feature=4 12 1 1 1 4 5 6 9 5 5 12 1 2 12 1 4 4 0 8 0 12 11 4 5 8 4 5 5 0
split_gain=0.0576009 0.0339229 0.0591165 0.0625902 0.0503681 0.0490629 0.0457486 0.049741 0.0451472 0.0361596 0.0358825 0.0316591 0.0497919 0.0343135 0.0686542 0.051328 0.0259959 0.0250472 0.0219573 0.0218457 0.0438802 0.020407 0.0350144 0.0187339 0.0186928 0.018713 0.0186774 0.0442998 0.0127534 0.0109989
threshold=94.559548978153643 4.5000000000000009 81.016731016731029 26.540880503144663 45.923792645104122 66.024884206702396 20.521541950113384 1.0000000180025095e-35 1.0000000180025095e-35 31.608682723758552 49.753479221820136 2.5000000000000004 87.026647966339425 99.450549450549474 3.5000000000000004 65.485893416927908 84.725822532402802 55.059167663874497 87.609649122807028 2.5000000000000004 58.722109533468561 1.5000000000000002 5.5000000000000009 63.686313686313689 74.527629233511604 2.5000000000000004 74.322344322344335 69.860393956779504 53.907203907203915 99.450549450549474
decision_type=2 2 2 2 2 2 2 2 2 2 2 2 2 2 2 2 2 2 2 2 2 2 2 2 2 2 2 2 2 2
left_child=1 4 3 -3 10 6 11 17 24 -9 -1 12 19 15 -15 -13 26 -8 -17 20 -6 22 -21 28 -5 -26 27 -12 -19 -11
right_child=-2 2 -4 8 5 -7 7 9 -10 29 16 13 -14 14 -16 18 -18 23 -20 21 -22 -23 -24 -25 25 -27 -28 -29 -30 -31
leaf_value=-0.079125125185676409 0.080055768587092763 0.059691618431602464 0.065871652783953683 -0.075683262323949715 0.077297299533798519 0.068896381878066654 -0.077834172135472779 -0.081281435029705182 0.064556634704174012 0.0019757830898490896 -0.080100249895115785 -0.010121295210540344 0.082081945040589133 -0.0454371164129172 0.00098748270732571474 0.012194476985540204 0.030579797607036656 -0.03535167099891056 0.064766153881852556 0.040590235598231272 -0.080431719364716298 0.048844835511747009 -0.080925644532128999 -0.073836363057023111 -0.073103380544628421 0.080560620211317643 -0.08059756462490883 0.080659646481959016 0.074435009239366356 0.080579358405196352
leaf_weight=0.092352227789889496 0.056474529204933677 0.06414393302566157 0.1245624496759774 0.085111137488638633 0.015607534241099397 0.062242556402452354 0.12450414399700083 0.016532227537027211 0.022975017704993661 0.016991710858746956 0.023650745968552656 0.24264911729824201 0.074424242862733081 0.27742928656516597 0.76887995787910768 0.084670216965605505 0.051092645177959639 0.011137807169234293 0.12727936207556922 0.034779150440044759 0.040789101833070163 0.079710935915500158 0.026925081198442058 0.017491151620561141 0.0094271577436302323 0.010978849782986799 0.040864041075110435 0.020461759530007839 0.017275261679969844 0.034578781334857922
leaf_count=2952 2929 72 1135 80 9 451 4751 15 230 66 211 34 9 12 78 18 13 46 32 44 68 39 92 6 25 39 6 3 15 10
internal_value=0.000119007 -0.00160436 0.0229225 -0.00484923 -0.00498352 -0.00105653 -0.00322094 -0.0361152 -0.0370684 0.0216753 -0.0406377 0.00120377 0.0263036 -0.00334887 -0.011322 0.0150022 -0.0145156 -0.0592108 0.0437647 0.00531775 -0.0367809 0.0221068 -0.0124341 -0.00869939 -0.0591959 0.009571 -0.0416295 -0.00553114 0.0313991 0.0546806
internal_weight=2.67599 2.61952 0.317199 0.192636 2.30232 2.0739 2.01166 0.238511 0.128492 0.0681027 0.228421 1.77314 0.272236 1.50091 1.04631 0.454599 0.136069 0.170408 0.21195 0.197812 0.0563966 0.141415 0.0617042 0.0459042 0.105517 0.020406 0.0849765 0.0441125 0.0284131 0.0515705
internal_count=13490 10561 1581 446 8980 5795 5344 4909 374 91 3185 435 261 174 90 84 233 4818 50 252 77 175 136 67 144 64 220 214 61 76
is_linear=0
shrinkage=0.08


Tree=136
num_leaves=31
num_cat=0
split_feature=12 4 0 0 12 11 12 1 2 11 11 2 11 12 11 11 4 2 1 2 1 0 0 12 2 0 11 12 0 4
split_gain=0.0531756 0.0233831 0.0264163 0.0392326 0.0378043 0.0456819 0.0491136 0.04596 0.0419142 0.132592 0.0889832 0.0395217 0.0340657 0.0325403 0.0299779 0.0271609 0.0300355 0.0492038 0.0361714 0.0261589 0.043565 0.0337853 0.0385632 0.0424292 0.0260702 0.0254662 0.0204014 0.0201204 0.0314003 0.0191856
threshold=6.5000000000000009 94.559548978153643 94.392033542976961 97.014260249554383 2.5000000000000004 6.5000000000000009 4.5000000000000009 77.871939736346533 97.100840336134468 4.5000000000000009 2.5000000000000004 70.65997130559542 5.5000000000000009 3.5000000000000004 6.5000000000000009 2.5000000000000004 66.024884206702396 43.288288288288292 87.026647966339425 76.533166458072614 56.294014084507047 81.365740740740748 76.5331664580726 2.5000000000000004 30.094339622641517 28.869047619047624 5.5000000000000009 1.5000000000000002 58.123167155425229 28.187071144817626
decision_type=2 2 2 2 2 2 2 2 2 2 2 2 2 2 2 2 2 2 2 2 2 2 2 2 2 2 2 2 2 2
left_child=1 2 15 -4 11 6 8 -8 10 29 -6 14 -11 -12 -5 24 18 25 19 20 -17 22 23 27 -1 -18 -24 28 -22 -10
right_child=-2 -3 3 4 5 -7 7 -9 9 12 13 -13 -14 -15 -16 16 17 -19 -20 -21 21 -23 26 -25 -26 -27 -28 -29 -30 -31
leaf_value=-0.067036495821569467 0.080008777426164746 0.080116762702085148 0.08222186038254084 0.034637177599424487 -0.041057668849921153 0.041964586029571524 -0.080706615054414996 0.066545611793458137 0.080965888632381453 -0.052111238165826156 0.07528952376096977 0.068138301408779522 -0.018499111135885621 -0.024397026012157333 -0.078790515433576375 -0.080062740326843157 0.0047044041282078598 0.065955968001133208 0.049453878786749568 -0.078957844628060908 0.067811756248371172 -0.080745229141008554 0.074970592161020561 -0.068977438934440388 0.040605651903129467 -0.05159751253522199 -0.080042891343019285 0.062710065736116039 -0.080095034730484432 0.013000138480028898
leaf_weight=0.017142973803857875 0.052244326800973684 0.02225626975086914 0.039466049084694421 0.035519407644642453 0.096205427886161154 0.13501835754323099 0.015900794365734217 0.092366241538002214 0.084386027610889869 0.27977461988302821 0.12088363938528346 0.10326901399184862 0.62202332101696811 0.025352111022584722 0.025703395582240773 0.079391257642782875 0.13481985999351309 0.058335300554062997 0.031433421178007848 0.085259480386412179 0.015400064123241464 0.037624370500452642 0.04988273134767951 0.063050542750715977 0.089992778833220655 0.08311234433131176 0.0060980234025009841 0.036416984225070337 0.022766798926113552 0.03880434379880171
leaf_count=40 3532 500 31 66 30 81 4 231 63 57 43 53 25 75 80 5088 33 135 25 357 72 308 93 387 271 30 277 164 1163 176
internal_value=0.000113932 -0.00152446 -0.00224396 0.00338214 0.00152477 -0.00244082 -0.00679901 0.0449192 -0.0112169 -0.0182923 0.0186964 0.0379453 -0.028927 0.0580074 -0.0129836 -0.0141431 -0.0198569 0.000700112 -0.0331472 -0.0397057 -0.0289321 -0.0113774 0.00210252 -0.0206675 0.0233816 -0.0167673 0.0580849 0.0201721 -0.0204157 0.059557
internal_weight=2.5999 2.54766 2.5254 1.71467 1.67521 1.51071 1.3757 0.108267 1.26743 1.02499 0.242441 0.164492 0.901798 0.146236 0.0612228 0.810727 0.703591 0.276268 0.427324 0.39589 0.310631 0.23124 0.193615 0.137634 0.107136 0.217932 0.0559808 0.0745838 0.0381669 0.12319
internal_count=13490 9958 9458 1015 984 785 704 235 469 321 148 199 82 118 146 8443 8132 198 7934 7909 7552 2464 2156 1786 311 63 370 1399 1235 239
is_linear=0
shrinkage=0.08


Tree=137
num_leaves=31
num_cat=0
split_feature=12 11 9 11 8 4 8 3 4 4 8 12 8 0 2 2 11 11 0 3 3 4 12 12 3 3 6 0 11 4
split_gain=0.049022 0.0235466 0.0301824 0.0388645 0.102829 0.0311208 0.0282258 0.0261029 0.0402564 0.0361944 0.0241849 0.0219828 0.0746125 0.0516836 0.0368851 0.0342341 0.0851438 0.0793656 0.0691263 0.0652888 0.0602395 0.0336051 0.0304893 0.149086 0.0217936 0.0334757 0.0188245 0.0170785 0.0168292 0.0235285
threshold=6.5000000000000009 7.5000000000000009 1.0000000180025095e-35 6.5000000000000009 1.0000000180025095e-35 80.206185567010323 9.5000000000000018 90.478467908902715 24.67444613563335 49.844720496894418 21.500000000000004 4.5000000000000009 1.5000000000000002 23.669467787114851 39.736842105263165 71.897435897435912 2.5000000000000004 4.5000000000000009 82.480818414322258 87.877122877122886 90.287087912087927 66.024884206702396 3.5000000000000004 1.5000000000000002 87.877122877122886 85.968567251462005 1.0000000180025095e-35 61.311827956989255 5.5000000000000009 72.281323877068573
decision_type=2 2 2 2 2 2 2 2 2 2 2 2 2 2 2 2 2 2 2 2 2 2 2 2 2 2 2 2 2 2
left_child=1 2 3 10 -5 7 -3 24 -9 26 11 14 -13 -14 -1 16 20 18 -17 21 27 -18 23 -19 25 28 -10 -16 29 -4
right_child=-2 6 5 4 -6 -7 -8 8 9 -11 -12 12 13 -15 15 17 19 22 -20 -21 -22 -23 -24 -25 -26 -27 -28 -29 -30 -31
leaf_value=-0.070352040200361593 0.080008103387436413 -0.0095032936308136525 -0.040816190058657366 0.082109999135188169 -0.07565650361215559 0.080376012303698452 -0.076851115550217272 0.080411701966137214 -0.080101401381446988 0.063235696291478391 0.062357278809452764 0.07660653158067382 0.078951737595647789 -0.049886087168003128 0.027745745715197116 -0.051187158374289159 -0.080058192075745091 0.073670896632414218 0.068310202567276476 0.066418621739664591 0.080546621565199678 0.042729629972982991 -0.014651994896150072 -0.074957765853171085 -0.080792150484128342 0.070313716554865166 0.0078536260501197615 -0.084933896373277348 -0.068403853534398679 0.056773537267725535
leaf_weight=0.063921789481811486 0.048227981429590616 0.1489090611935352 0.036202904455876594 0.095891579377166525 0.036506310187178315 0.049995849247352453 0.054368450851598027 0.07067463700332155 0.031014075832899834 0.037872201716709242 0.032210936986757477 0.080987040948457323 0.02523712243691989 0.094709801063800114 0.0096595201202943626 0.04192578208630926 0.035606518059921655 0.053605081788191455 0.11868978762049665 0.17191743979583407 0.020147393993283913 0.023800248596671736 0.69403915613474965 0.22236725265702262 0.024253794093965553 0.03382819366925105 0.031280478578992188 0.079138085279737425 0.03310439563165346 0.028070996988390107
leaf_count=660 3532 2641 383 62 867 519 1044 95 69 110 90 170 16 104 55 81 1621 83 308 95 6 26 61 91 53 45 4 103 485 11
internal_value=0.000125261 -0.00142824 0.000901081 -0.0031978 0.0386088 0.0216011 -0.0275161 0.0125956 0.0341799 0.00156009 -0.00632858 -0.00760321 0.0172791 -0.0227783 -0.0108607 -0.00827536 0.0139719 -0.0149708 0.0371176 0.0414349 -0.0443406 -0.0308655 -0.0235957 -0.046088 -0.0111242 0.00175405 -0.0359358 -0.0726765 -0.0220629 0.00180517
internal_weight=2.52816 2.47994 2.27666 1.90036 0.132398 0.376298 0.203278 0.326302 0.170841 0.100167 1.76796 1.73575 0.200934 0.119947 1.53482 1.4709 0.340269 1.13063 0.160616 0.231324 0.108945 0.0594068 0.970011 0.275972 0.15546 0.131206 0.0622946 0.0887976 0.0973783 0.0642739
internal_count=13490 9958 6273 4499 929 1774 3685 1255 278 183 3570 3480 290 120 3190 2530 1906 624 389 1742 164 1647 235 174 977 924 73 158 879 394
is_linear=0
shrinkage=0.08


Tree=138
num_leaves=31
num_cat=0
split_feature=4 12 1 4 1 4 8 5 6 6 5 1 12 0 0 11 1 0 9 9 4 1 12 5 4 5 4 0 5 1
split_gain=0.0464017 0.0249923 0.0434985 0.0486499 0.0422741 0.0420188 0.03492 0.0341064 0.0597317 0.0355565 0.0309026 0.0308883 0.0258394 0.0416972 0.0446296 0.026765 0.0994952 0.0243833 0.0229771 0.022568 0.01972 0.0200069 0.018307 0.0167406 0.0124186 0.0107657 0.0236054 0.0102329 0.0105312 0.00757299
threshold=94.559548978153643 4.5000000000000009 86.72955974842769 72.281323877068573 45.923792645104122 69.183285849952526 4.5000000000000009 20.521541950113384 1.0000000180025095e-35 1.5000000000000002 49.753479221820136 28.86904761904762 2.5000000000000004 91.476997578692519 75.204918032786892 4.5000000000000009 65.485893416927908 89.08730158730161 1.0000000180025095e-35 1.0000000180025095e-35 52.843665768194079 68.614072494669514 3.5000000000000004 72.377109317681587 87.308380670764933 26.713615023474183 48.404074702886255 35.948717948717956 45.55005500550056 69.631093544137045
decision_type=2 2 2 2 2 2 2 2 2 2 2 2 2 2 2 2 2 2 2 2 2 2 2 2 2 2 2 2 2 2
left_child=1 4 3 18 10 7 11 12 20 -10 -1 -5 13 14 29 16 -14 -18 -3 24 -9 -22 -17 -21 -12 -4 -27 -13 -29 -6
right_child=-2 2 25 6 5 -7 -8 8 9 -11 19 27 15 -15 -16 22 17 -19 -20 23 21 -23 -24 -25 -26 26 -28 28 -30 -31
leaf_value=-0.078887315982773196 0.080052618080785842 -0.076742804313770646 0.081158251318416197 0.080973341683670153 0.016183660815293769 0.080120176463964229 0.080436586460305493 -0.080046990667513071 0.05978148474185857 -0.07812126563422378 -0.080395609724491474 -0.080754683823362719 -0.043279774863033242 0.057437163497527866 -0.066987808706368945 -0.022005983202044797 0.0060939736554255323 0.08067692133585054 0.027723460154969893 0.050869849180801945 -0.080326316520111921 0.019650589356952481 -0.00066253554489568794 -0.04033783294719006 -0.0078294480283927978 -0.080108416265613533 0.080021916415133371 -0.076769337115614247 0.080058280104478283 0.077341599122922919
leaf_weight=0.07760105704437692 0.045637867272489419 0.056049897591037623 0.070069347104436019 0.015808951253347914 0.03804886955231257 0.040317914602383209 0.051111106844473397 0.10156053655464337 0.054773278618085897 0.015311079601815436 0.033945695735383197 0.025501434691250324 0.092985749710351118 0.12593091964663472 0.048695415496240457 0.37647097001081398 0.037380240391939878 0.11244020211233874 0.017739509386956342 0.039722131475173228 0.021243401426545461 0.032270026955302455 0.8118116996884055 0.019058517988014501 0.027177213349204976 0.0094092096842359751 0.015760429600959469 0.0048859218914003577 0.0062405931375906221 0.019650326063128887
leaf_count=2952 2929 93 65 10 143 444 177 4717 90 6 163 3 4 17 94 40 4 87 101 55 74 29 39 7 8 12 954 6 160 7
internal_value=0.000142474 -0.00137773 0.0214287 -0.00199144 -0.00430123 -0.000691788 0.0333803 -0.00241699 -0.0316381 0.0296544 -0.0395521 -0.0124861 0.00153836 0.026285 -0.0105874 -0.00247905 0.021724 0.0620685 -0.0516284 -0.0140946 -0.0593387 -0.0200376 -0.00742455 0.0212975 -0.0481304 0.0650377 0.0201601 -0.0528241 0.0111915 0.0370119
internal_weight=2.44461 2.39897 0.272576 0.177337 2.1264 1.92889 0.103548 1.88857 0.225158 0.0700844 0.197505 0.0524369 1.66341 0.232326 0.106395 1.43109 0.242806 0.14982 0.0737894 0.119904 0.155074 0.0535134 1.18828 0.0587806 0.0611229 0.095239 0.0251696 0.0366279 0.0111265 0.0576992
internal_count=13490 10561 1581 550 8980 5795 356 5351 4916 96 3185 179 435 261 244 174 95 91 194 233 4820 103 79 62 171 1031 966 169 166 150
is_linear=0
shrinkage=0.08


Tree=139
num_leaves=31
num_cat=0
split_feature=4 12 2 4 2 4 10 6 8 2 5 9 4 4 12 3 3 8 9 2 12 3 9 3 8 3 11 5 3 8
split_gain=0.04279 0.022635 0.0408158 0.0455913 0.0396102 0.0448967 0.0398795 0.0374891 0.0320414 0.028738 0.026051 0.0239942 0.0293589 0.0204396 0.0202544 0.0437401 0.026012 0.0269085 0.0273861 0.0253699 0.0615294 0.0513243 0.0189266 0.0188663 0.0185096 0.016564 0.0159908 0.0272603 0.0153481 0.0151137
threshold=94.559548978153643 4.5000000000000009 86.72955974842769 72.281323877068573 44.575163398692816 66.024884206702396 1.0000000180025095e-35 1.0000000180025095e-35 4.5000000000000009 28.831168831168835 31.608682723758552 1.0000000180025095e-35 84.725822532402802 52.843665768194079 2.5000000000000004 90.773852584197428 88.418859649122822 4.5000000000000009 1.0000000180025095e-35 99.450549450549474 3.5000000000000004 90.002828054298661 1.0000000180025095e-35 53.050602697780128 1.0000000180025095e-35 86.478835978835988 5.5000000000000009 69.860393956779504 90.287087912087927 9.5000000000000018
decision_type=2 2 2 2 2 2 2 2 2 2 2 2 2 2 2 2 2 2 2 2 2 2 2 2 2 2 2 2 2 2
left_child=1 4 3 22 11 6 7 13 9 -5 -9 24 26 -6 15 16 17 18 -8 21 -21 -16 -3 -11 -1 -12 27 -13 -15 -19
right_child=-2 2 -4 8 5 -7 14 10 -10 23 25 12 -14 28 19 -17 -18 29 -20 20 -22 -23 -24 -25 -26 -27 -28 -29 -30 -31
leaf_value=0.054764847335105352 0.080048592678902686 -0.075412457548995435 0.065081476359399537 0.080886740606115545 -0.079422230223428009 0.068330895110246037 -0.080203582250298333 -0.081043805693287022 0.080402942871983227 -0.079613634662735286 -0.047125474892474949 -0.080166474957035536 0.080655124698818567 -0.080209792447082928 -0.0065399828005793942 0.081522868128028045 -0.080826385372554488 0.067354565133803196 0.020234817139500549 -0.043855595426685795 0.0020536468943644559 0.052902277370976684 0.022585951892147051 0.080053333422343484 -0.077323253116633794 0.069159185839447648 -0.080242678541291634 0.080598553718682894 0.016360063567252579 -0.020623619065200917
leaf_weight=0.0073488323128013669 0.042131093838179257 0.052411983087495062 0.088557402612423175 0.01479754175124981 0.096960635757568192 0.058345123606159288 0.029237999011456961 0.013588282065484236 0.047200791780596774 0.028162335205706768 0.0099307836881052935 0.012456037276479037 0.018483305349946022 0.015706708873040043 0.26197239656721616 0.0606830083852401 0.021094936761073768 0.057594926814999781 0.042819512496862444 0.24683196950354613 0.76868261694107787 0.14409807329138857 0.01661012730528455 0.0056938647958304492 0.089238885597751505 0.037232316455629189 0.026648704379113042 0.014736697543412447 0.031976863392628729 0.015959825939262373
leaf_count=76 2929 95 1027 8 4954 460 93 11 177 6 90 183 3 87 47 9 4 63 29 12 77 37 101 167 2039 16 618 2 14 56
internal_value=0.000143113 -0.00129861 0.021275 -0.00225409 -0.00404689 -0.000767472 -0.00294155 -0.0361829 0.0334435 -0.0121135 0.0165546 -0.0411821 -0.00633794 -0.0583329 0.00119897 0.0233678 0.00219881 0.0142267 -0.020519 -0.00234706 -0.0091051 0.0145537 -0.0518292 -0.0527612 -0.0672734 0.044674 -0.0362019 0.00695774 -0.0154495 0.0482652
internal_weight=2.37719 2.33506 0.253434 0.164877 2.08163 1.91272 1.85437 0.205396 0.0958545 0.0486537 0.0607514 0.168912 0.0723247 0.144644 1.64898 0.22739 0.166707 0.145612 0.0720575 1.42159 1.01551 0.40607 0.0690221 0.0338562 0.0965877 0.0471631 0.0538414 0.0271927 0.0476836 0.0735548
internal_count=13490 10561 1581 554 8980 6059 5599 5172 358 181 117 2921 806 5055 427 254 245 241 122 173 89 84 196 173 2115 106 803 185 101 119
is_linear=0
shrinkage=0.08


Tree=140
num_leaves=31
num_cat=0
split_feature=4 9 4 4 4 8 3 3 5 4 3 3 8 4 12 6 3 3 4 1 12 3 3 2 12 1 5 3 5 0
split_gain=0.0394677 0.0210813 0.0325781 0.0285489 0.0418642 0.0331988 0.0262388 0.0251132 0.0351681 0.0354368 0.0246626 0.0340933 0.0216685 0.0189166 0.0188523 0.0176898 0.0120067 0.0158469 0.015446 0.0137152 0.0105052 0.0543148 0.0225216 0.0188853 0.0178211 0.0569857 0.0101194 0.0117237 0.00936511 0.00820314
threshold=94.559548978153643 1.0000000180025095e-35 81.165540540540562 1.0000000180025095e-35 55.059167663874497 1.5000000000000002 54.19941226229259 90.478467908902715 22.82097649186257 49.844720496894418 87.877122877122886 85.548589341692818 12.500000000000002 74.322344322344335 3.5000000000000004 1.0000000180025095e-35 83.798003072196636 82.940069840645307 66.024884206702396 87.026647966339425 2.5000000000000004 87.877122877122886 76.209235209235217 70.65997130559542 3.5000000000000004 99.450549450549474 57.247899159663866 90.287087912087927 81.594071385359968 82.097069597069606
decision_type=2 2 2 2 2 2 2 2 2 2 2 2 2 2 2 2 2 2 2 2 2 2 2 2 2 2 2 2 2 2
left_child=1 3 7 20 -5 -6 28 10 -9 15 11 16 13 26 -15 -10 17 18 19 -3 21 22 23 -1 25 -22 27 -8 -7 -11
right_child=-2 2 -4 4 5 6 12 8 9 29 -12 -13 -14 14 -16 -17 -18 -19 -20 -21 24 -23 -24 -25 -26 -27 -28 -29 -30 -31
leaf_value=-0.080017409924268187 0.080044871443761961 -0.080097205297528618 0.080278268430768768 -0.080018832482013483 0.063387522459076834 -0.078439083855491198 -0.080039565739495208 0.075622683871661586 -0.080080302739132761 -0.019304593129761016 -0.080343674984434052 0.06278557883272827 0.076315592072492611 -0.021024209779001771 0.080408868522731311 0.0083094737424799191 -0.080120026472726535 0.048381088001348806 0.0019807869704663032 0.066397552680406202 0.01134797801501356 0.060349518401364224 -0.080219922660954734 0.071108333778218666 0.0038229605858236897 -0.042827873999901692 -0.077063334700003983 0.080506184019658103 -0.0029969719908446808 0.080200284726969676
leaf_weight=0.0079442121814289335 0.038893636673947074 0.034920993337891448 0.04387000904262095 0.073753604398007044 0.03321717753624398 0.05339669546310688 0.0052265243512010784 0.066647824195570138 0.031073760357685387 0.0064701688042987362 0.028288465179230116 0.042375965676455962 0.019559750939151854 0.030715336488356115 0.018969310043758014 0.027154217474162579 0.018012152387200331 0.023810143801256345 0.057629878219813691 0.0046327342861331991 0.25613548478941062 0.086146150075364858 0.034994995760825987 0.015852092041313881 0.93040135997762263 0.24134765192866325 0.032665848107171769 0.0065707300527719781 0.013118027132804855 0.029378230615293432
leaf_count=171 2929 1685 1026 5887 395 96 57 99 99 12 131 128 20 25 103 4 100 30 36 2 32 14 43 14 97 9 16 3 5 222
internal_value=0.000136991 -0.00122956 0.015091 -0.0048645 -0.0280587 -0.010104 -0.0236493 0.00737018 0.0311625 -0.000335051 -0.010868 -3.24904e-05 -0.000302834 -0.0162208 0.0177024 -0.0388603 -0.0191826 -0.0101109 -0.0244416 -0.062939 -0.000629299 0.0198922 -0.0393894 0.0206562 -0.00271233 -0.0149348 -0.0541277 0.00937978 -0.0635604 0.062241
internal_weight=2.31317 2.27428 0.414265 1.86001 0.287193 0.213439 0.180222 0.370395 0.160724 0.0940764 0.20967 0.181382 0.113707 0.0941477 0.0496846 0.058228 0.139006 0.120994 0.0971836 0.0395537 1.57282 0.144937 0.0587913 0.0237963 1.42788 0.497483 0.0444631 0.0117973 0.0665147 0.0358484
internal_count=13490 10561 3574 6987 6607 720 325 2548 436 337 2112 1981 224 204 128 103 1853 1753 1723 1687 380 242 228 185 138 41 76 60 101 234
is_linear=0
shrinkage=0.08


Tree=141
num_leaves=31
num_cat=0
split_feature=5 2 4 1 0 2 4 0 0 11 3 2 2 11 1 12 9 3 11 3 12 5 5 3 1 3 11 1 3 5
split_gain=0.0368268 0.0210603 0.0263018 0.042258 0.0382082 0.0235477 0.0335381 0.0222386 0.0332015 0.0237229 0.0352466 0.0241873 0.0229945 0.0204408 0.0990679 0.0543176 0.0346754 0.029047 0.09588 0.05508 0.04665 0.0263935 0.0305031 0.0242999 0.0154022 0.0488586 0.0139028 0.0125272 0.0121796 0.00940335
threshold=82.070417145044033 15.587044534412959 78.142959770114956 45.035211267605639 22.431865828092253 39.736842105263165 85.215543412264751 58.123167155425229 86.874487284659565 5.5000000000000009 87.646581359816665 76.533166458072614 55.036231884057983 6.5000000000000009 86.72955974842769 1.5000000000000002 1.0000000180025095e-35 98.856209150326819 4.5000000000000009 90.287087912087927 3.5000000000000004 22.82097649186257 30.820856995353644 84.389521100047446 68.801229508196727 90.002828054298661 2.5000000000000004 59.675307672165495 62.047376642964885 32.449982449982457
decision_type=2 2 2 2 2 2 2 2 2 2 2 2 2 2 2 2 2 2 2 2 2 2 2 2 2 2 2 2 2 2
left_child=1 -1 3 4 -3 6 -4 28 9 10 -9 24 27 15 23 -10 17 18 19 -17 -19 -18 -23 -15 -12 -26 -21 -11 -5 -24
right_child=-2 2 5 7 -6 -7 -8 8 13 12 11 -13 -14 14 -16 16 21 20 -20 26 -22 22 29 -25 25 -27 -28 -29 -30 -31
leaf_value=-0.074195073782641063 0.080069668987908862 0.060383314078243461 0.057798239008084548 -0.080001943500901826 -0.072666407252380757 0.080107737169459861 -0.031564048107704114 -0.073710094439406681 0.073072039698856797 -0.08000503821086101 0.069587553059807003 -0.047005861745807405 -0.076041908130525068 0.021253913094656626 0.071095552659300024 -0.071796770380591055 0.080323322205999886 -0.045916869821064119 0.062423263956110892 0.075442931318203579 -0.0046690072399921626 -0.07909186759697534 0.079930028633270395 -0.08086692457176288 -0.080407866488604471 0.079112429309721413 -0.0075838882558343888 0.058989151536568307 0.05483608171261329 0.012269744322518782
leaf_weight=0.024996383518101406 0.036287760589857387 0.01634671581223357 0.051673795707756542 0.0046074179622336278 0.089145065758202691 0.045216646624794521 0.056016507846834429 0.040254556516174378 0.06123267401517285 0.0058286891594434556 0.041487974705887609 0.032226911293037119 0.08396044508617706 0.021709862359785004 0.12068669753352879 0.085398547025760996 0.050888506657429278 0.23184463978577696 0.13620550737960002 0.025160559614050726 0.72181184087003203 0.019944420095271198 0.020033303382660961 0.047630146277242602 0.023379681045753387 0.025902308789227391 0.026504856479732553 0.014408709102553985 0.061713127339771745 0.038238494526922295
leaf_count=85 2931 173 10 560 2823 1499 38 1006 57 639 46 43 2139 46 32 24 89 15 34 15 104 17 10 93 33 11 37 158 523 200
internal_value=0.000127072 -0.00117704 -0.000347205 -0.00273847 -0.0520494 0.0316581 0.0113153 -5.85402e-05 -0.0016691 -0.0277681 -0.00873309 0.0125327 -0.0575912 0.00267372 0.027312 -0.000629783 -0.00395785 -0.00810766 0.0148872 -0.0323511 -0.0146968 0.0354792 0.00630301 -0.0488936 0.0336712 0.00343501 0.0328494 0.0189566 0.0454686 0.0355307
internal_weight=2.26074 2.22445 2.19946 2.04655 0.105492 0.152907 0.10769 1.94106 1.87474 0.267449 0.163251 0.122997 0.104198 1.60729 0.190027 1.41726 1.35603 1.22693 0.273269 0.137064 0.953656 0.129105 0.0782162 0.06934 0.09077 0.049282 0.0516654 0.0202374 0.0663205 0.0582718
internal_count=13490 10559 10474 8927 2996 1547 48 5931 4848 4075 1139 133 2936 773 171 602 545 229 110 76 119 316 227 139 90 44 52 797 1083 210
is_linear=0
shrinkage=0.08


Tree=142
num_leaves=31
num_cat=0
split_feature=4 12 1 4 1 4 8 5 6 5 5 1 12 3 3 3 12 9 3 4 1 8 3 0 0 9 5 4 8 3
split_gain=0.0344806 0.0201402 0.0351934 0.0428489 0.0318574 0.0331133 0.0268707 0.0261197 0.0444838 0.0273842 0.0243909 0.0237815 0.0185416 0.033314 0.0180879 0.0389457 0.0379792 0.017242 0.0252499 0.0167754 0.0171713 0.0217001 0.0160509 0.0289326 0.0284642 0.0131862 0.0131848 0.0269429 0.0121414 0.0151426
threshold=94.559548978153643 4.5000000000000009 81.016731016731029 72.281323877068573 45.923792645104122 69.183285849952526 4.5000000000000009 20.521541950113384 1.0000000180025095e-35 31.608682723758552 49.753479221820136 28.86904761904762 2.5000000000000004 90.773852584197428 99.743589743589766 90.002828054298661 3.5000000000000004 1.0000000180025095e-35 44.459298871063588 52.843665768194079 78.629976580796267 9.5000000000000018 88.418859649122822 99.450549450549474 73.401360544217695 1.0000000180025095e-35 24.525599713569644 48.404074702886255 1.0000000180025095e-35 69.848287876599315
decision_type=2 2 2 2 2 2 2 2 2 2 2 2 2 2 2 2 2 2 2 2 2 2 2 2 2 2 2 2 2 2
left_child=1 4 3 25 10 7 11 12 19 -10 -1 -5 13 22 15 -14 -16 28 -19 -9 21 -21 23 24 -6 -3 -4 -28 -12 -30
right_child=-2 2 26 6 5 -7 -8 8 9 -11 17 -13 14 -15 16 -17 -18 18 -20 20 -22 -23 -24 -25 -26 -27 27 -29 29 -31
leaf_value=-0.078379233184517783 0.08004567466678808 -0.078448235693417176 0.08098349863398506 0.080734745744380887 0.030184686994879844 0.080100369864006704 0.08032907500301073 -0.080038131077099964 -0.080893298127551999 0.056205663514951223 0.063772039803752956 -0.054382999828720274 -0.0059387371498022873 0.081230587650935077 -0.035311540214849536 0.048062696931044369 0.0011180799954070152 -0.061328981054907937 0.060613369164253916 -0.080353426965075955 0.076830509051324172 0.063020884002158412 -0.080736956580605326 0.064140611324058294 -0.065057235541997688 0.026102126937924006 -0.080080165817433324 0.080059516561798286 -0.080410521714205152 0.049088397893422141
leaf_weight=0.059837742008313044 0.03401782949504184 0.043807677863242023 0.061813789707230171 0.011962330234382534 0.041827479818948521 0.031901322438443569 0.038788205966739042 0.078836554858753405 0.01176413245502772 0.044956674588320311 0.005659031389768642 0.027505985611242068 0.24473942702934404 0.049295488992356695 0.24125504828407429 0.13134331979563285 0.76051975595510157 0.016279676866815862 0.032689342166122515 0.02684276690729348 0.0094730310374870896 0.0090286012869000842 0.012783066187694203 0.045740946661680937 0.038630437052233901 0.0093722884948874707 0.011363894318492385 0.016468091826027376 0.037806590346463054 0.0068216806939744848
leaf_count=2952 2929 83 68 10 134 444 134 4717 15 81 7 130 47 9 12 37 78 15 47 78 12 13 4 7 107 89 26 1041 155 9
internal_value=0.000130452 -0.00112865 0.0217478 -0.00461257 -0.00373829 -0.000670956 0.0330418 -0.00214586 -0.0309276 0.0277708 -0.0380362 -0.0134306 0.00117867 0.0247265 -0.00203903 0.0129207 -0.00765518 -0.013715 0.0200738 -0.0577386 -0.0189682 -0.044267 0.00468512 0.0133378 -0.015544 -0.0600226 0.0603966 0.0146739 -0.046618 -0.0606159
internal_weight=2.19313 2.15911 0.221082 0.131436 1.93803 1.77894 0.0782565 1.74704 0.180902 0.0567208 0.159094 0.0394683 1.56613 0.188277 1.37786 0.376083 1.00177 0.0992563 0.048969 0.124181 0.0453444 0.0358714 0.138982 0.126199 0.0804579 0.05318 0.0896458 0.027832 0.0502873 0.0446283
internal_count=13490 10561 1581 446 8980 5795 274 5351 4916 96 3185 140 435 261 174 84 90 233 62 4820 103 91 252 248 241 172 1135 1067 171 164
is_linear=0
shrinkage=0.08


Tree=143
num_leaves=31
num_cat=0
split_feature=4 0 5 9 3 0 0 4 5 3 3 3 3 6 8 6 3 2 6 0 5 4 10 0 2 8 1 8 4 4
split_gain=0.0318047 0.0171737 0.0282872 0.0204047 0.0379999 0.0313781 0.0343153 0.0267037 0.0301258 0.0337427 0.0237484 0.0225483 0.0200819 0.0191043 0.0180653 0.0180255 0.017857 0.0353386 0.0174893 0.0265004 0.0132809 0.0113549 0.0106769 0.00959024 0.00918633 0.0501948 0.0109028 0.00847526 0.00834875 0.00827482
threshold=94.559548978153643 9.3073593073593077 78.815646656090863 1.0000000180025095e-35 65.497656177480749 55.217785843920147 81.120250685468093 61.651583710407245 20.521541950113384 90.478467908902715 87.261171926539717 40.137871387871392 85.548589341692818 1.5000000000000002 3.5000000000000004 1.0000000180025095e-35 89.855851644070455 75.768872320596472 1.5000000000000002 90.52111410601978 28.956442831215977 55.059167663874497 1.0000000180025095e-35 22.431865828092253 99.450549450549474 7.5000000000000009 86.576576576576585 6.5000000000000009 81.165540540540562 78.142959770114956
decision_type=2 2 2 2 2 2 2 2 2 2 2 2 2 2 2 2 2 2 2 2 2 2 2 2 2 2 2 2 2 2
left_child=1 -1 3 4 11 27 16 8 9 10 12 -3 14 23 -5 21 28 -18 19 -17 -9 -10 -8 29 25 26 -24 -6 -7 -13
right_child=-2 2 -4 7 5 6 22 20 15 -11 -12 13 -14 -15 -16 18 17 -19 -20 -21 -22 -23 24 -25 -26 -27 -28 -29 -30 -31
leaf_value=-0.080353768503315687 0.080042176025888312 0.061117998441201096 0.080240878605998725 -0.080402457885552697 -0.029008891291046432 -0.065779659686336547 -0.041000383592205897 -0.064568843936757936 -0.075358101816202339 0.074463059380417349 -0.080515638075226756 -0.080132374567932194 0.0805483811201997 0.060711662098080613 0.023848678926389772 -0.080030435561281199 0.072799192767276824 -0.079921245356392057 -0.080810052211075498 0.078181918562430591 0.062309248281309737 0.034351525700335249 0.030079316888115794 -0.076765525240802768 -0.0025882633361178921 -0.0085518489683379401 0.081357963875164557 0.075777822151270699 0.080054082810092353 0.080392347949332588
leaf_weight=0.017339245941003223 0.031403731271438917 0.010865037659642085 0.027468650437185604 0.016112521131162683 0.0056212107842837913 0.090544277877597668 0.039688696427219727 0.0056386946162092491 0.048032757985311036 0.056717033240602177 0.020281582634197548 0.0035629569683806039 0.022251538941418403 0.007806924483702459 0.031310556658354471 0.0093215657616383396 0.021130895910573599 0.01792074761033291 0.011054188471462112 0.024808466083413805 0.082998653069353168 0.0069057813880135646 0.048977220318647485 0.091370211985804417 1.053946415117025 0.22854798385924369 0.057916175075661158 0.040758890012057236 0.0025840832513495107 0.0048566227778792381
leaf_count=28 2929 85 911 25 127 1967 724 15 1467 97 10 92 4 25 49 552 36 30 20 17 662 15 29 3358 72 23 17 93 10 1
internal_value=0.000126566 -0.00106491 -0.00040679 -0.00148137 -0.00498994 -0.00176781 -0.00369417 0.0165733 0.00304598 0.026139 -0.00432911 -0.0487173 0.017848 -0.0598084 -0.0115718 -0.0307838 -0.0426921 0.00271599 0.00664557 0.0349711 0.0542379 -0.0615676 -8.71241e-05 -0.0692371 0.00108159 0.0126121 0.0578627 0.0630778 -0.0617331 0.0124623
internal_weight=2.13774 2.10634 2.089 2.06153 1.7261 1.60764 1.56126 0.335433 0.246796 0.146673 0.0899562 0.118462 0.0696746 0.107597 0.0474231 0.100123 0.13218 0.0390516 0.0451842 0.03413 0.0886373 0.0549385 1.42908 0.0997898 1.38939 0.335441 0.106893 0.0463801 0.0931284 0.00841958
internal_count=13490 10561 10533 9622 6689 3128 2908 2933 2256 185 88 3561 78 3476 74 2071 2043 66 589 569 677 1482 865 3451 141 69 46 220 1977 93
is_linear=0
shrinkage=0.08


Tree=144
num_leaves=31
num_cat=0
split_feature=4 11 1 9 11 1 8 4 3 5 4 11 8 3 3 5 1 0 3 11 11 3 11 8 0 3 5 3 8 3
split_gain=0.0293358 0.019297 0.0281745 0.0224246 0.0396011 0.0758207 0.0204976 0.0201725 0.0196108 0.0260955 0.0239684 0.0173618 0.0210557 0.0150945 0.0208496 0.0139037 0.0164711 0.0136335 0.0232089 0.0982291 0.0718635 0.0703686 0.050289 0.0285375 0.01689 0.0277044 0.0158186 0.0165994 0.019977 0.0135535
threshold=94.559548978153643 7.5000000000000009 69.028213166144226 1.0000000180025095e-35 6.5000000000000009 90.070422535211279 21.500000000000004 80.206185567010323 90.478467908902715 22.82097649186257 49.844720496894418 9.5000000000000018 2.5000000000000004 87.877122877122886 85.968567251462005 65.648320895522403 87.026647966339425 81.120250685468093 98.856209150326819 4.5000000000000009 3.5000000000000004 90.287087912087927 5.5000000000000009 11.500000000000002 77.097902097902121 89.855851644070455 79.388422035480872 40.137871387871392 5.5000000000000009 54.19941226229259
decision_type=2 2 2 2 2 2 2 2 2 2 2 2 2 2 2 2 2 2 2 2 2 2 2 2 2 2 2 2 2 2
left_child=1 3 -3 4 6 -6 17 8 13 -10 -11 12 -4 14 15 16 -5 24 20 -20 21 -19 23 -22 25 26 27 -1 -29 -30
right_child=-2 2 11 7 5 -7 -8 -9 9 10 -12 -13 -14 -15 -16 -17 -18 18 19 -21 22 -23 -24 -25 -26 -27 -28 28 29 -31
leaf_value=0.064047590119269249 0.080038942220437032 -0.063744234920496426 -0.04567336480060135 -0.059943202801035815 -0.074876701549412908 0.082701590635296404 0.064733948974281461 0.080221912437592663 0.080309782464581647 -0.033567082180941892 0.062215801063611763 -0.078663539900066567 0.053295958681041145 -0.080152632486511874 0.068113580804111687 0.032112308059355665 0.080243865795601291 -0.080465737863426798 0.072223508738825284 -0.017386062838384446 0.070321158885633034 0.067902154238017071 -0.062787815436567918 -0.03276388228687898 -0.077918603509185252 0.073586803777579188 0.038953204901239956 -0.07468282437962738 -0.080391752151844909 0.0036034392328770054
leaf_weight=0.01002155905735036 0.028990421157686685 0.074088294144075806 0.019987157824743917 0.043433163257759477 0.02573999970945795 0.081161560229247698 0.026069431319228786 0.03400938777713236 0.050836063617680338 0.041627737727139902 0.027944592281983205 0.013085818372474023 0.044142053072846466 0.016585980224590458 0.023439672019776481 0.023474259185604751 0.0061197757058835114 0.073142607696354389 0.085757727818418061 0.89918620641856251 0.15505031744442022 0.028403488633102825 0.024832413490912586 0.019329873358856275 0.032973701077480655 0.019834022315990296 0.020861682165559614 0.065616510163181374 0.015568440532661043 0.058470649948958453
leaf_count=48 2929 3241 175 867 915 8 91 1035 97 73 212 128 124 56 46 12 5 85 325 42 189 97 97 27 177 32 29 1196 324 808
internal_value=0.000123945 -0.00100027 -0.0285015 0.00117886 -0.00232013 0.0447595 -0.00559863 0.0226594 0.014274 0.0367408 0.00490531 0.00531419 0.0224502 -0.00965465 0.00246638 -0.0186045 -0.0426301 -0.00681365 -0.00364437 -0.00958388 0.0158067 -0.0389657 0.0437263 0.0588943 -0.0250577 -0.0159019 -0.0263097 -0.0354059 -0.0425425 -0.0140585
internal_weight=2.08978 2.06079 0.151303 1.90949 1.64202 0.106902 1.53512 0.267471 0.233461 0.120408 0.0695723 0.077215 0.0641292 0.113053 0.0964669 0.0730272 0.0495529 1.50905 1.2857 0.984944 0.300759 0.101546 0.199213 0.17438 0.223347 0.190373 0.170539 0.149677 0.139656 0.0740391
internal_count=13490 10561 3668 6893 4490 923 3567 2403 1368 382 285 427 299 986 930 884 872 3476 862 367 495 182 313 216 2614 2437 2405 2376 2328 1132
is_linear=0
shrinkage=0.08


Tree=145
num_leaves=31
num_cat=0
split_feature=12 1 4 1 4 11 3 0 11 10 1 11 11 1 5 3 0 5 4 4 4 0 5 0 3 11 4 1 3 5
split_gain=0.0283139 0.031404 0.0400869 0.0224714 0.0324658 0.0270294 0.0680764 0.042515 0.0538111 0.0330671 0.0286178 0.0705412 0.0583294 0.0561553 0.0279474 0.0272153 0.0255884 0.023305 0.0184835 0.014249 0.0124787 0.0193594 0.0123706 0.0108363 0.0177276 0.0241447 0.00972251 0.00561688 0.00553342 0.00537772
threshold=4.5000000000000009 86.72955974842769 61.651583710407245 45.923792645104122 69.183285849952526 4.5000000000000009 90.287087912087927 55.217785843920147 3.5000000000000004 1.0000000180025095e-35 59.35935935935936 7.5000000000000009 6.5000000000000009 87.609649122807028 32.449982449982457 86.67607392607394 81.120250685468093 49.753479221820136 84.725822532402802 52.843665768194079 49.844720496894418 90.366769774635458 69.860393956779504 23.669467787114851 59.313312135892787 4.5000000000000009 63.686313686313689 65.485893416927908 93.074409250879853 26.713615023474183
decision_type=2 2 2 2 2 2 2 2 2 2 2 2 2 2 2 2 2 2 2 2 2 2 2 2 2 2 2 2 2 2
left_child=3 2 28 17 5 6 7 -5 -9 20 11 -11 -12 15 -8 -14 26 -1 22 -16 -7 -22 -19 -4 25 -25 -10 -18 -2 -3
right_child=1 29 23 4 -6 9 14 8 16 10 12 -13 13 -15 19 -17 27 18 -20 -21 21 -23 -24 24 -26 -27 -28 -29 -30 -31
leaf_value=-0.078057817072752042 -0.080650665844144154 0.080973905320584377 0.079843253057732919 0.074518285373980073 0.080083086143832527 -0.080153261764221231 0.075359004941787613 -0.079345126528685014 -0.080198002923741532 0.063863203379301459 -0.015069132388568005 -0.080791394741617242 0.023693106363108948 0.082647920048026957 -0.080037817598835256 -0.080396333381808543 0.012613323345448567 -0.080222765210703526 0.033577249888234122 0.03123958900311408 -0.08014508780822753 0.054122993942320514 -0.0025580485629762904 -0.056129854078494405 0.08008662730789709 0.065926369735277962 0.080229048464459912 0.075705165249601414 -0.014869685140731566 0.03760876277498694
leaf_weight=0.049462301786206919 0.029434683093768288 0.054790052509815723 0.023703445125192957 0.027333133992897163 0.031385746340674925 0.051954401189732047 0.11980219742690679 0.076629955340649758 0.016039908626680699 0.098701778025315545 0.97738750115513517 0.02761086242253441 0.043034252438246767 0.08279331517405808 0.011511018737110135 0.025662684398412239 0.013116073898345348 0.025454185028593201 0.037101886976870446 0.020445197385924985 0.013847014331304308 0.013645243627252057 0.027100142324343324 0.028228342872807843 0.01954276909964392 0.016397839376622869 0.0028468044474720946 0.028994620955472783 0.011336068524542497 0.027481882161737303
leaf_count=2952 153 65 43 109 750 3926 101 338 287 57 64 68 66 8 51 16 28 213 20 16 160 14 7 107 1059 15 1 41 21 2734
internal_value=0.000138454 0.0278876 0.00320096 -0.00307403 -0.000519386 -0.00205132 0.018959 -0.0166154 -0.0347148 -0.00703722 -0.00386919 0.0322429 -0.00790985 0.0382805 0.0576282 -0.0151909 0.0213535 -0.0339744 -0.00965409 -0.00884389 -0.0570894 -0.0135038 -0.0401742 0.03362 0.0165456 -0.0112804 -0.0560167 0.0560542 -0.0623606 0.0664883
internal_weight=2.03278 0.210915 0.128643 1.82186 1.68274 1.65136 0.316719 0.16496 0.137627 1.33464 1.25519 0.126313 1.12888 0.15149 0.151758 0.0686969 0.0609974 0.139119 0.0896562 0.0319562 0.0794467 0.0274923 0.0525543 0.0878724 0.064169 0.0446262 0.0188867 0.0421107 0.0407708 0.0822719
internal_count=13490 4197 1398 9293 6101 5351 972 804 695 4379 279 125 154 90 168 82 357 3192 240 67 4100 174 220 1224 1181 122 288 69 174 2799
is_linear=0
shrinkage=0.08


Tree=146
num_leaves=31
num_cat=0
split_feature=12 11 9 11 3 4 3 5 5 3 3 6 4 12 11 0 2 2 11 0 11 0 3 3 12 12 4 4 2 11
split_gain=0.0264116 0.0151446 0.0178396 0.0320567 0.0636239 0.0167414 0.0174454 0.0252511 0.0206487 0.0127212 0.0182117 0.0126721 0.0242629 0.0125633 0.0466951 0.0305306 0.0215064 0.0343288 0.0639613 0.0493689 0.0383998 0.0482198 0.0445344 0.0431441 0.0343798 0.0991615 0.0228953 0.0149775 0.0145222 0.0119181
threshold=6.5000000000000009 7.5000000000000009 1.0000000180025095e-35 6.5000000000000009 94.003386699507402 80.206185567010323 90.478467908902715 22.82097649186257 30.820856995353644 87.877122877122886 85.968567251462005 1.0000000180025095e-35 55.059167663874497 4.5000000000000009 4.5000000000000009 23.669467787114851 39.736842105263165 71.897435897435912 4.5000000000000009 82.480818414322258 2.5000000000000004 55.217785843920147 87.646581359816665 90.287087912087927 3.5000000000000004 1.5000000000000002 66.024884206702396 97.452125933138603 73.286384976525838 5.5000000000000009
decision_type=2 2 2 2 2 2 2 2 2 2 2 2 2 2 2 2 2 2 2 2 2 2 2 2 2 2 2 2 2 2
left_child=1 2 3 13 -5 6 9 -8 -9 10 29 12 -10 16 15 -15 27 20 19 -19 21 -18 26 -23 25 -20 -22 -1 -17 -4
right_child=-2 -3 5 4 -6 -7 7 8 11 -11 -12 -13 -14 14 -16 28 17 18 24 -21 22 23 -24 -25 -26 -27 -28 -29 -30 -31
leaf_value=-0.080348787043301617 0.080006683557565336 -0.026561003291017703 0.0042649097991347869 -0.073758133353701391 0.081115706692801506 0.08021925527999893 0.080293735384044634 -0.078817223508132653 -0.066891226776063753 -0.080442157210779575 0.06665590746720286 0.080322615059899571 0.080096323013749249 0.078488850790361719 0.071188371361308442 -0.072845374811570482 0.0790247904446163 -0.053636639317382356 0.073210005181813267 0.068842946167080601 -0.080051671281807957 -0.08320522251865041 0.065199631413204936 0.080339688447275931 -0.010493832193181903 -0.070719607526253253 0.045156903848517962 0.080181715347672114 0.038448771644517349 -0.067904057584849492
leaf_weight=0.036939565691227361 0.026152250999530335 0.13712726679136711 0.04536111443712787 0.022401239155669717 0.070101022078688402 0.027391412266752013 0.046921483180085488 0.015095120589649014 0.01684604306365145 0.014160586471007264 0.02080221161895679 0.018514427310492465 0.012535303185359226 0.014076133174057648 0.058959643783509819 0.044261997397825326 0.023232589864619402 0.026928114398060421 0.036774153696114809 0.096690186377600185 0.024208975396959431 0.057669818175327237 0.13172422576326426 0.012574486347148195 0.70620177204409629 0.18351875585312882 0.0152247270875705 0.0041361682815477243 0.0090352750103193102 0.021627234322750155
leaf_count=713 3532 3685 394 915 14 519 96 19 55 53 45 52 56 15 74 50 37 81 83 308 1644 124 100 6 61 91 26 2 155 485
internal_value=0.000144397 -0.000926097 0.00101184 -0.00208067 0.04361 0.0213652 0.0137561 0.0358654 0.00277105 -0.0100797 0.00126978 0.0284849 -0.00418023 -0.00493225 0.0191967 -0.0263022 -0.00718054 -0.00539962 -0.011889 0.0421629 0.0203513 -0.0208848 0.0428721 -0.0539289 -0.0191009 -0.046693 -0.0317106 -0.064184 -0.0539781 -0.0190349
internal_weight=1.97719 1.95104 1.81391 1.57466 0.0925023 0.239255 0.211864 0.109912 0.0629909 0.101951 0.0877906 0.0478958 0.0293813 1.48216 0.126333 0.0673734 1.35582 1.31475 1.05011 0.123618 0.264635 0.0934769 0.171158 0.0702443 0.926495 0.220293 0.0394337 0.0410757 0.0532973 0.0669883
internal_count=13490 9958 6273 4499 929 1774 1255 278 182 977 924 163 111 3570 294 220 3276 2561 624 389 1937 167 1770 130 235 174 1670 715 205 879
is_linear=0
shrinkage=0.08


Tree=147
num_leaves=31
num_cat=0
split_feature=4 0 5 9 10 4 4 5 3 2 3 4 5 11 1 2 11 3 3 3 0 5 0 5 4 5 1 0 3 5
split_gain=0.0240363 0.0152943 0.0215754 0.0155161 0.0304111 0.0232116 0.0207774 0.0244144 0.0256394 0.0182368 0.0169303 0.0166905 0.0154029 0.0141248 0.0898741 0.0220296 0.0598919 0.0260074 0.0205098 0.0176467 0.0129478 0.0167305 0.0126645 0.0125067 0.0165198 0.0102241 0.00863293 0.0141193 0.00759786 0.00546424
threshold=94.559548978153643 9.3073593073593077 78.815646656090863 1.0000000180025095e-35 1.0000000180025095e-35 55.059167663874497 61.651583710407245 20.521541950113384 90.478467908902715 43.288288288288292 40.137871387871392 69.183285849952526 58.079877112135172 6.5000000000000009 88.067796610169509 71.897435897435912 3.5000000000000004 88.418859649122822 87.877122877122886 76.209235209235217 99.450549450549474 31.608682723758552 23.669467787114851 32.449982449982457 52.419984387197509 28.956442831215977 69.631093544137045 58.397435897435905 75.818984226912633 54.623154623154626
decision_type=2 2 2 2 2 2 2 2 2 2 2 2 2 2 2 2 2 2 2 2 2 2 2 2 2 2 2 2 2 2
left_child=1 -1 3 4 5 -3 7 8 26 10 -7 12 29 15 19 16 -6 18 -18 28 -9 -22 -12 -23 -25 -8 27 -5 -15 -11
right_child=-2 2 -4 6 13 9 25 20 -10 11 22 -13 -14 14 -16 -17 17 -19 -20 -21 21 23 -24 24 -26 -27 -28 -29 -30 -31
leaf_value=-0.080318640003806244 0.080032129085425674 -0.080017178691544955 0.080188356406060979 0.050858515254799501 -0.029558230463490102 0.067945522658101984 -0.06251122125566029 -0.079755863805142033 0.073582573536977863 -0.015970499546623589 0.0037293721465059115 0.080093973420457515 -0.069324742146592663 -0.080011002882869012 0.082201345842426707 -0.0073960439359832264 -0.080091182520567253 0.077526497796533381 0.049524913298132293 -0.08054096453303343 -0.080368031557139424 0.078167332816927046 -0.075887998137053936 -0.055950776338608128 0.08014567336005271 0.060487711252349481 0.022608219405745741 -0.062919122051551785 0.080449141039821301 0.077443309872221311
leaf_weight=0.015372112631439117 0.023812969603341227 0.052374743669588164 0.021129428880158341 0.0096238347568941007 0.088834176864111103 0.007999284007382812 0.004614232970197917 0.024255308387864716 0.045212732971776859 0.006710227091843989 0.01726518131499688 0.018738873885013163 0.016441404068245902 0.0025473066077666973 0.073114163940772414 1.065916355111767 0.013690477299178383 0.093653974472545087 0.018199539510533214 0.04013349373985875 0.015634084264092962 0.01402919695192395 0.049291634107021309 0.018919674548669718 0.008174306124146824 0.069042671876559325 0.040363389933190774 0.025412796547698235 0.0073032781151596282 0.009950467077032954
leaf_count=28 2929 5874 911 10 25 13 15 1933 97 42 20 213 13 104 7 111 76 6 3 46 31 10 126 85 12 662 20 58 2 8
internal_value=0.000158444 -0.000845823 -0.000195509 -0.00110992 -0.00415982 -0.0352355 0.0164192 0.00313514 0.0259501 -0.0166794 -0.0420186 0.0197625 -0.0143908 -0.000201237 0.0256821 -0.00268988 0.0207098 0.0562791 -0.00611965 -0.0569914 -0.0308322 -0.00992456 -0.0552348 0.0168564 -0.0148902 0.0527824 -0.0026121 -0.0316668 0.038955 0.0398202
internal_weight=1.91776 1.89395 1.87858 1.85745 1.58216 0.178772 0.275282 0.201625 0.120613 0.126397 0.0745561 0.051841 0.0331021 1.40339 0.123098 1.28029 0.214378 0.125544 0.03189 0.0499841 0.0810126 0.0567573 0.0665568 0.0411232 0.027094 0.0736569 0.0754 0.0350366 0.00985058 0.0166607
internal_count=13490 10561 10533 9622 6689 6309 2933 2256 185 435 159 276 63 380 159 221 110 85 79 152 2071 138 146 107 97 677 88 68 106 50
is_linear=0
shrinkage=0.08


Tree=148
num_leaves=31
num_cat=0
split_feature=4 11 9 10 11 1 4 4 2 2 11 3 3 4 3 1 4 3 5 3 4 5 3 6 4 11 2 4 1 8
split_gain=0.0221709 0.0134778 0.0149543 0.0174626 0.025681 0.0560215 0.0229717 0.0210272 0.0246776 0.0192117 0.0538052 0.0238527 0.0185883 0.0168762 0.0165354 0.0127759 0.0161272 0.0126419 0.0115722 0.017621 0.0107423 0.0175413 0.0241884 0.0153634 0.00955856 0.00914218 0.00908048 0.00778268 0.0137281 0.0114809
threshold=94.559548978153643 8.5000000000000018 1.0000000180025095e-35 1.0000000180025095e-35 6.5000000000000009 88.067796610169509 76.79487179487181 84.016806722689083 39.736842105263165 71.897435897435912 3.5000000000000004 88.418859649122822 87.877122877122886 81.165540540540562 44.459298871063588 86.72955974842769 70.320320320320334 84.003205128205153 64.56575682382136 62.047376642964885 61.651583710407245 20.521541950113384 90.478467908902715 1.0000000180025095e-35 55.059167663874497 4.5000000000000009 59.850746268656721 55.059167663874497 77.485187623436488 13.500000000000002
decision_type=2 2 2 2 2 2 2 2 2 2 2 2 2 2 2 2 2 2 2 2 2 2 2 2 2 2 2 2 2 2
left_child=1 2 3 6 9 17 27 -8 -9 10 -5 12 -12 14 -4 16 -3 -6 19 -16 21 22 26 24 -23 -25 -21 -1 29 -29
right_child=-2 15 13 4 5 -7 7 8 -10 -11 11 -13 -14 -15 18 -17 -18 -19 -20 20 -22 23 -24 25 -26 -27 -28 28 -30 -31
leaf_value=-0.080014380090648485 0.080029665670798611 -0.080119386007203808 -0.080208066414429957 -0.027442552036722506 0.02751015123730341 0.082072420827441817 0.080364659296516386 -0.044764569355160766 0.080113763856006423 -0.006787601837535775 -0.080084171010062516 0.076307601478059123 0.046968671945839209 0.080175475675902538 -0.078539669487927885 0.034858724731508896 0.035400142257857307 -0.080720554976021042 0.080291294274612984 0.033607058045196141 0.078028492281173145 -0.072868471063988569 0.080251945793830007 0.073722889476845938 0.053136495150759265 -0.017239687939943883 -0.030129436619570731 -0.06299086998432922 0.078327947433247919 0.048543129779274191
leaf_weight=0.039325135460330451 0.021982790969559685 0.038161428188914104 0.011871649345721269 0.0880619470071905 0.010064777680554582 0.066120568895712495 0.018483124685644725 0.046195644006729708 0.012971429334811546 1.0684376129838709 0.012638964912412121 0.087779513327404857 0.017677164869382977 0.025663603281827818 0.013034114114361728 0.012248077027379622 0.0097005122879636474 0.022015132431988604 0.016913011148517398 0.026666254922020016 0.017140678475698223 0.030485104081208192 0.040273245881508046 0.01242987872183221 0.0044104095213697283 0.016403185768240292 0.030863118479828699 0.042829717105632881 0.0062348525666493506 0.0068515498510350872
leaf_count=4398 2929 2396 100 25 54 6 55 19 385 111 76 6 3 1018 576 16 9 11 120 15 131 626 96 19 8 35 27 146 54 20
internal_value=0.000160787 -0.000787262 0.000462735 -0.00245379 0.000563847 0.0399844 -0.0264145 0.00588089 -0.017387 -0.00247329 0.0198862 0.0551785 -0.00600037 0.0187766 0.0116302 -0.0380489 -0.0567062 -0.0467642 0.0168564 0.0112599 0.0178108 0.0114209 0.0327015 -0.021238 -0.0569428 0.0219741 -0.000586031 -0.052745 -0.0335667 -0.0476092
internal_weight=1.87393 1.85195 1.79184 1.54569 1.3728 0.0982005 0.172891 0.0776502 0.0591671 1.2746 0.206158 0.118096 0.0303161 0.246154 0.220491 0.06011 0.0478619 0.0320799 0.208619 0.191706 0.178672 0.161531 0.0978026 0.0637286 0.0348955 0.0288331 0.0575294 0.0952413 0.0559161 0.0496813
internal_count=13490 10561 8140 5369 292 71 5077 459 404 221 110 85 79 2771 1753 2421 2405 65 1653 1533 957 826 138 688 634 54 42 4618 220 166
is_linear=0
shrinkage=0.08


Tree=149
num_leaves=31
num_cat=0
split_feature=12 2 4 2 4 4 11 3 3 2 11 12 1 8 8 5 4 8 1 8 4 8 8 3 3 9 2 8 5 4
split_gain=0.022714 0.0264704 0.0324548 0.0198295 0.0299678 0.0223548 0.0245664 0.0769071 0.0345498 0.0261273 0.0550121 0.0228346 0.0205235 0.0194697 0.0154121 0.0150295 0.0136182 0.0132498 0.0125435 0.0153854 0.0119591 0.0131003 0.0103338 0.0112513 0.0101671 0.0100151 0.00580585 0.00559855 0.00504064 0.0181151
threshold=4.5000000000000009 86.72955974842769 72.281323877068573 44.575163398692816 66.024884206702396 22.660960902548151 4.5000000000000009 90.287087912087927 88.418859649122822 71.897435897435912 5.5000000000000009 3.5000000000000004 69.631093544137045 1.5000000000000002 4.5000000000000009 49.753479221820136 46.885775862068975 1.5000000000000002 82.446311858076569 9.5000000000000018 93.643953676272574 2.5000000000000004 10.500000000000002 46.080151358789131 53.42089197352356 1.0000000180025095e-35 99.450549450549474 11.500000000000002 26.713615023474183 48.404074702886255
decision_type=2 2 2 2 2 2 2 2 2 2 2 2 2 2 2 2 2 2 2 2 2 2 2 2 2 2 2 2 2 2
left_child=3 2 25 15 5 6 7 8 27 10 -8 -11 13 -12 17 -1 26 -4 19 -18 21 -17 -23 -24 -19 -2 -7 -5 -3 -30
right_child=1 28 14 4 -6 16 9 -9 -10 11 12 -13 -14 -15 -16 20 18 24 -20 -21 -22 22 23 -25 -26 -27 -28 -29 29 -31
leaf_value=-0.080150381103692089 -0.072641443972280229 0.080860017792085376 0.080369187209704263 0.0045086694922884599 0.069940574048188625 -0.080011015270440661 0.069719825225859192 0.080610703964479863 -0.052892034838504437 -0.028649592894772608 0.0513666007770852 -0.0014514983013382754 0.041807264693185464 -0.080452389984241465 0.080197040122704857 0.048660415308785343 -0.063127694651661889 -0.063306088083301612 0.051412124310928363 0.053257298544016153 0.080171607974419731 -0.080267542958372864 -0.080286280119289816 0.038860532628144137 0.080049371620709617 0.018645874871921039 -0.031634914324579072 0.058640238343716088 -0.080066023994778385 0.080010637414491728
leaf_weight=0.034244891222669716 0.032715087886572403 0.047072850628865126 0.0089410152811524313 0.022085671015474762 0.037745169172467397 0.038354817124400031 0.085238879278676793 0.092195886511944991 0.069862909847870469 0.26496718953762843 0.0088195536138755415 0.77655940664408263 0.019470402512524743 0.038365769388065019 0.030275442119091167 0.011730568547591247 0.026994906068921409 0.016749498798617424 0.016904017522392678 0.0099482443672513909 0.0075083138326590406 0.025564947556858897 0.0080546743720333325 0.013700056127618154 0.0039043265032887567 0.010055719632873661 0.027093207632788108 0.027396123450671439 0.0063118783000390968 0.015976777037849388
leaf_count=2705 95 63 291 35 768 4681 32 88 6 61 23 30 13 162 685 37 325 20 26 69 7 98 25 54 232 101 38 10 12 2698
internal_value=0.000167484 0.027843 0.00204405 -0.0026953 -0.000475968 -0.00221969 0.000603401 0.0257297 -0.0166668 -0.00385038 0.0271455 -0.00837077 -0.0272982 -0.0558137 0.0400662 -0.037085 -0.0354678 -0.000987477 -0.0056686 -0.0317869 -0.0149275 -0.0270195 -0.0457806 -0.00525349 -0.0362067 -0.0511791 -0.059985 0.0344792 0.0660201 0.0346789
internal_weight=1.83481 0.172003 0.102641 1.66281 1.562 1.52426 1.40496 0.211541 0.119345 1.19342 0.151895 1.04153 0.0666557 0.0471853 0.0598703 0.100803 0.119295 0.0295948 0.0538472 0.0369432 0.0665586 0.0590502 0.0473197 0.0217547 0.0206538 0.0427708 0.065448 0.0494818 0.0693615 0.0222887
internal_count=13490 4197 1424 9293 6367 5599 460 139 51 321 230 91 198 185 1228 2926 5139 543 420 394 221 214 177 79 252 196 4719 45 2773 2710
is_linear=0
shrinkage=0.08


end of trees

feature_importances:
Column_4=932
Column_3=506
Column_1=453
Column_11=434
Column_0=403
Column_2=400
Column_5=397
Column_12=390
Column_8=242
Column_9=182
Column_6=126
Column_10=35

parameters:
[boosting: gbdt]
[objective: binary]
[metric: binary_logloss]
[tree_learner: serial]
[device_type: cpu]
[data_sample_strategy: bagging]
[data: ]
[valid: ]
[num_iterations: 150]
[learning_rate: 0.08]
[num_leaves: 31]
[num_threads: 0]
[seed: 42]
[deterministic: 0]
[force_col_wise: 0]
[force_row_wise: 0]
[histogram_pool_size: -1]
[max_depth: -1]
[min_data_in_leaf: 20]
[min_sum_hessian_in_leaf: 0.001]
[bagging_fraction: 1]
[pos_bagging_fraction: 1]
[neg_bagging_fraction: 1]
[bagging_freq: 0]
[bagging_seed: 400]
[bagging_by_query: 0]
[feature_fraction: 0.85]
[feature_fraction_bynode: 1]
[feature_fraction_seed: 30056]
[extra_trees: 0]
[extra_seed: 12879]
[early_stopping_round: 0]
[early_stopping_min_delta: 0]
[first_metric_only: 0]
[max_delta_step: 0]
[lambda_l1: 0]
[lambda_l2: 0]
[linear_lambda: 0]
[min_gain_to_split: 0]
[drop_rate: 0.1]
[max_drop: 50]
[skip_drop: 0.5]
[xgboost_dart_mode: 0]
[uniform_drop: 0]
[drop_seed: 17869]
[top_rate: 0.2]
[other_rate: 0.1]
[min_data_per_group: 100]
[max_cat_threshold: 32]
[cat_l2: 10]
[cat_smooth: 10]
[max_cat_to_onehot: 4]
[top_k: 20]
[monotone_constraints: ]
[monotone_constraints_method: basic]
[monotone_penalty: 0]
[feature_contri: ]
[forcedsplits_filename: ]
[refit_decay_rate: 0.9]
[cegb_tradeoff: 1]
[cegb_penalty_split: 0]
[cegb_penalty_feature_lazy: ]
[cegb_penalty_feature_coupled: ]
[path_smooth: 0]
[interaction_constraints: ]
[verbosity: -1]
[saved_feature_importance_type: 0]
[use_quantized_grad: 0]
[num_grad_quant_bins: 4]
[quant_train_renew_leaf: 0]
[stochastic_rounding: 1]
[linear_tree: 0]
[max_bin: 255]
[max_bin_by_feature: ]
[min_data_in_bin: 3]
[bin_construct_sample_cnt: 200000]
[data_random_seed: 175]
[is_enable_sparse: 1]
[enable_bundle: 1]
[use_missing: 1]
[zero_as_missing: 0]
[feature_pre_filter: 1]
[pre_partition: 0]
[two_round: 0]
[header: 0]
[label_column: ]
[weight_column: ]
[group_column: ]
[ignore_column: ]
[categorical_feature: ]
[forcedbins_filename: ]
[precise_float_parser: 0]
[parser_config_file: ]
[objective_seed: 16083]
[num_class: 1]
[is_unbalance: 0]
[scale_pos_weight: 1]
[sigmoid: 1]
[boost_from_average: 1]
[reg_sqrt: 0]
[alpha: 0.9]
[fair_c: 1]
[poisson_max_delta_step: 0.7]
[tweedie_variance_power: 1.5]
[lambdarank_truncation_level: 30]
[lambdarank_norm: 1]
[label_gain: ]
[lambdarank_position_bias_regularization: 0]
[eval_at: ]
[multi_error_top_k: 1]
[auc_mu_weights: ]
[num_machines: 1]
[local_listen_port: 12400]
[time_out: 120]
[machine_list_filename: ]
[machines: ]
[gpu_platform_id: -1]
[gpu_device_id: -1]
[gpu_device_id_list: ]
[gpu_use_dp: 0]
[num_gpu: 1]

end of parameters

pandas_categorical:null
